PC1,PC2,PC3,PC4,PC5,PC6,PC7,PC8,PC9,PC10,PC11,PC12,PC13,PC14,PC15,PC16,PC17,PC18,PC19,PC20,PC21,PC22,PC23,PC24,PC25,PC26,PC27,PC28,PC29,PC30,PC31,PC32,PC33,PC34,PC35,PC36,PC37,PC38,PC39,PC40,PC41,PC42,PC43,PC44,PC45,PC46,Class,Class_Label
3.2622906376094734,-0.37798971815931803,2.3877660744097327,-0.3815061734222011,1.8586244632629478,0.8202933143242144,0.34877982361961724,0.298814886312965,-2.30692859080932,-0.6444657191002993,-0.6215714174402536,0.32488222142641077,2.0144534380667203,1.2056113427678985,1.3340713772791877,1.2678487723297822,-1.2286750180627746,0.24543501239752674,-0.7356182612173822,1.4899818745059163,-0.78131227463401,0.8076132369461403,-0.900401355061363,0.8676073596099124,-1.328058641493763,-0.9179574475405846,-0.1733856375937335,-0.19597159088179075,0.8804540977014634,-0.06905416314513556,-0.8880166542266794,-0.2902680324067971,0.4303639676850314,-0.6700539441736145,0.11152520219926586,0.04822127604985637,-1.3078848525423106,-0.13429584760559818,0.6094762736107135,0.975569495116899,-0.944703811728249,-0.5013631478567889,0.19021060466308876,-0.2424180204048574,-0.7161117335342277,0.18931700924627273,R,Rock
-1.2979040904881565,-0.7758175360665077,1.0524631423964292,-1.2246403043078922,1.7447335158602781,-0.5750821448936805,-0.46199705319329537,-0.2842966375740263,0.42658058056008574,3.6453567090140155,-0.030409339227370245,1.231187493878584,0.44045206109435153,1.8305187199693695,1.5759444004887582,-0.9569677469857657,0.7266562052996431,-0.1330932583481202,1.1060991727778349,2.110618694641018,-0.10284313330915155,0.9172460349041114,0.2537775428583573,-0.5297163526146703,1.6878062533602962,-0.38536855527760927,0.6159663629753418,0.3206448715703754,0.9513819354161986,0.7574693187624606,-0.8287866567459006,-0.624790808744164,1.3471814107345095,-0.6243955911555518,-1.7564221870849714,1.5824993025513072,-0.8062290299722805,-0.2851807081400467,-0.2945886716498051,-1.7169484297448223,0.08356498282670813,1.0396270925789128,-0.5787012078006935,-0.10751431211674288,0.10368719895361536,0.3571859024902704,R,Rock
-0.6075223505743249,0.9739234044832629,-1.8344817381324063,-1.7572433565295646,-1.2503366960044773,1.988377292083911,-0.6960645256034242,-0.29358485106318016,-1.5446413552943228,1.0146052670573107,0.7885678152553837,-1.9386351793265653,0.5697657121168664,0.9716848054829573,-0.5785429802535665,1.8267255409426357,1.2073371493686056,0.09394899160487216,-0.4329971432482816,0.08779307731442156,-2.0572120330326253,0.02563747817016483,-0.6157408633889826,0.6942197141093913,0.5833830663241416,-0.5439515421531844,0.10244518450710889,-0.4840992482233044,1.241848505669115,0.6874606099257511,0.14766708115567792,1.0435339928721425,-0.8116243495199804,0.5548696765386621,0.7764485300114775,-0.06415550178832446,1.6701448399140506,-0.2794945687122583,-0.9027257050880634,0.8760555858660537,0.6767962725047466,-0.4166162747251857,0.19854579486544666,-0.32578729098162973,-0.01550081848458242,-0.22967459757134973,M,Mine
0.060370567914424376,-1.2294376882464666,0.4140122236071529,-0.5163639097566444,-0.8921150193592109,-0.5595321846177532,2.462314108773477,0.24980873924218358,-0.8009740125446637,1.9148283639109607,1.8896482987883871,0.35022294656093617,0.9386137378402845,-1.4951126039001013,-2.0047708213877304,-2.0096287585019597,1.0824544268419463,0.18829106037863755,-0.12723629685945365,0.6532491085986517,0.7627956545727407,0.761127212376692,1.5917728255919896,0.8025440929097039,-1.241581707422905,-0.47952741749580147,0.40292690892701377,-0.1974117310607031,0.5625528488139502,-0.9948417419964021,-1.5321450062936848,0.814879461194638,-0.7482335897496305,0.9099020182961882,-0.13202386637273736,-0.15424016459760578,-0.15737278688331954,0.3722220373737623,-1.3006547068240313,-0.51405719474513,-0.37451671540849585,1.3448912385454734,0.18886937884284977,-0.7201980910532829,-0.2345831781164826,-0.012026692182395294,R,Rock
0.5552183716244994,-0.13511926089534107,-0.3911668796031943,1.1098996273567046,-1.0680349105058493,0.2865450268049264,-2.3535107746183836,2.5692280778378844,0.9181086728143394,-0.5312315725994594,0.018280963007186492,-1.978586518952138,-0.45198619323962674,-2.237676049860199,-0.6573784096116843,1.37540502266054,-1.3009323127418975,-1.951305824427095,0.859687921059746,0.5202365489769674,0.5503500367357661,-0.45893911684538924,1.7196950960970925,2.21525039190914,-0.8411034849934926,-1.7309081972732554,0.1701359427532058,-1.1163015543841737,0.5437592822903535,-0.5355507050971956,1.096050104688579,-0.24075773070193945,0.3970287714591233,0.8811064921336353,-1.0219581830878965,0.023504584827783125,-0.42507884557331954,-1.4163972595821634,-0.450145792824426,1.0655780961629668,-1.2694178034114942,0.7927954689414424,0.3078528805027457,0.44748873375373793,0.8838808673575813,-0.007492471510377929,R,Rock
0.6952720268643965,-0.2052118609293524,-1.3096799857351658,-0.2654364310890337,1.5602510678442356,0.6332244847432537,0.2955494109446966,0.12192250876261318,1.806386387110574,-1.2124055082944765,-0.37250596018515747,0.2725872759118205,-0.1843380123191209,-0.11082021168084848,0.46736988351789077,0.8098112031264577,-2.304091528312417,-0.7379987654690451,-0.791663027935504,0.22660557430289294,-0.4050083129220043,0.8250392283207187,0.4413800841768568,-1.5992095741459604,-0.3908877260558248,1.1267593182533324,1.866424594590558,0.3559997401026059,3.235143451969468,-0.12181225703716218,0.20605660875971554,1.3000761749522831,0.5545889001698757,-0.7048346825363488,0.11408936667892823,-1.442908648217866,-0.11234785063885909,0.9788711254382535,-0.4549852779571158,-0.38329322785982206,0.07233424544487459,-0.6047474971769521,-1.0246077492141776,-0.24290994277491365,1.4927352267556584,0.6271768905653664,R,Rock
-2.1549748144673013,3.0341713262729932,-0.10491953787196605,1.803806876139183,1.3687650973306411,-0.5160102989512305,1.6133201588920427,0.7430341664052784,-1.430122319699055,1.1169467691693815,0.38342580408442045,-0.682695520690881,-0.5739838582732364,-1.011019852508657,0.6868763209500816,0.5098265914039677,-0.21771116167950572,-0.14883208840723075,0.1578527008814247,-1.597581922441205,-0.45363308645648626,2.260283728694133,-0.68969498668626,-1.4814766943806696,0.37299822723689524,-0.7815711490367035,-0.9346463910982563,0.6786261527142107,-0.2568861582248004,0.6688003574717832,-0.5615791924121761,-0.9952669205841516,0.8108252765931186,-0.08678570331184217,-1.7466997058898552,1.0058791883832696,0.6629572276380972,0.8776591669002182,0.556188574855687,-0.4103275118934139,-0.10172523611052657,-0.19874724865269186,-0.9655697508867079,-0.10435801935876567,-0.6117204310948872,0.4654413444263056,M,Mine
0.6728887890751372,1.3981384640555554,0.7065140373512028,-2.2680848155105218,-0.5247110706894751,0.5802430274522796,-0.9527430868140625,-1.6057361897311757,-1.8140289364273618,0.5754716030145377,0.41633465282751525,-1.4729907717050916,1.3249744320122374,0.4214521657212737,-1.0640396038281486,-1.3264623508636797,1.822303113285416,1.1685599866187157,0.12184406173705069,-0.5056063133554638,-0.8940237148109819,-0.12071473300082092,0.09758093314096954,-0.6480181363726438,0.8547130563437297,0.3920016756722423,1.4498138986780729,-0.6998610951499123,1.8606598161007288,0.762978723762074,0.3833439786888246,-0.3478768760251224,1.107580745200197,0.4474516326876149,1.169711988420621,0.34061169456615425,0.8162576268436251,1.9586486253493711,-0.6418588130850124,0.6745033121549336,-0.8493233178534799,-0.011016084024276366,-0.9753234357389832,-1.7142597130000057,1.1161644419624661,1.7125137652476763,M,Mine
-1.5097604594883551,-0.940564800389217,1.8664951747117442,-1.278158807222149,2.1541462210554165,-0.91395110020773,0.44360084657427096,1.5149183809220814,1.7223680844817788,-1.293965434815715,1.0142292828771249,-1.6038325393013209,-0.6196094332070708,0.5730550799934967,0.4949591496742714,-1.559600479158426,1.3314893073902574,2.0380087515802003,-0.29300270595051386,-0.4662284509928246,-0.9501830501375964,0.3546496281204442,0.5029087627434894,-0.3407389512079341,-0.03122513239374217,0.9721430410761085,0.26179715828235467,-2.101894314138823,-2.8183199787159947,0.05760090085553074,0.33162760876878583,0.5445186259517935,1.3854078128728793,-0.21061477403532913,1.0010850315894166,0.02627024701995194,-1.380690653894913,0.2672361277029705,-1.0346756890649575,0.802295395219008,0.22797173970019993,0.790930383973392,-0.18728863848241786,0.5844194585785863,-0.4261322829477111,-0.6469640081940141,R,Rock
1.8513651309550698,2.1147810456485807,0.4567391036689766,2.289489370084687,1.7982280038166172,0.4569759725743329,0.7386938103623586,1.389853415071717,-0.5069980769619186,1.303171511465408,-0.3243353145263002,1.327473323936361,-1.0027105138102166,-1.1792854284421892,-1.2239351996573529,-0.7713602865679687,0.08093587372420853,2.1216704854537127,3.113255199262123,-0.6368982954546635,-0.8303292824417958,0.8028258910813906,-2.0474264361885983,-1.2713381869095421,1.0754674411989593,1.1121816135609834,0.06241454354736683,0.8644193974454445,0.55078816950032,0.5723038464964412,-1.075442503789632,0.03214497517706544,-1.0875383135192833,-1.559010315053283,0.12853629383089943,1.0377410896496637,0.08412261230324079,0.08351398195726262,0.7727366149864128,0.15216897224994974,1.0313162441726857,0.39630193404463715,-0.39716707899302145,-0.5767423771039726,-1.0138312379616794,0.36985045270607647,R,Rock
-0.8855003004810361,0.014218576327324458,2.4200312334890666,-1.2758080494659345,-0.5571677695694959,-0.13887185716428668,0.0873636710595659,2.218073379082678,3.1287734562101437,-1.5009452328350645,0.7834824293890174,-1.3800974382960887,0.5579322708091068,-0.42707214453771153,-0.1705814374697401,2.0208194060169693,1.5547666097358195,-1.909105709360457,0.6689204148712328,-0.46116189212026854,0.7436185312188432,0.49464797782108577,-0.08593691529621043,-1.882927768053124,-1.3168193859660218,-0.3579042150222626,0.6832824503021495,-2.139558931412013,1.8835283609298494,0.9312663233131486,1.9184442055396593,0.34339324450803943,-0.242385198245641,-1.1224485003969746,0.953581867898004,0.07344278556527516,-1.112291397158584,-0.28228335845146946,0.5339202489762519,-0.8741971043975182,-0.3215099430931436,1.1861982270748583,-0.17874927213363545,-0.7025490032805324,0.6536672141504788,0.11320050346899009,M,Mine
1.3838686271063185,0.3195790448920258,-0.7518988584817689,1.0519422714887896,-0.6417717836765716,0.7450266827286476,-1.2996086207911797,-0.6374077045698344,0.232700342681571,0.0863787465185095,0.03945553809659384,0.993549516288863,-1.9846591197011827,-0.30608887948568064,-1.1806594322140012,-0.0011586056962365559,0.19958402971101447,-2.975735593797365,0.13523893930399744,-0.9481899882097174,0.24228888284597763,-1.3044629575776143,-1.4111895092977054,-0.37446382649095067,-1.1260033723340825,-0.8457671811152542,-0.33785843906555024,0.8601465236704435,-0.6228525680861197,0.14746772841368247,0.2727434366889837,0.39875607870812,-0.005528059813600751,-1.4667108416085557,0.700842389750573,0.762765307462039,-1.3558186970698238,-1.1284670703605102,-0.3904429699338297,-0.009717882949406769,1.140349398950976,-0.3384888813188268,1.5691065508477782,1.4222009754559948,-2.028291134403495,1.7661005738658806,M,Mine
-2.2001248896718217,1.0934731146065213,1.0663266482032676,-1.8054882074023966,0.37615112278680474,2.9288149125046012,-0.44641347029111694,-1.2470946014184419,1.379368433257999,0.5042405773920944,0.5725076318589465,0.8357834640321996,-0.30044043053676733,0.9065371048158791,1.1353553007480783,1.231742542300231,0.6710329401663244,-0.5287043763146423,-0.3252038949145042,-2.3354567543314815,-0.4124610491499835,-0.6612267028857145,-0.13492459752655847,-0.31066471838706106,-1.0084047846607092,-1.7035779128714372,-0.9422232998288663,0.40911587906624913,-1.052785562940589,-0.9081644736881621,-0.2014021804716768,-0.28084896240676915,1.1448418003692773,-1.4977179580450666,-0.9437258579350836,1.2028799610533112,-1.2701881993632016,1.9042818079433903,-0.06149380431350212,-0.003722767846248694,0.06495463178908688,0.25832309181694296,-1.6630077416336675,-0.1602520027188136,-0.21317403426704074,-0.054505401830314444,R,Rock
-4.092125190649487,-1.1393445517228171,-0.3036038160535726,-0.4258482188242114,2.993343508854318,0.47044537874768316,-0.09762735662139131,0.7924182100083614,-1.071425177636986,0.20192776839440177,0.13853145050790047,0.9498879269522358,0.5641705025363744,0.19013919159685252,0.0656635928951563,2.4444936181743206,-1.0699412540117776,-0.7596861133480696,0.4288169534537448,0.519567823223989,-0.09837767463191664,0.3878984213046644,-0.3112586366646743,1.862371768361037,1.3248067657222198,-1.583384594151755,0.2864126998816437,0.42775935538590626,0.9108198513640666,-0.0832414505044408,-0.12104924879551311,0.8247928883412219,-0.290866366993878,-0.5129144804936792,1.4682461102324966,1.1438814420733923,-0.44804285617354717,0.694208244802523,-0.5017800261078725,-0.3156448846628949,0.33794626722662136,1.0298502680178248,0.20823093175839502,-0.9853580979769736,-0.20251324527955097,0.3232482199831599,M,Mine
-1.2660574146574564,2.1607813654405916,-0.32135922694057023,1.4959646495203718,-1.7910231700597778,-1.144094858345701,-1.0370185573254858,-0.8645255613840903,2.6014673751925184,-0.7813009557311554,0.883603450924739,-0.9588406951109519,1.143553189440195,0.5256876495779024,1.2329691371473495,1.450874549101058,-1.520762194224977,2.2438392259301123,-1.416265627438788,0.6428057804023822,1.5486290180557167,-0.9429894851902876,-0.18120841655210648,-0.018073707455830028,0.6700275558876296,0.7103829432424247,-1.3037199661922256,1.432838345224997,-0.6505487490654666,0.9250487106682418,-0.4422910185231372,1.8988766918254991,0.28876530315950893,0.5825371589565006,-0.8109534641103009,-0.6621048832750047,-0.8783543599704772,-0.14330514407583717,0.28477750823323855,-0.9636385615632425,0.20035133569479166,1.226434740318398,-0.3920009379333603,-0.27623389171837487,-0.3761381854189655,-1.6182910516547957,M,Mine
1.804598649304835,1.1488821867685524,0.7556602004534564,-1.986716242902352,-0.822408655259909,0.7191567976910784,-0.4624065131941852,1.9338304216621391,-0.22167901245242264,-0.49154237667965806,1.6880939965475734,0.3500398794473769,1.3559844754666404,-0.27459891684850324,-2.5045349431795807,0.8393458232641523,1.011712081320399,-0.4992978292262426,0.6571642585879396,-0.5585569351760535,2.121518317053582,-0.6671271243030741,0.3700010259274261,-0.9810999718336719,-0.7367962340133857,1.405069477732489,1.9536889771286658,1.2078622976122777,0.14626552592646921,1.2634417664715683,1.9206765071636556,-1.4375542965731234,-1.37846762699707,0.7216390680422614,-0.17223752874023893,0.15815776828930816,-0.4187972323437085,0.571883009680586,-0.8259762274722277,-0.7289779298807467,-1.275824260349038,0.28494770465386615,-0.16396443582858483,0.6233106560068149,-0.1641360763379535,1.110597438675125,R,Rock
-0.7805045081058539,-2.7756573474323183,0.3012068703160284,-0.39793811446887584,0.6075641898647236,0.27674119778904355,-1.7562524612879684,0.3910675371827496,1.6700034085250264,-1.6813155373924142,-0.21245833350524304,1.6631729061295573,0.12221982361266036,1.2836183629085929,0.18569212871273763,1.0966384041537398,1.7159649742123038,1.0894089649907759,-0.44841018949482403,0.11557333827927933,-0.3040569410559101,-0.0042762213123792815,-0.872729051690367,0.553895961283203,-0.10593400827955081,0.3955452781893849,-0.46961084713585793,0.26563424209732883,-0.7468512115984219,0.24218400579736388,-0.24747942574130177,0.07033128604899617,-0.5037789302686076,-0.5032485091324387,-0.7037093567681226,-0.6320913157292846,-2.338242503987966,-1.0183473797482385,-1.393741067068185,0.680946377124739,0.983995733828002,1.4610970916507835,0.792159394584413,0.32273079638645613,0.6983486628026412,0.7362610478157863,R,Rock
0.10166879507870079,-2.6470310707646973,-0.9463392401368602,-1.2236893284018893,-0.2972579235218249,-0.9743773528786142,-1.4398261065877838,1.9845412164361567,-1.3275611024066363,-0.234978894245898,1.5982449925805284,2.1596669684270893,0.14435640756159196,-0.17136560432065476,1.3077463708731223,-0.393785135508298,0.5123393968732678,0.7137050347055082,-0.07001430804661045,-1.0504735283151239,-0.6289752997318675,1.0487345168497473,0.05310180538372783,-1.0875128112668693,-0.12460961810533722,-1.2907967812674264,0.6657411899901566,-0.24359882384200232,0.8600377721992456,-0.2509116593932485,0.1571088176432579,-0.6806393229361082,0.7670898105721891,-0.9001764421380104,-0.8850881786303207,-0.19384454555049527,0.3989919603477826,0.5451342226071421,-0.56195404474612,-0.04417597561168214,1.8598635833520396,1.4884836132153358,0.7787715924714917,0.3137982818030405,0.7246895076054786,-0.36167283735466915,M,Mine
1.2826306696075311,-1.7590413010602794,-1.8224956001551262,1.0756484629310639,-1.090201766251524,-2.8773795742049937,0.4211440191771017,0.8917497569960312,-0.4145719053182803,-0.42547961571559073,-0.2825358713330738,-0.9643918253152378,2.2989627694113706,1.5357594277158217,-1.6082139853666526,0.9722039546494662,0.6042677557643232,1.7981811287116067,1.5155200498042027,1.2981263942737666,-0.05802249272845093,-0.5334073390645984,2.2209355173244076,1.4868042829040926,-0.08805808336229323,0.04945196046659129,-1.270789738268394,0.5742552477997548,0.4170527356989566,-0.5080493671632209,-1.0264781307441448,0.41002298391729797,-0.7308517917384171,-0.9738316616247078,-0.2668629045049478,1.0235733354272818,-0.5346181424492853,-0.10715501633103913,1.046784781839849,-0.04474853217021141,0.7877191948066841,-0.28616076705939725,-0.611612381814451,-0.14892007482671507,0.08172086500952722,-0.9851418085195291,R,Rock
-0.5994464744034165,1.1077347169083014,1.138645999316095,-1.437661434956018,1.52093775522118,-0.499835902113624,-1.3998570717430863,-0.04929079466097557,0.6890579980180463,-0.5477748494702573,-0.9613776795190397,0.9451583588462183,-0.9554274006646399,-1.2221112432518983,-0.9435701225980876,-0.5020750871981805,-2.490157999458712,0.31172130526977465,0.02691508072195048,0.31080689399549283,-0.29755558378058106,-1.8159144172334123,0.08369059376828047,1.2992843660635183,-1.8575030788711842,0.03698131538366139,0.30260782161008115,-0.3053664044309786,0.5080828705280519,1.6576506356498282,-0.9997581521191515,-1.5536832393101274,0.4885910239279758,-0.34122806007493367,-0.31051920492284385,0.5637299115476838,-1.631999150228078,0.13149937165720832,1.2927080333266234,1.9427372672949934,-0.7299160577400483,-1.476019917682484,0.05759618214261942,-0.6577257657712625,1.7101393175719184,-0.6915503540645779,M,Mine
-0.1967538095456182,0.6434171823645224,-2.0626926332962014,1.1872486176992905,-0.0503508705578219,1.4431827328203601,1.5185476901410424,-0.9443225223945467,1.8374940627076082,1.9892348569525258,2.184265716455973,-2.0786891361448347,-1.1360675995487275,2.5806188584962166,0.42258763363654356,-0.6336019579577495,0.48765431757437855,1.072840769568581,-0.06116554067996405,-0.86111995249187,-0.2914834333479318,0.2675800202520995,-1.0422143877319903,2.0956069735306433,-0.16416328965662735,-0.15150848621900503,-1.3063754998097394,-0.5095714726554135,0.6018773250346635,0.8881865401019394,0.20873701358360958,-2.3941604998773958,0.692260783643309,0.02769164253975221,0.5244592050762982,-0.18285875263374807,-1.8489202513881815,1.3480495590366264,-0.5222222307127867,-0.6594333364886013,-1.4825773121329195,0.05557810978446917,1.3901617853034416,-0.0480982263548308,-0.43601512383958163,-0.1601304506125037,R,Rock
1.9004058598462417,-2.072838957027138,1.6447657814368084,-1.1749537913921648,0.37595176293611415,-0.27871951142242535,1.7276489834136342,-0.3398068629722881,-0.19451337408804828,-0.8176993779299336,0.5872406160324553,0.37892690087097597,-0.8761943018765216,-0.27282800116605016,0.7250187580665174,-0.13205000595051045,-2.297563705649686,-2.1094638198274103,-1.2872227531182951,-1.1409300667895,-0.15637377054321946,0.6147703831086322,0.4911240360872937,2.5183707068334034,-0.5699437935514399,-0.38663225991369876,-0.0002538342411247235,0.6814843276920162,0.13690321801372904,1.0892132989772225,0.6069707165035751,0.0919768710837775,-0.3690980716336103,-0.25781359216409216,-1.099520645734303,-0.1847842468449807,-0.6393179421646746,-0.8753539785004271,-1.1516246420742358,-1.8763542880036024,0.2879546481769943,0.4840426149334602,0.13873388170084477,-0.2929330495854392,-0.5058158741345811,-0.3885667688723091,R,Rock
-0.2512559827819766,-1.5150850432657856,0.1678585531486982,-0.3691408314631012,0.09287763571581222,-0.15978105939344553,-1.5617314157886455,1.5864826470178381,-0.0049052261230873315,2.7561218177505364,-0.3816173769027987,-0.7243722468604317,1.8223264915131352,1.0702290624192705,-1.0540954447152981,-0.39147353966376364,-1.7414225523865445,-1.189545405736485,0.10000807236409112,0.8671655564577505,-1.6161365919120836,-0.2871817570283931,0.16093305384574996,-0.5472517479354061,-1.6605166126678341,-1.6894040287657217,0.695943619166094,0.9847343822385622,0.0929861841189758,0.22540312596003587,-0.3223119507461996,-1.306942377652662,-0.868041641807739,-0.08559225188827539,0.19062712598923282,-0.7301425542657882,-0.16788361291664924,0.5507153661306553,-0.10233502992773016,-0.3229216439304285,0.6707802432753014,0.4753713197692832,-0.5891499456673032,1.2312871879451937,0.1340224355055375,-0.3775959410357933,R,Rock
0.2771296159445392,-2.3513235328823545,-1.0639539717144824,-0.047217517809032654,0.45060146723151356,1.3233060500212224,3.267347604149974,-0.1582624834274223,-2.148346051545368,0.8914024896173541,0.2795749932035406,-0.8765312238891962,-0.6995352145125566,-1.6383860763601927,0.5144073405235488,-1.216759770515458,-0.76050453201677,-0.13231016649491908,-0.35480085353047436,0.5643802415572027,0.27086965446025113,0.361988969501369,2.1030282485173983,0.2690467177277569,1.4381458329175003,-0.7375088468448501,-0.05572725577548704,-0.6873893125474926,0.7165310274955905,-1.156678909077176,-0.27066170071687906,-0.8884018054274957,0.9447238081992556,0.9225795291781852,1.1934286170320627,0.2891216930918492,-1.019010664720482,0.5280506132661907,-1.197565847116403,-0.2732760404267178,0.3291840988772262,-2.2416752970601355,0.11116424944627873,0.3947707737093027,0.17428650082142208,-0.465453221374069,R,Rock
0.22757098808107762,-1.2507387015658293,1.9624503931141146,0.010507219956880871,-0.15350179703770472,1.1137959497984236,-0.2508037013191187,-1.3428147720098937,-0.1974956977542327,0.9085894806405356,-1.7006580934495017,-2.924453429272762,0.4036753603857774,1.4915008560712777,-0.19962090414793926,-1.8409069266656162,0.7643901046669859,-1.0605112466016464,-1.0038201293444164,1.5381879794168265,0.3635395751687344,-0.8979647169086807,-0.6146206707401852,-1.3062229365358984,0.699536333821438,-0.7660164477447986,-0.5534415054096656,0.16421731282111457,0.6600457040658468,0.2511208071465228,-0.270078936801274,0.8004666331169153,0.4581837637198787,-0.8237565461968507,-0.37525346891391853,0.701225816437894,-0.348042194458008,1.78401603826301,-0.6262275597750916,1.0037128213622983,0.5952428120372848,0.82900254599144,0.3194488576060057,0.8338044937609284,-0.8013520443009026,0.39127666662867217,M,Mine
-0.2558666015136672,1.1449862523606775,0.507619677053079,-0.3244723297251358,0.7103481266440541,0.8601581923660873,0.9772738846611586,-1.1359047333758474,2.1448184124456326,-1.340651429196373,-1.2485521551323793,2.1549672239171005,2.016617605497993,-0.25715913603778245,-0.6068775057513759,1.0173064437796464,-1.3105898862816039,-0.6785325398555871,-1.0388389843641328,-1.1109550207953454,-1.6637146649933823,0.41741168951306973,0.6268210782445226,1.357623992777661,0.6731506892848803,1.387989523633319,1.0679000541969226,-2.0401924945315444,-1.7896101508463118,0.11823513911368835,-1.0856564979405057,0.5100720365129144,-1.262278671817924,-0.4329923427066745,1.5884296295781744,0.7087247359609942,-0.10962325689633758,-1.7638406447780361,-1.5180956874954017,1.458894521383677,-1.2091611524806702,0.07243117999988703,-0.21492995425281108,-0.11357754247107892,-0.7439885026080134,0.3649949116050165,R,Rock
-1.496674289890443,-1.939466308761163,0.48504763860472044,-1.014871688404959,0.3847436765954231,-0.13247161409149077,0.44917709285672724,1.005985899118951,1.1986075750736402,-3.9467839306584236,-1.6703348585557654,-0.2939330583396518,-0.2685014234682969,2.0414838615945725,-1.1439030702278052,-1.1670470578149557,-0.6858251439806624,1.688239041741393,1.2054634749697568,-1.0821853498597067,0.4406422390723297,2.470898837154563,-0.42208182886103224,-0.888954105948752,-0.0043243647591602544,-0.7963438202442494,-0.1438027315727828,0.40182448112639507,0.8657915338632713,-2.1365956406077675,-0.9851744937696446,-1.5530099830709423,-1.3069996129569443,0.2839737016210864,-1.1405315088212227,-1.0512347844253802,0.507720091819242,0.26605460250108326,-0.5341413396346517,0.6422869314694338,-0.23575978897515637,-0.7173417817246981,0.16643398643928914,0.6749752294160598,-0.23992722461849095,1.391429825086356,R,Rock
1.4506752926291289,-0.37343854082404687,-3.004881592461206,0.8371635903600783,0.30422614480242094,-0.6105468039616724,2.7618063593689897,1.0141575832961627,0.6443803525853028,0.6563557491203108,0.2575948722347328,-1.6726953516725698,-0.5699001481591699,-0.2894932220888728,1.1166932029112693,1.356660301433731,2.2211116683853063,-0.06741835038522864,-1.2042842963704234,-1.341357394598556,-0.9141004228085419,-1.3270334444883924,-0.2306424830548429,-1.2671397551793389,0.06714459061445359,0.3852914539489269,0.8116550900557158,0.7696260005608737,-0.244751362354381,1.172555848901237,-0.8853034520869464,-1.6000556431162678,-0.01016743317756801,2.4658411032826097,-0.32117165774193096,-0.7895170418623677,0.9098464278243928,-0.3902477526404268,1.3786502807192307,-0.7897018670284505,1.7103885540416377,-0.34668026852618583,-0.06997427408675212,-0.4321941294223689,0.3143385830170052,2.134015480683936,M,Mine
0.5697538093971375,0.2295212596769251,0.4479145192527008,-0.9729192929345282,0.9833091168834694,1.16999570529178,0.42336808873047826,-0.9950196231606301,-0.5578351241862789,0.07463223883823733,1.0788431321812648,-0.3206815177800256,-2.3562297973797226,-1.4169822860628067,-0.4407394778523128,1.447519115500327,-1.3040241523389813,-0.9010531391250576,0.04798792112917498,-1.8907320686711764,-0.029625215565189468,2.12975720918695,0.5365121821008266,-0.9554657456489488,0.07378394839764003,-0.05121099698631446,0.8779684180713726,-1.8337762087988203,-1.7894634867490307,0.2869608503530813,-0.9306251370766695,0.8619514276873859,0.8676819761719752,-0.49945494907109894,0.36260734691990376,-1.4164838246783895,-0.7779837469909171,-0.4050490930262483,-0.3769936215529179,-1.3481263469611853,-0.5323463258564056,-0.4226427660139536,-0.09257246215071253,0.3539563136549508,0.5190565343184861,-1.4098738372883015,M,Mine
1.317568103719203,2.2111563300367467,-1.299443785054993,0.190054094674732,0.10684459493991515,-2.0368317441696178,-0.23298066075977694,0.2781047746423967,-0.5053907462515829,-0.8705264745430082,-2.504585792536998,-0.3957819813418674,0.27278501305758823,0.7944865409351008,-1.5667453123732018,0.7027733286122547,1.105423484510951,0.28785739069815686,-1.2429491662564272,1.5549456160039659,1.9269995226036023,0.19599731667845235,-0.18520984160823742,2.5441897112285194,-0.5082349068812283,-0.4370408678841446,0.19357950264455417,0.02575076106600165,-1.6489334034831629,-0.20006719827073688,-0.20473696840715241,0.9265813492577238,1.525809311620878,-1.2162659809867584,-1.1241675757098437,0.047064327915947814,0.8913264729215763,-1.2276808864078166,0.15859569133239376,0.8390671959447764,-0.29267718173796303,1.0083363464599013,0.39558312970489473,0.07545839757116687,0.056276553431386725,0.6295262525555373,M,Mine
1.0300567119413429,0.6799592711702219,-0.1703754497860474,-1.1522128610384055,-0.7805974324691201,-1.0954911414902557,1.4454377153664366,0.3203875977248869,1.6577978496945622,0.5244953144502664,-0.199525107358353,2.244437759499232,-1.5081273129174062,-1.476530916081249,0.40559322321076524,1.0722602704498796,0.7181380209995335,3.166227982976724,1.34194828859767,-0.006773871016398722,-1.431532771554696,0.46157503428932345,-0.13178565417234603,0.2735970577875166,-0.2960547762103819,-0.931499354686064,2.0016446741211835,1.0134121346935168,-0.29256621137685124,-1.0348950527427248,0.2705578546656263,-1.0535097325537015,-0.5335688349231779,-1.2175895246212562,0.7008801628585484,0.48203890326208104,0.7535879423596401,-0.4128598484549056,-0.6373203318735916,0.025612921988613035,-0.7102141545766012,-0.5560267147581979,0.9324188895338825,-0.0757425138406007,-0.9955166812457703,0.46766288102209685,R,Rock
-0.038310248953338406,2.483084091489834,0.15560949430984045,-2.602735519328675,-0.2753890454416402,0.31551102730060443,-0.4601320917095588,-0.02556299706449135,-1.018923735656151,-1.1007457941390293,-0.8216473815854993,-1.2645619751887032,0.6919035993609283,1.9238637698188081,1.4846100425280402,2.7411043067415326,-0.22221842526649727,-0.08001039931499516,-0.6830691349270015,0.4127348159325118,0.3414887859348155,1.2239675490933182,1.4241089814845203,-0.01522171235729011,-0.05189718222649195,0.8109541599271088,0.2845268971331544,1.6673590795039779,1.0496604201963335,-0.48851226608395876,2.82781157226772,-0.05605528219727272,-0.6026927994717155,-1.4836517073051931,-0.2903712689020819,-1.1846637196220988,1.2259661651076663,-0.6876650465333797,0.7596110372225482,0.014752932111675538,-1.0139792829986607,-0.9088518422247038,1.3314588682535284,-0.6258259499571828,0.6448637023941435,-0.5574675008212703,M,Mine
-1.0186758187921798,2.2757338963216553,-2.0292816135862908,0.6615139738834179,0.8490686729017084,0.48014104792589457,1.1083823453233588,-2.252339983016693,1.31287393222799,-0.08637711621990876,-1.774142299417862,0.2696655099536979,-0.3643359877397649,-2.2926745928713155,0.3648150901924759,0.19508576193484697,-0.16510883862490358,0.9880451374390392,1.2775685305644333,1.1382940438637306,0.37033841067578754,1.2906660565300911,1.6293104870155688,2.157385386222228,-0.7823124017184246,-0.5955985450293831,-2.273650489249682,0.007861975883506496,0.3949710921368665,2.088376193658039,0.5859017188073787,-2.2289060374648884,0.6994638182125649,-0.13198470137565013,-0.7578658173532563,-1.8474848378746054,-0.08458698819165772,-0.6386301320466582,0.13121861046066338,-0.47011020790988245,-0.22148770633933243,1.014517426239207,1.3187712268769742,0.7193836991359912,-0.50156850700672,1.2625669743667325,M,Mine
-0.26129618654079634,-2.9060129342438574,-2.949919549905244,-1.4111709621147905,0.4822920348247318,0.5553485783909698,-1.6459055798078428,-1.583253667632221,-2.247679833680585,-0.03782725128962786,-0.08893521064952686,0.3531310669173583,1.569435503241169,-2.123787999876651,-0.09603066680715178,0.6709810178374015,1.4122169049911284,-0.16090653280901276,0.5008851335219657,-0.9761355598722375,0.6158909157316296,-0.8990387901692696,0.7797332660114503,0.5258136025522903,0.7159841836325973,1.0877233334615057,0.45574548014443284,0.5967068476748526,1.3542256618495474,-0.8073458013412436,-0.4616978109622656,0.16843920707712476,-0.5322258359550276,-1.3956933740290791,0.22398339658344568,1.5779469854194816,1.2905988595703262,0.038891566019981866,0.7005873356179451,-0.08818909080457041,0.4695830367479589,0.3297053460029295,1.2560460988518385,0.5697530300337329,-0.9750420986662114,-0.8385632841284203,R,Rock
-1.1375268649373573,0.6382226743260522,-0.7018013510131832,0.4273629462280927,-0.7430449993667505,-0.25149264373594943,-1.0021823764005764,-0.8130256133224358,-0.2530439511916081,0.9518123422438747,0.7489308732346227,0.7164273183034137,2.46650152071297,0.10909397040647958,0.08339423084765486,-0.6298846146157075,-0.178264672430877,-2.2195928715385067,1.060348439927577,0.701054047347417,-1.2976101627112255,-0.4654500353666145,0.4628649603130478,-0.18347705678670376,-0.6578123343313085,-0.39072919463940076,1.0224732962052943,0.7095022966236791,1.8142926533242907,-0.8013881585114511,-1.0028673361610074,0.10688227003045322,0.6814414549247625,1.5043738906690318,1.4935547108983798,0.4553670803745341,-0.16530974004562396,-1.110097677925362,-1.5328039777403095,0.32873867856711564,1.6538485926978348,0.524039803761951,0.019834970648094318,0.0655298396587293,-0.8768753799570346,-0.05178568209580614,R,Rock
5.00834113276405,0.4980863493273335,-0.715067612571908,-0.710952004612043,-0.25626921445838746,1.0074773133498716,-0.059049927214299164,1.4876603026923774,-0.06321532911048885,1.7496376321607319,0.30330090429871376,0.17778128490748304,1.470368441669754,1.6683063227768131,0.0008405522821946477,1.3454824891248383,-1.15791749245525,0.0972456388073445,0.9246899178529842,0.29075048814028215,-0.06275952449702653,0.6600317262492336,0.8116552031924507,-1.2425466308095956,0.5177435497294208,0.7659436365938763,0.2894928303015938,-2.015594729044068,-0.616988717690365,-0.3378701949548493,0.3685803501676891,0.17516413146526058,-0.9206973945516397,-1.3410562195756839,-0.828978087826862,-0.13810814879617897,-0.5971356266776607,0.7424775453427626,0.30608092068517667,-0.481788168268693,1.203819432091416,-0.8409957240468305,-0.17246191309980316,2.0067074587256077,0.9430564115466021,0.13675040930745233,M,Mine
-2.144774117915188,0.9820717492959827,1.0031317082206588,1.837075613852984,-0.728121315629079,1.6928605932725886,-0.7525174631696381,0.8534854417852683,-1.0558741452923426,-1.1715115802285356,-0.1680105931684126,2.684594841299649,-1.87120949049928,-0.17116803358415267,0.5715137173150446,-1.7552130050387125,1.357063658388486,2.002349810083403,0.3194808074538041,-0.3550429094232358,0.6290353488752647,-0.4916795280767837,-0.27269738524814935,-1.2032278631605955,-2.186705077601758,1.24309066141182,-0.34657745574746207,0.30339417053462714,0.6134232969609033,1.5816023422443923,0.7101272575551814,1.1946634846457989,-0.4104359080782514,-0.22015230612969408,-1.033925778025156,0.6103824033041716,0.761281046449884,-0.2003744493046165,0.3207200920649265,0.2641156256394719,1.4498032528823692,0.3104233840757882,-1.2521044817968887,0.6431411641395453,1.0236755020967072,-0.03350302325438844,R,Rock
-1.6011039204212583,-0.16415287945458296,0.3277011273366913,2.3271781891066925,0.84093784823932,0.3996891215403386,-0.04211244921466625,-0.6037359871074206,-1.3170934865137485,0.013785472587530193,-1.9535621445335574,1.092121855345988,-0.6324972368347778,-1.0300868015843017,-1.466538084901744,-1.2189686486095117,-0.9532941096103683,-2.164265067676899,-1.4096010149433966,1.705826675178,-1.3122172011059747,-0.8948029565068492,0.021408751902133316,-0.7258773515202835,0.7000800525231524,1.5063588220009851,-0.9594984132160674,-0.6623492285371493,-1.3424378773592671,1.1944232566749622,1.2294512691626056,-0.31052521175584574,-1.0751971115680403,-0.31258817593175625,-0.8619892199567705,-1.1006354849410842,1.7873837250907205,0.6050694925717983,-1.7751242574158719,-0.36007357419384717,-0.6527540189650463,-0.7351081447889074,0.4320395727847126,-0.1185775355139147,0.5064648629573973,-0.7193439833699161,M,Mine
1.5705468761294448,-2.7874240307446363,0.9528039786913693,-0.3380314840447496,0.32412177023950456,2.725404826696226,-1.7171805794304822,1.6243994599064293,-0.4256810674551381,0.7766538976984886,-2.2966451503229033,0.4164148178415865,1.2782267703715464,-1.038483315994489,1.7393933298666786,-0.012893671788241426,-0.04741937895197538,2.196003094313915,-0.16730885002151225,0.08523603587592438,0.7505389302076622,-0.8281237128239214,0.8028912409047615,-1.6712587205803133,0.5158519455742292,1.12199993789759,-0.0853443877996718,1.8715091147715206,-1.4221842244961536,-1.0248662942749667,-2.2047282772280985,0.04453172652432967,-0.795355303026742,0.36131760806732804,-0.3041257609524873,0.9363225414683338,0.44697926924572823,0.7979462177928401,0.05242092056040411,0.919214590243302,0.40578155044540626,-0.935688402022581,0.05199023299005048,0.805663095750489,-0.7345995510355506,0.12370744065999666,M,Mine
1.905602011236718,1.227703344200257,0.07086523373233779,-0.2319469822241256,0.37320503076069317,0.28003544616475395,-0.25119069047718423,2.5571082122726825,1.1067600640286117,3.201114076125946,2.265725160495418,-0.7915652022380174,-0.13635337386039445,0.09138249213606696,-1.324572387673915,1.094321484536185,0.5506303972764888,-1.1693458166816804,0.8795394926817527,1.319941932366361,-0.22850063007884022,-1.1374290627060486,-0.30316286969278416,-0.1468329408251311,-0.5340181921197867,0.6893237507748255,1.0343959274323047,0.4951326544903825,0.671632462581842,1.5038584852164372,0.8648038800036211,-1.183583812012804,-0.9607315709428922,-0.48210001710304384,-0.39793826802663895,-0.6376384861882597,-1.4143061113244282,0.41967862530767763,0.7866641257641336,0.7668825387709297,0.7221104749356673,-0.5870342019791631,2.042199932536951,0.08750909936709309,-0.5850367269185911,-0.3321260277743415,R,Rock
-0.2688750507897802,-0.19742368800111748,-1.727370587459413,0.2128252052567981,2.073123061266236,-1.273079638978053,0.44391686021317084,0.686210342540767,2.7689172214990063,-3.6123583136397817,0.4155034542681337,-0.6500344234271932,0.01899592709699314,-0.891370432501321,-0.3692343713336606,-1.0164317443731006,0.17602136046261294,-1.8505164980444284,0.41597614783353887,0.5294856850392438,0.6050153059890409,-0.16623208464030198,1.9844713071439513,-0.32594804223390317,1.8444226978477527,-2.1945881640630733,0.6598189549080178,0.5963380846539078,0.5300665303385538,0.20428193079829815,-0.09123580496412201,-0.9115754336470876,0.9459695853069239,0.2958466956057292,-0.20108093726614404,0.006573937751696701,-0.056544661005327526,0.052021966074695565,0.7864961404700875,0.9596236254894889,1.3075882420664526,0.0072531087608632425,-0.09529252298615264,-1.106204826049601,-0.3417407819141956,-0.3440777034807867,R,Rock
-0.5596677143177986,1.1975257110816566,1.5377907469298924,1.5281639102255482,-0.12146316061390518,0.39076074403583966,-1.867261325941848,-0.5305402269881694,0.32080222371718947,0.6196146176791891,1.3196556939949038,-0.19860031279835352,3.8025321865326074,-0.8302789285641584,0.19076183812603853,-0.2876471112821529,2.5556032958642807,0.5453774618514563,0.947839473176583,-1.8683831546280631,-0.5342769579301828,0.8459525591664276,-1.0116215590727142,0.8689955632183007,0.9286348089283799,0.31049599778863934,-0.23991062856380765,-0.43878813122732785,-0.7100723722871561,0.20201913321904777,-1.3297838477840673,-0.11450438773850802,-1.0152149911007722,-0.5725425541079834,-0.1593804950411833,-1.4136288879752978,1.3037184853633736,0.05292010986233731,-0.6581613942840786,0.7537451341104792,-0.5655770161268462,-0.06614059030314565,0.4727329318243014,-0.29104770468813745,0.7626071672537029,0.341509827452263,R,Rock
0.34935049393452267,1.1278348338904924,1.005558840648451,0.9581068675539439,2.762672228707675,0.3878343580992295,0.33234149040656297,1.1167022750344966,0.16588615669058393,-1.3539095731073425,-1.0729382999287345,-2.099137913532064,2.4568018254003934,0.9014409541767472,0.9786042725945796,-0.8899750153368408,0.1983072633753418,-1.3819798303507553,0.2904116568417958,0.4793597361311153,0.6223651975306017,-0.803115769259374,1.768540856657041,0.7402997885009266,1.1927948966289783,0.9148226346766029,0.6447488904111348,-0.34517654755286453,0.0863367238824241,-0.3116887028852095,-1.3198458332237657,0.8224764038786972,0.7715098940349656,1.6015295389516417,-0.5748460111148249,-0.3666493904862341,0.19884574013312192,0.6947583453270453,-0.07621627211550587,1.1129241699806187,-0.2921887606976292,-0.5916296458862248,0.6204980924205796,0.15539932591592964,-0.2257992696487779,0.46618328699139994,M,Mine
0.9803705313708274,0.16118535678769272,0.9718534281256808,-2.226815985461858,0.5727669195512504,-0.1457777448763936,0.7344094315007154,-0.43666962848706875,2.764496473480773,-0.268301791377577,3.444193219090149,-1.386484637554567,-0.07273311826413693,-0.0074768775989156955,0.8861193220658586,0.633837525672821,0.4242222341520266,0.3711832356188894,0.8565412416710982,0.8044256024773867,1.2751584393383906,-1.4422541418291808,-0.9818078792998063,-1.0195237817665184,-0.21226220779180818,-0.7954817222484896,0.5731982945107407,-0.21837553285901182,0.03838480935565936,-0.5648887597159236,-0.4013627158872455,1.7257392219462717,0.42982446331061513,0.38330759217890525,-0.9498728267277632,-0.5971435202212766,0.4655193826922158,1.0581830976046875,-1.027433110631853,0.6307164669720761,0.9052785248481797,0.734413701770558,-0.07526998946741933,0.9195988332626136,-0.6827854091418468,0.04306458833343456,R,Rock
-1.3112280213264607,-1.3121273092574322,1.1453374802866283,1.139337995067338,2.4147404722245,1.8738989770752765,-0.39323534438246527,-0.4981427776238066,2.3926426984340003,0.9199078757019288,1.1718746192677585,0.22496132264684351,-1.4662864891215637,1.7751054663929213,-0.5046737661837232,-0.4814267476004392,2.4092643116471315,-0.7442531947910666,0.24772484001257097,0.9187678061296284,0.8881464272856134,0.10597475949811135,-0.1645836831161463,0.3295034603309799,-0.4636764176980709,-0.33446372297882043,-0.22405990775946055,0.5243746869809305,0.14623904701052273,1.2455511811529931,-0.0907058913303511,-0.9209533721588905,1.16904080721594,0.93832078686279,-1.9262796173206516,0.6642549401100968,1.0938631308955284,-0.24957850718886448,-0.05992656679846254,0.5850883339486169,-0.016435586471216318,-1.0532409292469989,0.5616267030992826,-1.1311440624369615,0.13872953810266575,-0.7145280830674047,R,Rock
-1.966028897899055,1.5104357453493886,-0.4516885303890447,-1.5436678939301387,0.3114471564837384,-0.9664521521363838,-1.1380226732571703,0.0763160205580162,0.3798847552838385,-1.2662063044308474,0.3114304076362139,0.7925439987784918,-0.31581967367287994,-0.34986590202902723,-1.577147814928927,-0.6976568167927671,0.6228484661493606,1.6033653236138883,0.5148907474935162,-0.21477648560516469,0.5471015653092458,-0.31000932828587463,1.305993760829779,-0.36066122379622906,-0.4495789652734732,0.29764279987695663,-0.5360825318510692,0.7459876910221928,-0.21721087195314936,0.410118530979039,-0.5992401698525918,0.087978649207417,1.6523503452288988,0.8287293785253266,0.8991663432783927,0.87861690788461,0.04330843113834183,-0.3247770676881679,-0.8521333365221965,-0.5137437521480925,0.04905020142360246,-0.5291078208999279,-0.28391856714452046,-0.2754063412075049,2.27743164426857,0.8507260373207358,R,Rock
-1.5845969982168224,-1.4214770137115587,-1.1820489074717806,0.2717985551706938,-3.185114925051308,0.17172097907860542,0.5756745285890483,0.8696673968383565,-0.7043841689406177,0.17799101274755308,-0.41120064988227484,-1.51652916660771,-0.29462771941003635,0.8207339872159294,2.289781887108434,-1.001477449424288,0.2806795157557598,-1.337572191479417,0.22595021504232138,-1.8787221660832976,-1.1348205543913557,0.04176978685565677,1.1436335326876728,0.8140081515934506,0.3213335193751512,1.2840265459036149,2.235658831294481,0.5951974937512997,1.20834480847699,-0.36177350964744737,-0.7926115002818296,-0.08601212713172401,0.8697728779818481,-0.9642940527753596,-1.974217340930289,-0.05215776113763703,0.2039336164210551,-0.8851709944022752,0.4194097542341684,-0.8522169177663282,-0.2800176276075758,0.7496787004691983,0.2670345787613605,0.8837501221239961,0.3106822545570237,-0.4315100002021704,R,Rock
1.0949192024928476,1.474376369908818,1.9006896484736824,-1.1636868546732697,0.7107768182211146,-0.5277752626193066,0.30565115021320194,-0.8915248513899591,1.2983741751646807,-1.0198981322287066,-0.7893982744480741,1.8830423605944346,-0.0046885602619808914,-2.3188697437062324,2.1290539946925735,1.0703206946327595,0.9558049781975448,1.07799473218788,0.3751111400294762,0.8577643972908843,0.23654188024408104,0.58061651523777,-1.68736981211264,1.7713239617223053,0.6576715032085536,0.41274751480017535,0.27653531670336184,-1.1659729474522955,-0.4223343387214479,-0.12351057843645107,-1.1123554127012176,0.41808936020281695,-0.37699666830372525,0.41186487272529876,-0.8710601927452172,1.230678874108292,0.3734292862257306,0.005038395594098088,0.6803424627737114,-1.7036537832269718,0.13791009003465654,-1.510400312651748,1.7991637307624881,-0.3035177877066732,-0.518624889719384,0.3508537932955779,R,Rock
0.576663994157942,0.6778154951946832,-0.10355506228820364,2.440797634844952,-0.31586803683417525,0.2302599932570866,-0.7114858876981053,0.17614483473293946,2.1427056981246992,-0.059300778435838065,-0.048432625263095504,-0.04057497952573796,-1.1221431964581123,-0.03198896536239107,0.02306464347917359,-1.5416131532174704,1.9671913435162822,-0.2943809707514094,0.3238929363576897,-1.6995461836883443,-2.7729726956271916,-0.5498064684546576,1.6921977283026097,0.42231019798951624,-0.4420203112963162,-0.19557932027513977,0.5712577720440953,-0.4620190581584849,0.7515732789762795,-0.9239061732914797,-0.9317656274816474,0.5502027882938135,-0.05764108483887283,0.10345343081122856,-0.10555240576325607,-0.31984848896874407,-1.0475502255675742,0.5764799613088988,-0.022333200996015296,1.2810438468465455,-0.576663441338394,0.3164281032308146,-1.0552991060034045,-0.8009587852287281,0.2579667430884811,0.13216539392450324,M,Mine
0.7495214596219095,2.113203838255397,1.9056101802717385,0.4453883021248641,4.282619829291771,-0.6902755805261551,-0.12354257410577027,-0.20639404299431657,-1.9258875754890665,-0.38139457686669614,-0.7090366129683875,-1.1467000675669212,0.9504275164206268,-0.6592078617865318,-0.41035081298849113,0.23499080896961863,-0.24361985473229328,-0.822064539988231,-0.09329976226901668,-2.277378037839959,0.3089174181069579,-0.8080376478756717,-0.32043506241414804,1.0426472767089476,0.26473703934583914,-0.509416577037948,0.3769895800713197,-1.1395855735598117,-1.1693129929332853,0.29124387044194866,0.3303448667542661,-0.850782601374625,-0.37466367134438205,0.10674811525191034,0.33934045536219987,-0.18137836621959394,0.7600418239005209,1.2687143645329328,-0.2249072027606976,0.6126133648440447,0.25160665745415645,0.39765720954522776,-0.37199552087335314,-0.24372731770621142,1.7669523062154113,-0.9471123207079724,R,Rock
-0.8588145188493855,-0.3769961827502758,-1.2888001039309367,1.9103586216418327,0.2816026833434623,-0.1653588896062635,-1.4572679587681492,-0.43356243622566576,-0.33660917869307383,1.6124234075162804,0.7262861055806455,-0.8388951933956141,1.0539568496185898,1.1590812131802162,2.0986645667959762,-2.2717799917494093,-0.9067351983280094,0.49166471710406245,2.020713091591464,-0.38667058349844124,1.7428195459380256,-1.984140267828659,-1.9236401010531243,0.8524387007517327,-0.5357963211435506,0.40214351094122336,0.36333550754619565,-1.7903396287555557,-1.250483064656981,-1.442173316995869,-0.7283791595348655,0.2876893628417298,0.08467591600974851,-0.44638413021523277,0.19279517351972328,-0.14175292730758915,-1.1212132520942797,-0.7436386350595451,1.1060016595900994,-0.2591416685810533,0.3976598901522483,0.9408171568575321,-0.7612724907463975,-1.3315547448483325,0.13922569643170882,0.44170294080448297,R,Rock
0.020224517986219572,1.3103162117826561,2.520493870572819,-2.572582944402085,-1.654010376449911,-1.236856149443376,0.6709741003198592,0.0014759844606133973,0.5362109018889497,0.3179025463918443,-0.8638667107846073,-0.9225103947716644,0.432204328709734,-0.7438143334664815,1.0246353477947767,-0.03687038790189534,-1.5293929166929978,-0.3972769627967245,-0.9094694138834767,1.758371164163168,-1.0880377638390286,-0.17688764996884757,0.09176620350793181,-1.2981272685098444,0.804315661522468,0.4944894393292661,-0.3311761269607396,-0.7546315370379587,-1.5282172886337833,1.8074481557267188,-0.6695943593952278,-0.19817691090860257,-0.4053115511141843,1.5132978456152275,-0.6530549714625773,-0.9348253640679989,0.3730730579599085,0.47156888816874426,0.24041075007717774,-0.13118496495267493,-1.0850202989563995,0.551960890965369,-1.6145276355029816,0.6578702833236216,-0.7295107340284855,1.2028154571202079,M,Mine
-0.17422239936944797,0.7767485484786061,0.2544179844863573,-1.9979227235779302,1.02730385046475,0.2818607989608778,-1.4577192345597256,0.17833721671418185,1.6229804431963653,-1.3955265619329824,0.49153311425058716,-0.9325956346686838,-0.3177235101195312,0.16814250448940815,0.05320965520210586,-1.3543590312637583,0.3644798172394019,0.3785523302194905,0.4937153127486126,-0.47841612640113634,1.5704401536846053,-0.3006333505047742,0.3505437984174419,-1.8329948685613922,1.8906467097028707,-2.1633050732350894,-0.2234290778247223,-1.700102803384404,-0.2656606691541992,-1.7828826447196953,0.6864385242604624,-1.9371330536482982,-1.2182762942877112,-0.03683758766984836,-0.7274974438835724,-0.22080019036596182,0.06757676482824412,-1.7079095569739027,-0.8241593196995913,0.37921157775586045,-0.5019200882226786,-0.5144157290735576,1.1779840471530751,-1.1965121350511423,-0.17201672035603613,-0.05195544617415334,R,Rock
0.5991053524215306,0.2844955309420091,1.2132533454883012,2.7202599273464916,-0.6319819386063412,-0.8396828994082841,0.8841068890478205,-3.394486920865706,1.6752341267122302,2.4121847299079415,0.31051352057810505,-0.7339416866392118,1.5172788736302933,0.5954340126197409,-1.8951857636871516,0.5596116797451608,-0.21391034525639177,-0.9924367244602483,0.07315964288618551,1.3752348986283882,1.4719608987788997,-0.10790344418873546,-1.2812821555560445,-1.7198120803347798,-1.9490319854463678,2.005657054540186,0.9110938499555669,0.2570511734245807,0.06290882254338408,-1.6457659877035313,0.3095237316494817,-0.8955854597799737,1.0637869697359827,-0.8906281128914294,0.7736083032909844,-0.7529350991001325,0.5592022633167565,0.46204840832374455,0.5849039224487422,0.003708109605183861,-0.30705986974621835,-0.514709301649335,-0.7145473109771157,0.02398633217910308,0.14727029621405907,1.2020022127608583,M,Mine
1.5499655438379305,-0.9303895598778797,-0.7627220912714374,0.23351166160139533,1.687896722803482,-1.6370906609138272,-0.8158231820258627,0.43684564800289327,-0.9373557279161672,-2.720139299752395,0.8228546300824552,-0.15643385927227263,3.7038759196415176,-1.7253137008226473,1.427691621238171,-0.3890634728522781,-0.6313212096928978,1.1183449928791875,-2.7091129886778456,0.24122681231214974,-0.3106156991838919,0.4387897139783112,-2.5190874090419806,-1.3255893108458452,0.3988419107686227,0.7974258853524199,0.7107225711353284,-0.48144089615485075,0.7384938563077686,0.6536926934972773,-0.7448935566891646,0.47457089577478384,1.3413856805781186,0.6360244637483922,-0.36690156440022376,1.0523393476288072,-0.9179957772983003,0.08721175804174613,-0.7723683946231324,-0.7745308235883088,0.4675751786286199,-0.03852561474451554,1.071365038548351,-0.9691470313375254,0.603895691429749,0.5517826457203208,M,Mine
2.2384706312401286,-0.0044659863158501775,1.3203422333581551,-0.5831137988193958,-1.7974945560273368,0.2476326961272505,-1.1044129042774504,-0.47780154458611546,-0.7301092024379858,1.0970166614051486,1.4587089120919585,0.4983300770812815,0.6520665606816142,-1.2442990512542353,-1.5895164092364449,-2.042428844535558,1.5729211054076795,-1.8643879709994002,-0.6562349033329974,0.4899323193997092,-0.5541622120844446,0.4292959744499589,-0.4320204986732283,0.9594548541171254,0.6755487828400654,-0.17959550403796448,-1.179647522972791,1.439266688799414,-0.35319339633804836,-0.8238901815577567,0.5200501244224518,-0.5505100772946362,0.5282242261962453,-1.3893985743228379,-0.5222666223702114,-0.5213893780157938,0.9229703749474965,-0.7847618729280026,0.12413694533107386,-1.353028866548156,0.7914499767916751,-0.08255438049342008,0.2996721287982793,0.09157374202500768,1.5044076792929821,-0.09265448084873022,R,Rock
0.8885192638676133,-1.7223934343612721,0.35098094007414,-0.9804152365901526,2.26964844045332,3.7753375168664234,-0.4612629446756663,-1.4430743603109835,0.7666355036831352,-0.004266912790136835,-1.7261970514069342,-0.9895278701935154,0.3966279738626132,0.5694496943545236,0.7119965130765291,1.0720492163904662,-0.6201759324537995,0.079176608094811,2.848284540883829,1.8015531117602095,1.2186932809484627,1.3291044368830593,0.44219253738158826,0.7021870573308264,-2.2105102788225715,-0.650116411178492,-1.2039971944889074,0.25102873387086755,0.3973583135768366,-0.8683004115861214,0.09542293656975036,1.2486143649434176,0.13635311049993007,1.560569196198445,1.05143702398255,0.5570919499033471,1.3437775118446358,1.1127541520915565,1.0814674593642364,-1.8538070119356458,-0.3137114115814971,-0.07228559734657557,0.016996176224298592,0.22173871447689197,-0.29257413818518774,-1.885435899415851,M,Mine
-3.235288863472776,3.1622608929460747,-1.066272999974325,0.009991049196854687,-2.2314832808980523,2.032796078997305,0.9695274845835384,0.9259764160641971,-1.6111273415404137,0.19773358297284163,-0.33251140905063525,-2.4985980876401763,-1.1072516789983333,-1.2701439237507552,-1.163364064369162,0.037082395285954035,0.8850348804691051,0.54839295927655,0.8101610718172414,-0.5527955575372692,0.5816426691241161,-1.4385974979874452,1.4551167195135646,0.49212451561342146,-0.4832516633340207,0.7067313030003171,0.6414885377231349,0.5773869076685348,0.031216848375378893,1.1599565789272426,-0.36693977290043905,-0.3385546252206177,-1.482947108179171,-0.9152533688299117,0.3250929592902298,0.28994949592885133,1.236193689126266,0.39760931358914925,-0.17738007851803478,0.33383723475382526,0.1300880950853513,-0.7270127547274231,-0.33857256574456485,0.34560317907832505,0.6276878156505358,0.4148735970259564,M,Mine
-1.3053025642393303,1.1859124603718452,-0.10811547165928116,1.4232047330379316,-0.5738695318010261,-0.15195163772826523,-1.1750810383962185,1.8668672545839702,-0.252182145022756,-0.19155642326557545,-0.410034706245437,1.1808447376203948,0.8311866241521365,1.693360644164104,-0.08524679305330633,-0.4934134086550653,-2.4042720293891295,-0.2254807532184614,1.2404215986900347,-1.9386461478446328,-0.8281753768238399,1.1861193884201582,-0.47271323203019466,1.4104349669964469,1.0709868490157632,0.7369763252524232,-1.022057899688516,1.659780922294508,0.7200402226774404,-0.3541075408058673,2.2346271915839635,-0.46895568616005684,-0.908608914218668,-0.04703427193880467,0.627608618360216,-0.5203325112051501,0.10418816037718145,0.3643196669386315,-1.2334634633436656,0.5903089959437129,-0.08306543829400445,-0.17412699557338654,-0.21522403496572587,1.1269680616806528,-1.3016654752876242,-1.6088324324834635,R,Rock
-2.200228941063078,2.365722071760671,-1.0892192847846012,0.4890503782515716,1.1234510498608352,-0.5463879774124789,-2.07802680077721,1.812769630416858,-0.6928142278491937,2.3988548252275246,-1.6103777494062992,-0.9858105014752212,-1.4625548862924387,-1.7083737477239365,-2.1672308920138486,1.6647044234397235,0.9418658847549438,-0.3867756326674263,-0.6818526254824168,-2.297074924280753,-0.5661090344874369,0.6003314601622439,-1.1817832914841722,1.3202277073745035,0.761739698667589,0.03453307304885365,0.7058854648703067,-0.8399441722170662,0.014661287184611571,-0.008417797141142713,0.7549882349577505,1.2396545057004384,0.08870852309865114,1.9157086960337213,-1.4179609472934187,0.08854437712760986,-0.6568779316646703,-0.8590077663224849,0.3709401853858282,1.1217475965725847,-0.7558423767945904,-0.15008397661085798,0.2751423451799975,0.6863284670959768,-0.3137929087445932,0.034882546419176534,R,Rock
3.0022801522515765,-1.587643407615631,0.0936531011643384,-1.3010503659796084,1.0182210913671188,0.8010682747690071,1.3492244884689264,0.6726671692674023,-1.2753417926787585,-0.02450263941274186,-0.0064714444531262325,-1.2701979004067872,0.6999660153423546,0.08025264945381894,-1.3445539934876236,0.36174685341128654,-1.1871284868451464,1.3062818048983074,-0.7479792559808099,-0.08378679901866068,-0.02837532417597245,0.21455041442078152,-1.0987311269710585,-1.0269231069527447,2.267725185508345,-0.9119462098262006,-2.0545499184231453,-0.7924019763889895,0.39556468392642485,1.3042136127315225,-0.16318565602796944,-0.11642647510069126,-0.8380226096775791,0.41305365507148006,-0.4317149723855993,0.562392850988786,-1.330207765465191,0.2221990958214188,-0.8061600697618085,-0.90584898455459,-2.0434960791890484,-0.3480136236783822,0.7610905069071346,-0.688294603822658,-0.09253708873802552,-0.4748072992257067,M,Mine
-1.989629113161741,1.3544940064594613,-0.5572817801206067,1.3320221100916325,0.02582636751856092,-1.805231457758851,-1.0841062117247833,1.0467109066443028,-1.6056088458865816,0.5017379942891431,0.8733814322199144,-0.5306607458106841,0.4584174380287258,-0.7152224133149321,0.557045231124803,0.6076114835603607,-1.2635905612107081,-0.93127871452921,-0.38590011285888237,2.095118368410245,-0.1088979966263642,1.8741821224837847,-1.4091600116847685,1.0828264426423924,1.2471672894130401,-1.218411637536415,0.5400446493576605,1.3652525692668922,-0.30037350628164394,-0.7011696625581727,0.19503839421984104,0.2164744834923959,-0.2770776087092867,0.06618455647091916,0.8273516455376472,0.39630766839822673,-1.124849001665829,0.8861666591248992,-0.8741254906952842,1.30199067488547,0.39623413423431175,0.34107582582680956,0.4400842154859551,-0.4609518466556362,0.297097469180602,1.7412552187835806,R,Rock
3.1178743051951616,-0.19818018541072704,-1.738872587147002,0.5600403110345773,-1.675296508146384,-1.2600281307154906,0.10773294174944317,-0.9287584665264411,1.8670382943304786,0.38257867281801433,0.9152167628148971,1.7667747071040731,-0.20505755682288285,-0.25519880657198757,-1.5810658528692936,0.8920413619488927,1.1910988105364095,-1.3913382738937856,0.6658329415426822,0.5700484850793751,-1.497778124378995,-0.6957563670731027,0.4649610680643741,0.04631669370396889,1.2130574771834548,-0.26650178582114575,1.28240463111051,-0.29655671549368867,-1.499572243965261,0.351732670453748,1.149257589861464,-0.5635179507141994,-0.29900286312774405,-0.5445369873698443,0.7162478881478255,0.6443806485427279,0.03324687083900606,-0.9249137495183299,-0.050017199990526104,-0.27428487102055527,0.2824963403777488,0.6653522517498948,-0.5628869844225192,-1.4264897243320933,-0.4401978687936236,-0.13417298514358356,R,Rock
-0.9299632063355753,-0.17948798479224498,3.004724517040631,-0.7200199629739152,-1.2291777591102488,0.29763391773597114,-0.4218808006718913,-0.30846347967020454,0.7628528632162741,0.7447560958495077,0.35525955379414154,-1.1681630094175273,-0.10227882482080598,-1.2665120746442948,-0.04901829147330998,-0.026850057617315272,1.1453443560443801,0.5655754204225307,-3.2623675098748683,-0.21385958744256806,-0.5632442426864421,-0.8127304625339953,-0.5525119667106964,0.05946804028760555,-1.6463579323451543,-0.7742037250937589,-2.189151712770672,0.2134766822167794,0.18631252989325714,0.3434301428007339,0.4870666996969901,-1.548157392605036,0.2501948210230677,-0.9984831564227503,2.9482486478994083,-0.4829796307209763,-0.7286375703730777,-0.5071071678685111,-1.4358561093271385,1.9793937084958961,1.0548795255665107,-0.8523789615969772,0.5967740706298049,0.44460717251306625,0.35652919765333,-0.6848433822610293,R,Rock
-2.113418159367637,0.1973837234765478,0.9331390160227516,1.376733382731258,0.12526573411108796,0.33691842971183894,2.464009870115538,1.223514882569314,-0.21137658921322128,0.015106230447842147,0.7251541997279893,-0.19259118753112298,-1.3877170384106827,-1.4468748118856198,-1.1423816020353446,0.3679802729347153,-0.03611327277775195,-0.031453159929541265,-0.3898205522090145,1.4210144489959338,-0.7091754285359113,-1.072683732821266,1.112233453444992,-0.3190527453838269,-0.2599420342920262,-1.6595159879351582,0.7002306288558054,0.0226265483302531,-0.0476258211010839,-0.5941966327902609,-1.0403698518191344,1.0406268799282978,0.32977172727528364,-0.7902122737938271,0.6393728658633102,1.306168954418952,0.6641813005137314,-1.210039273080482,-0.5082994355093207,-1.0817723881160082,-1.673999531138695,-1.107701010292161,-1.3701052739840827,-1.506528234750014,-0.8554271765030469,-0.25120154916482745,R,Rock
0.7518706870237458,-3.5685625427309935,-1.6680209349279418,1.0201808569934154,1.3022845639244474,0.39832330872917965,-2.1497519597145924,-0.7872935354023678,0.26359997081923786,1.0088897950976234,-1.5233145835111244,-0.3072574597839767,-1.579400242916253,0.5849209755066871,-0.8765225531000723,0.5873318309566989,1.8997013982293656,0.3539837606147829,-1.683826258744308,-1.2428088085086983,0.8285911590977836,0.09269093022649176,-1.1502826774281822,-1.05010339699197,0.43473836524413023,-0.3887646168473959,-0.7044630805066312,1.6932827169578548,0.5590480327203289,0.021512181659027563,-0.2939212773061954,0.663809936980873,-0.2923209914548117,-0.7520848043661464,1.0900903321082236,-0.2880156548479647,-0.3300934748779812,-0.8854020364939136,0.792678079251904,0.6991781069845134,-1.5231286997264717,-0.15189728575858286,-0.6709007817286544,0.8023157216455801,0.08918021319232841,-0.018635086661642347,R,Rock
-0.3382610905509081,2.595897915241168,-0.5661053677601026,1.7402487188128812,-0.39310313270976494,1.5757012233713696,1.1044062640809575,-0.7096798050863931,1.8725383576117878,-0.5094003106401063,-1.406857443009971,0.14242361258005318,-1.5656608942880272,-0.8955635013023928,0.5783338197918724,-0.8323211927636004,-0.8311899977213428,-0.6772240036184698,0.5865676817463172,0.6720971539726476,0.49770477226041926,0.4716334496307819,0.5620226368264696,-1.1452488067518594,0.06369674426967703,-0.05075892087366351,0.06522320038650875,-0.7110400984291435,1.793950956145819,-2.1808580853960144,-1.237066589089894,-0.17953500024114324,-0.013334940837446364,-0.40013308114376356,1.2270276462543563,0.2552826645136272,0.6907993564895519,1.4992676635233173,0.5962085042986546,-0.6336814276700014,-0.559349416417763,1.9352794913280091,0.46659229731394,0.3227706351091499,-1.4501717747766585,-1.0397321703771205,R,Rock
-0.7034645417814017,0.6774528209730183,0.35270529906881043,-1.6092541405773173,-1.0671206339157113,-2.122630573190147,1.2384533555711406,0.9662644678899882,-1.6457607447262068,0.3505908533185691,0.1739351584133663,-0.0009237556360197792,1.0815085791239891,0.3226413744509021,0.6576991440482524,1.1681172848948556,-0.3622823279812414,-0.5452678025986257,0.3782492484464239,0.7596547700362771,-1.4103696394832468,-1.398729546408513,1.2003330505367127,-1.8676759213056824,-0.9379246289911334,0.19702588049740394,-1.1282480831717547,-0.7104236020965594,-2.082316169681614,-0.10376657555122641,-1.3787927167726872,-1.5803519773921395,0.28407440081361457,-1.7419215992925627,-0.04243775174429686,0.7434022455506053,0.40837512567140705,0.4741388790712629,-1.494486596351492,0.07329896544764267,-0.6496831251138002,0.8024974331595576,-0.11726965547881918,-0.7314765569401098,-0.14258109544588413,0.19287536899856367,R,Rock
-1.6759113008420135,-0.21007170586014856,1.902632372360256,0.6605566470284338,0.38730023675037906,-0.7492447911847864,2.55441832108062,-1.329806097029346,0.6115706646586864,-1.6666972409189909,-1.1215647458966915,-0.9966151199267846,-0.5775894585377996,-0.4596036398879443,0.6787186990200451,1.0279700630768789,0.43675646020803294,0.3894636251841043,-0.7071134931831213,-0.35323512532465073,-0.495666360240233,-0.6885514642716191,0.8210836829089792,0.47378253054057334,-0.538716239898741,-1.3620257646288956,3.1503298844024705,-0.26301811866125013,-0.621557322637808,0.003757712480574139,-0.43939092145320213,-0.3338123724294282,-1.8559317621269875,0.8774839246910675,-0.6273463970360564,-0.4726389524255993,-0.3682567231532923,-0.0060931161653607225,0.43461556628781667,0.3907922336174128,1.6843176460153406,-0.20834273411215914,0.4756961213350252,-0.2794360596168155,-1.8244774846031873,-0.18362311001604528,R,Rock
-0.69717174602299,-0.04370962154153271,-0.5955896015292544,-1.2421409449721508,-1.6731401174485085,-2.604103704829167,1.804779557257026,0.021047179078548278,-0.350068841318791,0.3540338111949969,-0.4001027840468608,-1.513150901924641,1.050687694171584,-0.13168169990516332,-0.389014231249897,-0.17581145097835096,0.7570283047788403,-0.3746903675218379,1.4383848611788108,-2.75363123594583,-1.5168407047827015,2.294157301800412,1.1178675482924936,-1.2468722682494775,-0.4586925609964964,0.7781450903310648,-0.7028000267396476,-0.15875437040872367,-1.7961622397106805,-1.6920778315746812,-2.3598052913008276,-0.2822366611899651,-0.4664939358856845,-0.07833256587414525,-0.22922696050638874,0.21547345938603127,0.001934482260783636,0.3616742877750974,0.7828446815097647,1.7472774120312926,-0.4972973680843435,0.046244154455731414,-0.8504818105044464,0.03165219726417675,0.5325330561947933,0.38614841628335056,M,Mine
-0.3093852864132049,-2.2318670545823878,-1.4107615528752386,0.790271192335706,-1.4277899016358282,1.0581536505462614,0.2853216134686193,-0.9198769563826817,3.217481864042645,-0.9340319249862646,0.18234308105111674,-1.1621098433985335,-0.6051856405185395,0.7365912536526864,1.3174532642749615,0.7897565212239298,-0.553186227806765,1.464243500054061,-0.22927384445200275,0.33468602068682296,0.09112110288597858,0.16521392859629108,-0.005628895382055913,-1.4236844702858529,1.3526974812291646,0.3628140003366129,-0.12752439055714174,0.06956861852805667,-0.7702552409072857,0.558745731501392,-0.8391128875163747,0.041098395309464526,-0.6381681904041313,-0.9731257263089531,1.1716903427627854,0.3641279148095567,1.0004007202638938,-0.9116926339905779,0.10997447112622803,-0.7842105326572023,0.1709883277224185,-0.4700108665006222,1.2440060355983291,-1.2782475929047565,0.3750643909969656,-0.6584223019481852,M,Mine
3.496487599385386,0.054226604490637945,-0.6072354164136929,2.0413530102074446,-0.30161339291971745,-0.6077063433607821,-0.07913405533299081,0.7756297008861647,0.7925438719782656,-0.7189706528862844,-1.5256526747626566,1.1191795681922616,2.3916404805339178,0.2756996569750494,0.11448477253716899,1.0732979489118004,-1.2573840372475613,-0.9552884057966413,0.7679514039418784,-0.8640362502016445,-0.9243261987757021,0.7039828091210786,0.42876752329839807,-0.7888875682600337,-1.866745235404673,-2.325961093157878,0.4401249901187229,-0.31662152294648993,-0.09273901720107536,1.6258524750208931,-0.7467532691365832,0.8680140284537347,1.213503189743848,-0.5025687263371549,0.5464677110458924,-0.5976715750885003,0.22709534962189634,0.7192966631095739,0.45199129371457275,-0.2908676530195851,0.7504849668704241,1.0930225102143325,0.059148507614663566,1.375917389783076,1.136994141624213,0.3895927320755225,R,Rock
1.2556648841736555,-0.655421119312512,0.756488851555138,0.9241474574810367,0.6221107504670128,-0.09149002906000758,-2.882575762762459,1.7332887650632431,2.3262334754947855,-0.3990980207854144,-1.848354389271597,-3.003533770512095,-2.471994804233777,-1.5747951961691165,-1.1653826583263724,-1.4779731455037994,1.1266719011603243,-0.44174322338106053,0.43201041666789664,-0.3075549908230713,0.7337516304693609,0.6371767301525864,0.3343950922487702,-0.5896972766373082,-0.8575970825393556,0.6672817119351228,-0.2032281153665691,-0.04708614033870134,-1.0999416905701596,-1.0193295438790124,0.20566064302441703,0.13820836226819264,-0.013270530858044373,-0.9423321394618049,0.08766202860648549,-0.6644787144096534,-0.8961565030984382,1.2174087916505862,0.46487951352495943,-1.1461462715610644,0.7373076471550024,-1.1114659732621226,0.1252741285534298,-0.5146152087687254,0.008303237573691022,0.6318149887127813,M,Mine
1.4566353873351896,-0.4021913758342037,-1.4091759738011123,-0.9995432102148837,1.5759362732424478,2.1087879555984728,-1.4760729809943283,0.18229109156269027,-0.2579760639388029,-0.39565124334018037,1.787678112835382,1.3457077291512505,-2.298498386678002,-0.8030145059050583,-1.1025359257781513,1.398711749868321,0.07113482137206445,-1.681390530488874,0.25283999247159483,1.4270781226274172,0.6850536205876356,-0.9444844949565461,0.44186205556333824,-0.7232673900069496,1.8426280986464916,3.6627989734548807,0.5274845118905483,0.6873283484053233,-0.38451574571760644,0.23430343523889105,0.4885231117249346,1.3033095832289199,-0.1354662564686312,0.7883749135728398,-0.19246935520866224,0.762336638297526,0.33827473607479,1.0974598099708488,-0.1616748160245251,-1.1707636988004229,-0.15399501855372516,0.4069926140486391,0.7174221025512879,-1.2023428034390917,0.11686457403058567,1.018519055874378,M,Mine
-1.4479028399290774,2.011739784287037,-1.8996523406122152,0.08728404601216198,-0.8887504733621641,-0.5234411907239911,0.060389536945446264,-1.7731869417094979,-0.6128876181050714,0.9665667758875701,-0.8595016106507266,-1.1789382690548558,-2.2659977917660354,1.552058708797269,1.4892628882178998,-0.7081796938038104,-0.8974276657902001,0.4470401736736589,-0.25622532916653196,-0.8637416213873752,-0.13898014514537552,-1.0921754949978197,0.5929962371946066,-0.7336682482435242,-0.90309374622887,-0.02955630973121525,-0.3718070882354311,-0.9899149311599884,1.0206630392206721,0.3554012254925402,0.9989243116230467,-0.75876903739999,-0.20952032532911355,-0.5454367773703591,-0.14728818060006155,1.9517993632809216,-0.44280017772954444,-1.149206311289391,-0.7109535194168942,0.3022813676663712,0.4155407509066011,0.47276052247190326,0.4166161549472071,0.36184882871217905,0.022820114602784256,1.0304262544813643,R,Rock
1.9993802489422363,0.7484325656242355,1.013780617384736,-1.181465855333564,-1.1054905966952866,1.5266234318085747,-0.8046161546045811,0.8284430982615836,0.08107520858565893,1.7037581646419648,0.5816529313042647,1.1230812479090095,0.6735818271907756,-0.5801240750698803,-0.9078743019834243,0.40580608694164694,0.45016721170541785,0.11823592704031244,0.27745782204066094,0.6950061000311203,1.732811774987354,0.911499004697567,2.424730187775705,0.8822945715906347,1.78152410401267,0.6885781468742094,-0.7876898955940642,-1.922292998078929,-0.047063487231926014,-1.1480582142288733,-0.3852911142554973,-0.7184560236329984,0.29276976046682657,-0.31381132112515253,-0.2877460826391321,0.5351959046148846,-1.1838341872793567,-0.14416276474542353,0.49023601349949164,0.28237955089866223,-0.46924276234047807,-0.3843707937889338,-1.5813811079066253,-0.46604506234843823,0.5572449471099755,0.7503487315196498,M,Mine
-0.274273549734993,0.5776024208957181,1.811280517203962,-1.1922829047667916,0.17715214335500198,-0.24660082941020012,2.305452577228446,0.2983087673942448,-0.12722609037030427,-1.2749220128409835,-1.0590902634396486,0.2916201683000801,0.8687381415595178,0.41206598544878786,-1.000902407563743,-1.5831364812633715,-0.9488792492486197,1.1020274943155983,1.6100225225496976,-0.4495037932673677,-0.5120997835184584,0.4400383964385671,-0.07136858847568753,-1.1146129373080345,-2.099565418952793,1.1015049080713395,-0.855197439397154,-1.4860698983265608,0.0886200376598901,-0.8951528828125376,1.664120575648825,0.5238975186960558,-0.35095450291372926,-1.4141868326858364,0.9687796424215905,-0.08368365956240238,-0.39774447694598924,-0.7274042581532737,2.5918238059222594,-0.5315591132212564,0.8587751359608429,-0.6634467019990111,0.31945020247499906,0.5223531662371591,-0.7853420378743449,0.4405447028266365,R,Rock
-0.2537760445946157,-1.7532026158492675,1.5095274764842583,0.7614355427993582,-2.014447589513568,1.497854098188925,0.045801805538299226,3.893179695376008,0.5931842983128086,0.5544350462793696,0.9402827466046842,0.7599438655626182,-0.4657901198733925,0.9264219878565789,1.0745235710857513,2.4883813466659546,-0.8682650623230163,1.3109424384871058,-0.8906998208207837,-0.3306419682404494,0.547704281978261,1.0626039526129254,0.47874506451339466,0.914875651358302,0.7581559266392403,2.1070772047083133,-0.5786164291041557,0.8573656402125613,0.2918494072831733,-0.34077878157748775,0.10806008268507257,0.10848380420615661,0.7007415946375538,-1.3726979288251422,1.1904150397761155,-1.0261593962878843,1.918278743716954,-0.28158457022473504,-0.10678846854643849,0.3428473804583943,0.9497025273222226,1.1360949101454414,0.1934621689492491,-0.9734281487470707,-0.37067836622064676,0.9431695269880297,M,Mine
2.6076717952985233,0.5518284593029422,0.6825365885569183,1.3566471448796713,0.6771365324515743,-1.828128393135205,-1.0938905067748086,-0.6911914890915231,-0.21227003985845472,0.16815082710597715,0.4637324654200636,1.6074794553927871,-0.5779400957618748,-0.1890135551204219,1.2953036919571672,0.9070946038196663,0.6729446140762504,0.5575409320480752,-2.0107914767773294,-0.6320243830672764,-0.6728533237615862,-0.7299428033683559,-0.1562016406900095,0.4989623155176056,-0.43261461311365024,-0.3114642881159621,-0.14511560763348738,0.10352112321363938,1.5360691669603228,0.10735909523593044,-0.6703555374492021,-1.2317134682264315,1.6921759119460664,-1.0733931464562119,-1.8084841245067764,-0.3290199204061442,1.4474084591872618,1.482582704657251,0.5710066577874664,0.7294456482367031,-1.0917837936737986,1.5852348494405102,0.6628417923575897,1.5422561326799602,0.43055179843982955,0.8065357908854874,R,Rock
-2.795633558028279,0.897007048837314,-0.10607970873618525,0.7313173237350556,-1.4585571139774243,-1.5233985430620514,1.6356267017177322,-0.27466586746101296,-0.5543275506680397,-0.10318701833719139,-2.1355274258084336,0.33632636840486135,0.5971632940448965,1.1504848834376649,-1.733222229300672,0.953708173968458,1.0432650576131575,1.1096402867864035,0.845267264848699,0.045706619155916804,2.486272994134891,0.6918948187824588,-0.9138719234616056,-0.931917154780637,1.3101180368210517,0.4164670856902159,0.49883944599643737,-0.8342289087479122,0.34858629663219337,1.0744162972532938,-1.4571683543194882,-0.47638496212631,-1.8055546979231416,-1.6135430875766383,0.281907497235099,-1.4491236072467548,-0.683186502865076,1.2201764084489117,0.2439832871162707,-0.3579691305230202,0.10932170085428873,-0.2791375933330697,1.0658890960225202,1.0591910730999312,0.23674201665395025,-0.789528434583791,M,Mine
-0.8911006735592575,-1.2089553405650115,0.22708341091379103,-0.5492872008218234,-1.7175060930529724,-0.7581882641376634,-2.626774879734401,1.785996986741664,0.5768916433566581,-0.07687971371119748,1.215744557169618,0.315939544286675,-0.9253847686755347,-0.3919360579983311,0.32519747273735083,0.8444745426182285,-0.5391269280370393,0.5474329588807829,1.345318682824461,-0.4616848926469924,-0.4722972298453687,-1.0291920544557167,-0.32012380440509697,0.44860189241597126,0.10513392137501132,0.8709320568669061,1.772113251408395,-0.03239376559565177,1.8694131107872556,-1.2275799424347382,-0.9917178868128732,-0.4219263045114943,1.8431262988711186,1.0957250557988771,-1.238719253709503,-1.041972469702841,0.5191544398001238,-0.25623013483931867,1.0441849769663998,0.34563208469564977,0.18832135158874477,-0.9885786474841499,-0.10879239759954142,-0.6672368696598143,-1.0751772124950192,-0.5398857634043084,R,Rock
-0.30018982069795686,-3.1518378103738156,-2.322025639005914,0.07812139333552329,-0.308026704753356,3.0544707901595793,0.9450037950051066,-0.708320750021093,1.1858994233811277,-0.5606793388688909,0.20232810497372297,-2.1656870387239366,0.3852954500882204,-0.20208479285469433,0.309608672039895,-0.20351676928294035,-1.6980862217782617,-0.026968481376329723,-2.5876711897111284,0.5262350109612598,0.33376807492831745,-1.1446367157296373,-1.4288311146068047,-0.14846881342880322,-0.17834165615553144,-0.10425743499560074,0.12727277144447344,-1.9139567880607795,-0.04555491071808039,0.36307640934229063,1.2352660494347045,0.5351568147856278,-0.467525470417977,0.3140507747145055,-0.34462580317111025,1.4726133747062828,-0.5747469698876133,-0.502355741936308,-0.38310713002984,0.6424554711988495,0.3480392225879951,-0.2708820035077466,-0.18153472992147243,-0.7483542127085266,-0.005587207847053136,1.2028145530838301,R,Rock
-0.42033358312296437,0.6745997024677399,-2.0184884064926174,-0.531210015352379,-1.4286040459194767,0.012237668591257803,0.10135518077166057,-2.0777592939498706,1.4872375409575065,-0.6182603047746051,0.10681462661982873,2.5419635161343193,0.13392336638338626,-0.310581714282762,2.4495348967171244,-0.16577059655163945,-0.43037809816197076,-1.5906384647588043,1.014421965803787,-0.8885977386539169,1.295382383379896,1.097218945892787,-0.5604759109047639,-0.46631387760980647,1.0396889279230495,0.9157167655600027,1.621493300287802,0.7721856153261704,-0.7276113268113672,0.5553232466774225,-1.009159878106958,-0.18935798105929103,0.36389124016183266,1.0531733694412677,-0.22700628111343274,-0.461073188684767,-0.5184089004801054,-1.1695838711703916,-1.1751932257842774,0.816387140128742,-0.7439969134308227,-0.49314606457880034,-0.5742059414979248,0.3560659544465967,0.7389190899526978,-1.2776819538932596,R,Rock
-1.330217253752259,-1.1477667252060642,-1.2708565551322277,-0.6541638023723305,-0.9620667034510001,1.6291274078129525,0.9070873381251261,2.363048088816868,0.09790056879712665,-2.3160604096126636,-0.8469049316249043,-1.4723438255650145,-2.51969559924857,0.4502006306377703,-1.5305648320576937,-0.20622519722112315,-1.6895603393816911,-0.5758177193735823,0.066560561258746,0.46565409747806036,-1.1506834303668572,0.27934689177630895,-1.790240344093535,-0.8115366418178745,-0.35743136304610423,-1.3853517191708762,1.9502173027019565,-0.041978251481149004,-0.28484143030993125,-0.40024701600205614,0.228580574015839,-0.04575332897731423,-1.0829057136725069,0.8563039995787772,-0.29948045347543895,-0.882290427915424,-1.4672122073606833,-0.5108450215473803,-0.05856990126163004,-0.9759720446496662,-1.3464533362668916,0.41519521422615846,-0.8256329253740154,0.4437451866494848,0.34148790011148,0.18844470209767428,M,Mine
1.094296148263691,-2.3385586197120802,-2.872311582393653,0.9050357223404064,2.0408024208215343,0.45425840982199545,1.2869819367174558,-1.6085732243738917,1.152779315545862,1.854340246583614,0.5830434075339165,-0.18219577830843686,-0.37983312688793003,1.202370487224365,0.006973443795549957,1.401372415047494,0.2535373344770995,1.903992176288553,-0.387817849110224,0.828169330545256,-0.6849404040954121,0.9834673867899455,0.7795801305341107,0.12807511818055795,-1.2899745690335094,0.6028170894334701,0.6383324950989002,1.7641102891398996,0.6801911270240968,1.0461933555579126,0.6621099582110939,-0.5690017338057035,-1.9962645476918708,0.29381130983932485,-0.6575363926236079,-1.8675886231381744,-0.17216898320090068,-0.38975521968171334,-0.5214449552644387,-0.05037065631302654,0.2624825670817293,0.3081071332270956,-0.8352488926538054,0.12271747058449056,-0.07624223300438475,0.3709442655945957,M,Mine
0.8073256120190805,-1.5391483315844259,-1.790033355354326,1.0736119601403105,-1.282315157914169,-1.2947009881932867,0.895064451115142,-0.08573849824963044,-1.9852978950635647,-0.8100597917670276,-1.2266833951339344,1.5587000566169398,-1.7289621869084346,0.5383915904714823,-0.67285522579834,1.4002840034191262,0.5371099032550118,-0.9686690139221681,0.4694969820857901,-0.0529053362898374,3.1155934110911474,-0.6991739089568619,-1.2729515775410511,1.388273874057004,-1.2936370351137128,-1.9512723579204536,1.1712836574263659,0.3615776178224358,-0.92058058953165,-0.7094616113611594,-2.18130473328673,-0.436449030331534,1.409089321202158,1.322516849960003,0.14188444888226992,0.4246099550500801,1.0325208120254015,1.978283533827822,-0.17057169859335078,0.3870348946881278,0.29802820042196415,-0.5267263897347024,-0.7212046176034541,0.6019090048023485,0.5622206714776306,0.36799042970099083,R,Rock
0.748217463641335,-1.4060386033108003,0.9558871931274567,-1.9441635789915008,1.4943052268847588,0.571538393326816,1.274680513214891,-0.974499446821077,-2.658000842649373,-1.1125145820697604,0.1980324533036645,-0.2539938169513734,-1.4360315672780883,0.8635024562595024,0.29858693466815983,-1.0731460112118187,1.924448817699824,-0.08446854203346786,1.1182833932151097,-0.08417106780463202,0.6414926507926985,2.286197656907013,0.5785032589648778,-1.255112803915481,-0.11617054135795409,-0.7075531594764662,-0.27348619501913635,0.06634764690764747,-1.0780676993764058,0.23895606795668348,1.082143599326865,0.5343657458528897,0.8820326744943979,-0.5844652219296426,-1.2086760384230553,0.4973161820067222,0.8895645447984484,-2.2238509896304963,0.6214952383471637,1.1754759891374322,-0.5518455981849623,-0.3554783308831138,-0.8842706905230575,-0.05035650130599233,-0.7042889632801795,1.0700374919923015,R,Rock
-0.8393882062037914,2.4160599717407054,-0.35503560942847856,-0.27843638907862994,2.778657987682944,0.17051000271496444,-1.1291675971886095,-0.3815485458534333,-0.41551473673259554,1.1752265855608743,-1.334645000265061,-2.0005274114049634,0.416906435056682,-0.1546082724014844,0.3951111281499605,0.15284193996366618,-1.1702667180969697,2.1436910112154064,2.2184704430942888,-0.12315221393474149,-0.8223939982144283,-1.292060795728517,-1.3642281955718236,-0.9529629268293386,-0.3391349441987838,-0.18847121985579612,1.0893802047139127,0.7845399492609575,-0.8172074734799251,-1.1335047709119987,-0.09033056083674394,0.6336948874583979,0.6813549659907835,-0.7836565666415669,0.1296166148004655,-0.6134017410158736,0.23692815158368552,-1.2921429437003744,-2.0191851037410253,-0.25230258667069544,1.1510395331158125,-0.33811616899051233,-0.3286695096204179,-0.8849323906919413,0.9032105367776976,0.03134769660249965,M,Mine
0.656757978485109,0.49993315159823276,-0.8699598587262086,1.1712560147734616,1.312584455545722,0.04082849435290348,-0.04096235222816479,-2.098745367435827,-0.6399647893638359,-1.1280282787814728,1.3420810443098323,-1.8512203688525497,0.08726483324715717,-0.3547439793333102,-1.5485076182188915,0.5660700076391384,-1.4765224444795462,-0.40607400219227646,0.1586355126822489,-0.17847354466166487,-1.5540575753546584,-1.1974049845992907,-0.20521375920786675,0.5663683693699193,2.3893103550208323,0.3541396835767951,0.25168358708990857,1.9475261940466717,-1.858787201094891,-0.02797033851133069,-0.010175585702026313,0.08388182543537712,-0.3745905702869456,-0.7946928675779099,-1.8711850797766219,0.18519299863547597,-1.3075025500708939,0.7579023720376538,1.3032296709850388,0.8962951945574532,1.1132812941008723,0.2998394483722631,0.2352308323797859,-0.7819829381630679,1.2715962191447159,0.17523496718184153,M,Mine
-2.620771345310719,0.8409543170918304,0.4846148190418852,-1.1093754073002902,-0.8834519415600574,0.989397522294808,-0.5580235539087065,2.0791962067435863,-1.1236043997364817,0.3419151716872532,1.300858251441108,0.5417039496206939,0.2745703559618827,-0.8258231935076725,-1.1506757065875617,-0.30692834455587326,-1.5984094055723455,0.4085418033808941,0.9202245620038342,0.10732882474499154,1.2161147097275185,-0.44511687885001444,-0.3084280468571249,0.4140442981464319,1.854723528224092,-1.1676342875089822,-1.0157397843123543,-0.5298081143206479,-0.4015738705049387,0.2988585970700756,-0.2755080971337493,0.059782000485193935,-0.8443090180627479,0.3718567397471517,0.529490841364012,-1.896612213276678,-0.12367483182284562,0.36361804504576706,0.5614573828018532,-0.9119520495619619,0.6108481255466094,0.46368514355631485,-0.4058324450796795,1.109309181365857,-1.5743060943783664,0.15256417426963148,R,Rock
2.3689359358103035,0.7772767895743737,1.5565222251321227,1.8156995628075387,1.6028764502353072,-1.5351443177639985,0.3924985652414641,0.31405282064790496,1.801661999722828,0.5860627880817261,0.958923197965761,2.3819224645857537,-1.2306093639018632,0.46471696279823316,-0.5795292485460949,-1.5566796037771113,-0.047518965636818775,-1.1385800489000495,0.18208152602938824,-1.1121065753611576,0.5085407571185616,0.2328098120745741,-0.5317187720825742,0.2942390540873124,0.5105907316230612,-0.29706750091447937,-0.39204924127446006,0.6347879222901802,0.5701360683370187,1.2854869043771953,-0.5006960171865331,0.35695935772936155,-1.5270853108129745,0.8594515580893662,0.8552658128265901,-1.770615004712178,-1.3981627634005964,-0.6426205898022778,1.7988956006942034,-0.603239344750766,-0.7818472507050107,-0.3762729640594673,-0.09677927137794554,-1.2989763956896911,0.5826651338234297,-0.6728350409846743,M,Mine
0.4527494138670967,-3.4865408418686323,1.774873438548683,-2.313856374652732,-1.355470328082153,1.9069355986407708,-1.3350179194985412,-0.16784533501026816,0.1749141376032286,-0.19544018257908868,-1.7385486451459116,2.1991839216039217,-0.8897857158288618,-0.5268569969000341,-0.7616571387296279,0.9573133438473488,-1.4936330788366057,0.906649577914223,-0.7152043097012051,-0.055173063816370514,-1.9066699153370712,0.8134968672579707,0.68016894487068,1.4363265251315085,0.4495958144024696,0.824163735229877,0.2834887938444168,-1.1119048611059683,-0.021213458837770236,-0.035285888731705066,0.21270088994607653,0.4783444348955461,-0.041684296951342036,0.13833004326742993,-0.344471643498105,-0.3565652725951745,0.8612574116846234,0.08796413072569711,0.4369193588493232,0.4462423503400335,0.9325226824092806,0.2869918112162262,-1.3779643244409938,-1.843490944785772,0.9477656986265248,0.2850341997105238,R,Rock
2.126318318820982,3.8115345540649423,-1.279672599679576,0.10026221261977718,-0.7122443049961078,1.7777096532562258,-1.2542624000875182,0.32243397234052446,-1.5435694809127956,-0.3332193578459517,-2.0047069496941265,0.4383082755293998,-1.900067322712983,0.9782123298386484,0.2380592859534737,-1.1726255152822926,-1.0770886067722871,1.8135621707215004,-1.1267073613891465,1.2716304090482047,-3.082238844834663,-0.740537049598575,-0.44157611779500233,-0.9467415386482833,-0.9399810611658871,0.9230858947269824,-0.8271247019873742,-0.16386371165824448,0.6744476313163077,0.2329686929471032,0.06094997365961349,-1.016878794625218,0.5142268316700705,-1.0002730095700159,0.46870117373871395,0.09411186158123261,0.44260373852925405,-0.7938232205706685,0.19486435999195864,-0.7573696352285215,0.674279880618952,0.10567505988418792,-0.23138344526631632,0.570329668669936,1.2211316212427297,-1.064949831727545,R,Rock
-1.5696868995620832,-0.6461985710761613,0.041569279783694915,-1.8651978795300839,-0.35478056820653087,3.519018687860789,1.0901089336699656,-0.7224354351182758,-0.22834046567930721,-1.0090546667436422,0.2137717350194356,0.4889694848725181,1.3856104450276396,-0.598591978083402,-0.7727468693461784,1.0031129994471248,0.5868172819557407,-0.8015688306819388,-0.3281339759027428,-0.9079770511115426,-1.0845979168444757,0.8435107213135697,-0.3233543377473629,0.013818775649958922,-0.8020508807867281,1.1688566240731926,-1.0812302460245893,0.2713610491987895,-0.4992989156642341,-0.6430090182501591,-1.4569286954803584,0.6837093639682352,0.9934201963244551,0.35783003657558077,1.167662129261327,-1.357991270443545,-0.1461120488078787,-0.15569060709419658,-0.3816737094547046,-1.3702877648570744,-0.01983471160916445,0.10536753785198708,-0.5203292959290146,-0.7654066211993277,0.5011476030528399,-0.2178335151864101,R,Rock
-3.6949653083916325,-0.6743305547060829,-0.02798580161296351,-0.16430440183917674,-1.362371469567015,0.019917321003830635,-1.3812522493481567,-2.550927918470666,-0.4922066965055333,1.3247257808321593,0.03645318322933027,-1.4619031740170139,0.003919388138328187,-0.6836355544378961,0.9465162874176951,2.6816602751549943,0.4478114914036619,1.378230871737534,-0.00740801915889546,2.0411474663610756,0.5254336818029247,0.7686777376509828,1.1067767099432848,-1.9404651627376601,-0.3984980106557985,0.5949205028198533,-0.27638773549607343,1.3188337661429501,0.6518159379092503,-0.20879957025893142,0.4464978886237774,0.7541104090689468,-1.0894418073849095,1.4593908644280769,-0.5789986693221707,0.5192039426842376,-0.8051328670351675,0.29030757400396284,-0.005621169623791916,0.01201744629396572,-1.7256182320132023,-0.0009133502178344405,0.5453018155149274,0.2831091237895618,1.4271565446636811,0.6447473526140246,M,Mine
2.6274193777981,2.2037700684649626,-1.991578480995365,-1.259281809507998,2.040288234500693,0.9648473609558773,0.5864614880076965,-0.9440626520445295,-1.2122335831121602,-1.4690099014751703,1.5483693721297909,-1.7769316760600042,-0.19903333293133435,1.8164456217973926,-1.8887876071739174,0.8808939214649931,0.4106848785906523,-0.7953015889463113,-0.25839513428121275,-0.2751856547609667,0.09327097081884833,-0.19689510857959758,-0.810750701997802,0.1722408051737376,-1.0519165247517202,0.14969797752960734,-0.7197813699677487,0.33034870216705703,0.5446925589704884,0.8290773789424751,-1.1326523283545866,1.2928837648400415,0.33827266691071867,0.06681122493030858,1.2856458441325642,0.7099430368411193,0.7976316275604853,-0.8320726561886611,1.988519413307746,1.3652100364756918,1.1906284009788937,-0.1803052721528084,-0.7227297279122015,-1.1776066465721855,-0.7419914220877704,-1.2178163013062204,R,Rock
-1.015836312176406,-0.13408645335720024,-0.7750042510942671,-0.3196438511111114,-1.1668134380249604,-2.072695146396896,0.11043289907729606,-1.8897041366574658,0.6703119427748571,-0.17836558218712328,0.9942139888518244,2.078983087635167,-1.233223952666676,-1.2057403601643648,-1.1184952757428506,-0.0698225390850646,-1.3262911428312112,-0.7325142499451242,-0.7000478912315443,1.8551506744117456,1.4895027860309766,0.7833742785441753,-1.5845435865431148,0.025906567701333847,-1.0631557149209712,-0.7359997452242787,0.6826174672823079,-0.4112734424571394,-1.1636121493834382,0.21218215415707126,-1.5507722986543022,0.9649777607385521,-0.45008837610645436,-1.1498060924100044,0.2628883884627245,0.11851673534469055,-0.271391625491181,0.21096535666743854,0.6618055084649858,-0.5498591533094299,-0.4483128065598927,0.6757592950420335,-0.2995518309701146,0.348810838897958,0.18733446639795212,0.09855322751247193,R,Rock
-0.3584703471941487,0.07165783495311567,1.2210922459520857,1.3165647101348128,1.9937097025014703,-1.4990647929857372,0.07943765444434901,-1.9204678805377131,-0.9476428037176134,-0.35600897491774747,0.0022454171357935244,0.0543391755124188,1.0842258062915449,0.763519286607679,1.2833748922502395,2.0457201921490533,1.6596615946408801,-2.714991202049761,-1.8090790028517436,0.09534741082437591,-1.0209125856058177,-0.39428766136131216,-0.5691787760135965,-0.2875339926345142,0.13208484206641072,0.24327461497413155,-0.9493089495971021,-0.8821822615748252,-0.14920964588413688,-1.1074844584222256,-0.018975775149144215,-1.205009885887221,-1.0054607658963681,-1.283169141728406,0.5561640920649832,0.21999285226543755,-0.8514236023208187,1.075280701771098,0.41529560882612937,0.22620059531390463,0.12052282469215309,-0.5164431659253372,0.0358506322581235,-0.46468195623904257,-0.26363705581033015,0.13924294226526804,M,Mine
-0.17030034114602766,-0.9394046259021688,-0.3324036609555362,0.6426033695408035,0.10973898074769071,-1.0937069023435997,4.123898444261218,-0.5133877909909674,-0.42560975280627633,-1.4061816711031265,0.8551495615108976,-0.7647539181674357,1.1103394337323678,-0.07813915071661771,0.6509523812258862,1.6297971910984557,-1.6644495989110242,0.8552486812267364,0.9062341182897791,-0.22387123056256902,0.9438704449863305,-1.5418088312602376,0.9747657995392197,2.1304084250014674,0.07907104865301226,-1.0043938165213535,-2.049274082331396,0.17211828708761084,1.8020723811757693,-0.7249030991620663,-0.1378505841525363,0.29879887911037695,-0.08929768760819337,-1.7897093759722524,-0.876820831806822,-1.3823317846991188,0.9596032102739893,-0.3103850227517838,-0.7241311692433201,0.42020767466830283,0.4372290691306657,0.3646308279819367,0.3928941366999554,-0.7905522993848686,0.14516996960873801,0.8979179616290724,R,Rock
0.18585729101028206,-0.58648850438995,-1.8023208980388403,1.3772319826556383,0.296006916878175,2.858850241483458,-2.189421572755313,1.2811453957047105,-1.4692633885776563,-0.3533150556123326,0.12268965793314648,0.28090061578651027,-0.9833417349652779,1.2431187111510429,0.4112312627679301,2.0397673058118992,-0.29108895354831305,1.3781487946372826,0.2543758454618973,-0.629966304312338,-1.5097244234305167,-0.2130796048501473,-0.6947715214009877,-1.0052426153734473,-1.5430963440658747,-2.21625890264386,-0.8598865440407881,-1.0190416760493854,0.434331808161861,0.731245875531274,-1.238326884059898,0.701591983203926,1.579013647512362,0.7307449044596541,-0.6026461688531257,-1.256548292835051,-0.6275612287615732,0.1530888281292006,0.16855774703940957,0.40233966032281215,-0.791232745764681,-0.18118121822565175,0.43057166664698876,-0.6471635744625087,-0.8907890663995085,0.13684785972973576,M,Mine
-3.5700475376237755,-2.2760072665196946,-0.5657913935000917,0.99516731688291,0.38345312722555697,-1.7109499186794834,-0.16677777248596629,-1.4094374106410652,-2.4216776818160497,-0.46920442383331584,-0.16022113702062976,1.2862929697343353,-0.5732504982583786,-1.543884339842284,0.9244259148628904,-1.0679484707155829,-0.30344610627106966,-0.690425662375734,0.6813691918300671,0.5702544021681601,-0.2084130646778153,0.252723469164947,-0.35297002139994677,-0.8183468848169637,-1.5210565139558745,0.42077837989809386,0.30101285645337195,-1.1486042682837987,0.017414922047022472,1.7138098689150814,1.8246097141693298,0.4583580828076654,-0.7888933802931731,-0.8010057648799541,-0.9589567495111962,-1.891656216748827,-0.42861819850018507,0.9821943972129987,0.2827949931713103,-0.23443479474020118,0.19368981729314297,-1.582627403458771,0.49340907233893855,-0.7949868625792141,-0.058130569912549904,-0.1280935634788314,R,Rock
0.8441419385441759,1.5293026349873662,-0.6067455262473453,1.1666665221584587,-2.49861151975641,2.469512864588221,-1.1990522094739524,-0.9900537557946721,-1.8212724412872352,-1.623908635241606,0.9724980097270142,0.1673552115236379,-0.6734941570729686,0.6289288030557003,-0.15364311731302369,-0.2853563603770762,-0.5216346524848656,1.5288737138957733,-0.9546196353045486,1.1562015891984925,-0.44641364302339076,0.2931273575968986,-0.18672610968809936,0.6781021681217063,-0.20707257384901376,-1.8549136033309954,1.142516051761508,0.3481864213930447,-1.5075356547028453,-2.3762372152295774,-0.7881704316908226,-0.6091062644122668,-1.4571282528562024,-0.31799793655906144,-0.18173718632564723,0.5588049702306933,0.23708317439086435,-0.6515379263739068,0.567397813633172,0.6128868307276799,0.8789994476225078,-0.0774815184432857,0.4541363471664214,-0.7555899174055156,0.6214505524194017,-0.7054050835963489,M,Mine
0.09174637385973283,1.4902623729239337,1.4110672819312122,1.8032010479191842,2.4687762554281774,-2.1596714467506364,-0.4125156076436692,0.0645662365954753,-0.3407903799872839,0.18151245866474366,0.7820886321692972,-0.7193903621498572,-0.9610426288169897,-0.3345757447405087,-0.6042145346671205,0.9448163841986564,-0.33972016095732077,0.5751675912032728,0.0927866033291367,3.4446234570641803,1.1356296618838633,1.0394548929410228,0.7656348775443559,-1.3500241898434733,-0.04149659492974958,1.5005605152161545,-0.3792920218644329,-0.07172012878708221,-1.1322162420793895,-2.5644225151927973,-0.20810383954113174,-0.5955285967607609,-0.7073691155245655,0.2808066931006224,1.4172659850274578,0.13869000251588415,0.10170175197715854,-1.650609546524394,-0.05464937336603693,1.0430368935779077,-0.8046563920174299,0.1736597654083052,-0.9625852444737154,1.352848610658965,0.5699592988439514,0.37060488890708154,M,Mine
0.1611490982288263,0.5070313084822474,1.3678319473951857,0.39244816743149225,-1.7384251012805514,-0.6566852975038348,0.03875342825163274,1.2612475148739755,-0.9931858683304711,2.2579392080400167,2.0503484763566258,-0.5178631063295253,0.07324507666997987,0.732557775466021,1.1543364987984408,-2.288044595428712,1.1502538906229967,1.0042534339430815,-0.5225837369733047,1.2071964659351957,-0.13695164143043476,2.8788240384584083,-0.8275839351186561,0.08283427845627073,2.1915357772975197,-1.7232380927918842,-0.02066758539796574,-0.3190686417941567,-0.4313781848549062,-0.41216161044546545,1.361153148992522,0.9604548184326465,-0.7175118587064595,0.8750554382121439,1.1829477755868982,0.7649336283870896,0.1714672137998486,0.32352281905577235,0.4687881465200739,-0.41467184071439994,0.6414136645699154,0.08797408763610721,0.1980908922127066,-0.7235188697734426,0.9099966324490146,-0.3850839276924681,M,Mine
0.17087981623937243,0.32144551639749436,1.408049281567961,-2.0529674492848717,-0.3084711955068862,-2.0349565054371808,0.8794274295896773,0.6353577422285339,-0.019690317204214075,1.526742764551161,1.0576556386049707,-0.4972972878576037,0.19487744468790139,0.8249138909875351,-0.09966579866592234,0.02663614762975321,0.43044007398934264,1.763810219422423,0.1105494569650085,-0.7866626664526487,0.2612075121394217,-2.2142841500350428,0.8220478111902828,-0.7256446695654424,0.8481706110365337,-1.1580761639363433,-0.8113459152158911,0.823345959972151,-1.04060169733094,-1.2084173078044103,-1.4132888097610066,1.3752267297234935,-0.2830249469813624,0.7302196888367246,-1.1581747103077538,-0.9169028109503754,0.137790314179468,-0.4212627492042404,0.3670178066092403,-0.9431631865694778,-1.0474184416987815,-0.3917982334800625,0.7074333359636232,0.6068192842805228,1.6512950062701506,0.12415650241648414,R,Rock
0.5816460109785833,-0.7237223244042774,-0.45542912234165217,1.2885746028513025,-0.8213796158195589,-2.289108483910003,0.2814345945170304,1.831739094875001,-0.5328205753353829,0.11011386133226768,-1.0367357006874889,-0.09738087766748706,-0.3879211479784695,0.6579764641481847,1.0163624205927102,2.7098839254166305,1.1171063145367994,0.228894120034623,1.158521008964493,-0.9007080738275742,-0.24364920131325293,-1.4451332171999671,-0.3987069568292133,0.8293319418624093,-0.9982248539865093,-0.20247176738665035,-1.7095124984183483,-0.018110709965260943,-0.7284896265744288,1.4777050086516974,1.2363583501577633,-0.6438408774177495,0.9457335536795287,-0.8218011527566782,1.0495881039526973,-0.12362383347231971,0.04923015466268258,1.1490301060413715,-1.0427913953274508,-0.0888275087905922,-0.20597450826357602,-1.604040640254614,0.7191202388365523,-2.568574931242539,-0.9566293770946401,0.24055795677875214,R,Rock
-1.5079217699885712,-1.795550643628658,-1.9517448610203108,-1.2085843871603879,0.810972356585545,1.1243914591979434,-0.4525894333407373,-1.4802727822626356,-0.05714375930326322,0.07145964314514103,1.040197527566952,-0.10293731576401646,0.018518112404247635,-2.148127946106203,0.8192597516512188,0.5873810535395237,2.3160217649607517,-2.1093516846407496,0.7546103701285823,1.2299275133187264,-0.735900054491923,0.36645960968805275,0.5406728677285269,0.27210108030288266,-0.5710604109362851,0.16351580010779224,-0.862740044742557,0.9014601598181134,0.6765492143843577,0.8263220798405442,-1.5956253560079006,0.3002637427326121,-1.5510811964372662,-0.31281562450233474,0.493774210343707,-0.7667984473529957,-0.7240610162282267,-0.8645841468131074,-0.34048061711739147,1.8776951483268909,-1.1424663456149378,1.1403244024980241,-1.2448823240476992,0.40244657226637875,0.35758106225209,-1.4517670099569107,M,Mine
1.5284302701943615,-2.989554171087582,0.07024873020182534,1.7950268813573644,-0.49954377679973455,-2.161317744295037,0.6991971108376711,1.0245711958809391,0.03898862201164711,2.3480820470389703,-2.581356687374372,0.4089828631444707,0.5287034671493235,-0.04608775878113885,-2.647167636894623,-0.33970606717210744,-1.018529491647653,0.6968298081767907,-0.6943154804772887,1.3773691077670116,-1.0726165866872415,0.03609114588890404,-1.8411999381236483,-0.5922493961022797,1.779388201186647,0.5701067573268548,0.8256516274431621,-1.470772869615776,1.159299843518557,-0.8087653528588766,0.02904139347003224,0.6143528560957586,1.0850817957138146,-1.2149887128562895,0.39900451111760593,-0.583124333320698,-0.796850740346667,-0.6852490235887854,-0.9224342814284332,0.8372727583487256,-0.9531968161099336,-0.642056758421623,0.5607316929491379,0.10109335045594198,0.46226381073980055,0.01481822149081035,M,Mine
-0.8726669315268534,0.3885608092776919,-0.053622229179453494,0.18937385091483577,-0.297907758283157,-2.3411507137909306,-2.6216221135809192,0.05110798972332778,0.1092625133247586,-0.4135478563595204,0.19412545729280656,-0.9414508378442811,0.2966663501429033,3.041817644789381,-0.5384140739830983,-1.8845485123595784,0.5774313946784805,-0.30657995539384925,-1.2373774805407214,1.342533340989156,-1.2357931717653146,1.0608622751639054,-0.6071843253098546,2.034447885470642,-1.5240563954353274,0.16592707109349908,2.114863445230352,0.011625241044209998,-1.6685598409173552,0.28864235740082383,0.36443606442780946,-0.33453823071187844,-1.1076307230401543,0.7711894928504436,0.21512845396682054,0.12136016874480332,0.9275545639007795,0.15481649856689983,0.23943558795371506,0.25410126067040384,-0.3618618725932484,0.9568776674612529,-0.2074654882526221,0.6164691268864279,-1.1740610094732602,-0.5414493652109134,R,Rock
1.4010712062500421,3.229008453051957,-0.013828684410051601,0.4442324253274484,0.009524748581684688,-1.827966784454395,-0.5462002315632489,2.8489246001830875,-0.20797063442124553,-0.014924178703865837,1.656072494585192,-0.6991014696587428,-0.664461839618395,0.4642253617222658,-0.48569924746084625,-0.8274010256009234,0.28955191988247375,-0.8074681506721194,-1.2390660968243643,0.5004962297413601,2.52053975781875,0.3855458399891027,-0.26809937299872827,-1.9475236953485913,-0.4577955296240188,-1.0053992984318965,1.214210608501173,-0.17171762505593943,0.43318588314649986,0.025866621538129266,0.4385177386291738,1.3230470647101877,0.8136897013624684,0.3151848688138058,1.5713853889110454,-0.3121388340070602,0.3946130163795741,0.14478640548329863,0.09332033286786837,0.7323458867235544,-0.34059945961582766,0.6090950257697108,-1.0224140028024273,-0.6642220155357471,-0.025991424319555617,-1.2650852963068344,R,Rock
-1.6979668738177782,0.4566986048689686,1.3816858682364679,1.6269597412894774,1.1564684611328666,0.7185484661785578,1.535171779356004,1.1045795097147024,-1.143981869081076,0.2772939100170855,1.2486898749470063,1.8907947014886868,-2.10389868640783,-0.5651926077722046,0.795608652656852,-0.7509514560580807,-2.2822524263970596,0.7504448555525256,-0.7677697850686049,0.16529095628783977,-0.37038413269280945,-0.6114092763629521,0.7623214121058298,-1.6256958569118614,-0.004754408089140367,0.2871933360144263,-0.7840927239460513,1.8900635575759475,-1.5993377925363688,0.2604095147529594,-0.07456944663940311,-0.6428488794766593,-0.37052829899867656,-0.3443749918337874,1.1191494871729284,0.5533006980798696,-0.5018003780522259,0.3498033828728056,0.12762422101082682,0.22509681514830807,-1.2805211136351538,0.7135196941049389,1.0693281766142406,0.004839822850319788,1.0178974428644247,0.566755167124499,R,Rock
-1.2235025407754283,-1.550634634071828,-1.281122945114116,1.3533972550467555,-1.4562247835548376,-0.015837910641246688,0.6742042594679739,0.6117952357166916,0.3513327935701803,1.4442407207563477,-1.5957732553796822,1.1830728376127653,0.4403910706040237,0.6615613240550273,0.35657703938768087,-0.8072764794372231,0.06859732944707887,-0.4372913642558498,-2.2368994317952176,-0.23138451122830975,1.4703702609353229,-0.9477873564883961,-0.4027001349165424,-0.33139891659997045,1.1492249724251604,-1.7878379077782949,0.8750271985024387,1.5865990127731318,-0.022331058882316054,1.1811097761565739,1.0523440533360011,0.7369617469568784,1.7381060101033028,-0.28658019305516963,-1.4183832038543178,-0.9419552403698955,0.7667210585565791,-0.9814870589271555,-1.5445139413371063,1.1588713002063427,-1.1430978675263506,-0.763036400702553,-0.6698545566356588,0.7693251137302791,-0.9570669656090364,0.2632321767373155,M,Mine
-1.7367236080519803,-0.9828639251955733,-0.31799676178894626,-0.798856212647992,3.1891277212950015,-1.52822521288862,-0.4193136398610274,0.8395611733623298,-0.9165920815502538,1.1206903660530638,1.0070876698256586,-0.5503988681038209,-0.21183493029018852,2.097109110580493,-0.29475987797025277,0.9996933378852185,0.27233489601566874,0.2837879223984698,0.3749061743631375,0.2583434308630143,-1.1537164854052453,-1.61098908855311,-1.0175931787174732,-0.4654107644955167,-0.02169095391875443,0.6122332076752676,-0.7286042254243673,-1.4851588721198243,0.28348414118922266,-0.13143077033554143,0.2377727234459008,0.5799756165650509,0.3017628026644626,0.2663756901808156,0.6024127433947383,-0.8304583883789721,0.7300094469426235,-0.5967888079647131,2.5081549245715573,-0.41297064561053276,-0.5093352914479325,-0.8848924278078961,-1.2234544237080576,0.7027665297899061,-0.9039110099811356,-0.29347293199687013,M,Mine
1.8059617505362802,1.5342933746828737,-0.399865689876479,-0.6209398720599912,-1.7039003881423598,-0.7315125577033591,-0.38857359308581535,-1.0929951938917428,2.019391792153291,-0.169613374015112,1.7956671930161598,-1.9222022036652209,-1.1910205974030854,-0.44881185504252563,0.8376847491797494,-1.1215412329117738,-0.8078016246777412,0.6827067312801859,-1.1116438702658022,1.254281856164638,-0.8121056936135579,0.12083336732459184,-2.0224416390982283,1.0367059662054423,-1.5801397448794678,0.45041134647299963,-0.9497973129251719,-1.782280506329486,0.5399640949819683,-1.1419841362567587,-0.23917413495789058,1.487205107556472,-1.5104619961333277,-1.2135883140056896,-1.4583634116800932,0.9095124831364412,1.6032044612532246,1.0864667603826714,-1.1061042899606437,-0.647141194735879,-0.2782026274783461,-0.3489514167120797,-0.49428291936388324,0.5502139821916898,-1.3466952872598108,0.6331386695584825,M,Mine
1.460967301937883,-0.19634670265176418,-0.01545481499970468,-1.9666069350733089,-1.0069264174086567,-1.9254765802920009,-0.06315205473383524,-0.08756074328701413,2.4461269277520445,-0.31349782900211776,-1.888519990041592,-0.5993736635499777,0.2232327990720542,-0.5524715563315373,0.7502993839862113,-0.2401398334535852,-1.0411435053790603,-0.2808839431429369,0.5953040587537688,1.8937614469895578,0.7988643072057882,0.9179261503535062,-1.1831847821174262,-0.06434271419902547,0.15176366020057278,0.7823988165542208,-0.6744583807878113,0.26869280246335264,0.7659779189039922,-0.1431845093874753,0.06769966999311293,0.4497671940835485,0.658016003910194,-1.5627813458229456,-0.629896702643722,1.3439521211074075,-0.44434512073543864,0.5977831157555683,-0.5676182531047184,-0.00651240650166125,0.7424323955810043,-1.341392944581323,-0.31650876733733097,0.6501020803034847,1.073727486817193,-1.5239189527487638,M,Mine
1.0751771486247812,-0.5265529344450467,-0.06651447686402007,0.043035872184270206,-1.7790227267660101,-2.0159143877770314,-1.5071747182026503,-0.1758277267214976,-2.768992319821364,-1.1509658125033146,-0.22830047623170655,1.2045802796881733,-2.0475817720701524,1.188113450681,0.18875469940133854,-0.504518187611101,0.6567242202784002,-0.47881528509671606,0.8381523741931315,1.6274206184247453,-2.0350763744764957,-0.3774491535932831,1.897070736390411,-1.1385012328959727,-0.033356252414325424,1.2208904952485247,-0.6105381650646143,-0.7831992600033683,-0.7326703233456875,-0.290031150771452,-1.6423818359509343,0.11326343722670916,-0.4938440734460527,0.7881576054521613,0.741143322272278,-0.2838052733416093,0.2166371010023621,-0.3497198146520676,-1.1405623136004746,0.057183535805107204,0.16636761045485615,2.4016739417940975,0.9705876438701172,-0.7520927383378091,-0.9601438571896251,-0.47078600874236787,M,Mine
1.425464467640459,0.6793322620209613,-0.12325560574547134,-0.528212236708425,1.2627606579422153,-1.6861362571669218,-2.1363115075479384,-3.6417771389571105,-0.6402931579419717,1.7693642994719914,-1.7600184968491466,0.25979523881749006,-0.6354506719840909,0.22087241956600262,-0.488256600671817,0.6447849183318528,1.2439663761276583,0.7739630548173687,1.535627888570783,0.15602307698603898,0.14613449153933847,-0.2534711314257943,-0.06977862269521978,-1.202331791224286,0.80918422667549,-1.0594762206280657,0.21400812409925316,1.5272662917965698,-0.5745294018216869,0.21135058448343574,0.2531661765639455,1.73666660339908,-0.24367282632885945,-0.8126967092957313,0.10071954615404129,-1.7575320850529983,0.35520227806428994,0.9778155298707877,-1.0120255325321503,-0.48133988048927306,-1.5202873093569302,0.1544040357115574,0.8216763838588831,0.2858259428637533,-0.20325766665498896,-0.37126323931831695,R,Rock
0.21101464590046767,-1.8533762105415854,0.43158783640589904,-0.36622701408007785,1.637128853656656,-0.8818916342436512,1.7545538623186938,2.16896250550178,-0.1140115120794312,0.5125642708275572,0.41397938722803024,1.1292044512596693,-0.939983127693751,-2.283902407541029,0.11318229696986364,-0.145611556883758,1.4774178418774078,-0.06954925953028818,0.4667097342117308,-0.18895848822780412,0.4012420740145808,-0.49978768030595205,0.20782400003261442,-0.6360249626686414,-2.1930179545483997,-0.7843242753124295,-0.13463073268402292,1.7395761250635489,1.5116634615947389,-1.1555395960281722,0.7617690152213793,-0.23355500199767884,-1.1318838169389556,0.2579414340975704,-0.45791344740482653,0.7998020585862397,-0.8961319490259831,0.5321450304562532,-0.41432363666300953,0.5253130252903346,-1.6465809796091402,0.9220612033185099,-0.7639391640513571,0.16805420771312596,1.119033467639954,0.061852801326314016,R,Rock
1.304314623604801,-0.8026725258918911,1.4109164770048734,-0.5658789024672491,-0.7423004223372816,-0.3452786647174852,1.908684374191009,-2.169893145880643,1.2924829616339115,1.8576949970866872,-0.10082244534975415,-0.593943199758102,-0.21109245808345073,0.9933182810914133,-0.037340465065239185,-0.5658218187865108,-1.1923676122895286,-0.05058602422333245,0.6344208241488539,-2.252449384646949,0.7093539907460227,0.4266173812390932,-0.9303531662813638,-1.4745244875604835,-0.5863674303735728,-0.7754276361508571,1.099846937886254,-0.6121885299763905,0.6773196555835407,-0.900257271974931,-1.09065717803558,0.886394768371383,0.6602250327075161,1.1291468076319986,-0.5876483249821056,-0.6605778934368034,0.5264148164173484,-0.8875520728103309,-1.441614058903409,1.3409380244942217,-0.6365718983531113,0.007464319502288124,0.4715819611727137,0.2611226241572261,-0.4555294984699939,-0.435361648613583,R,Rock
0.9482387180390032,1.6872160547790138,1.3529849466205812,1.6552847500437582,-1.2007355561922692,-0.4448325357824608,-0.3473985364204944,-1.5307307970986446,-1.0882734446147768,0.24031175724162693,-0.2866062456641215,-0.7613556884648869,-0.6782889799520501,-1.9702238795801825,-0.9617687439127459,1.6025064503073263,0.874456494407933,-0.5904114442572354,-0.6346078855418992,-1.6753577951105818,-0.978286654401304,1.555075239252647,0.12622347433970266,0.0011938307974256818,-1.5315479769611695,-0.0008674840666373345,-1.242479578619908,-1.7345425695719627,0.4215713695243718,0.2987200388125851,-1.1243886119642788,0.26297839886677715,1.1299061861420292,0.7996496913601586,-0.3201829420238594,-1.0805312775271885,-0.2316880102042497,-0.5792952527983818,-0.1767572858703145,-1.5836067878296034,-0.5571114897904086,0.5626600899884048,-0.2635124562145672,-0.10051077761672343,-0.5994765696139405,0.08273426032518477,R,Rock
0.21839484864788192,1.304556035604488,0.39861930930839307,2.562444977477717,-0.21677517375444413,2.4727942124793842,1.087610823558501,-1.1579462320083713,1.7874033203965278,-0.16705989789226425,-0.7331841143055937,-0.3499674356310735,-0.6982873883872172,2.904518211090676,-0.7161788740820885,-0.7563863198452129,0.8775332573686063,-1.0507066642309626,-0.29085446902601525,0.45344169542397317,-1.20718684232688,-0.903629115259373,1.0963856381943342,-0.4161133369087396,-0.7655459095739476,-0.47023316526364306,-0.06461778070961759,0.20063989144733468,0.15663307683836106,-0.5463421321286044,-0.652970087417841,0.47125272147383845,-0.46311854424125076,0.44307031120919277,-0.035864951487431004,-0.6834198839372323,0.3386328523553716,-1.2884968488526505,-0.21313174006180255,-1.5934414271028385,0.5633524996439688,-1.427241313848118,0.411537244578748,-0.38196771534212237,1.1744167643606163,-0.06016151680386602,M,Mine
1.3038162630212136,-0.6005610442837748,1.3443674961059693,0.2407014783193525,0.29791229950375747,1.0427272672196521,-1.645366557756179,-2.143703996565363,-2.923951844467908,0.10322429289817986,1.683674852890726,0.6132145678872805,1.488884698346962,-2.1735718043344807,0.18455826713641632,0.08297644497568198,-0.6798138468216023,1.1495184779188812,-1.3810261855781745,-0.4943108427026852,0.5430616959773705,1.1514891158421061,0.12569331628076333,-0.026492368718496206,0.33506502197090005,0.15115187259915247,0.6230773015251131,-1.398397759906632,-1.789154077013117,1.3932114756959706,0.3748406512849372,-1.910525597555563,-0.6582168014013433,0.28418658628723487,-0.8690749043817119,-0.4153446178525286,-0.9151666375275489,-1.2806863488612363,0.3617635158234578,-0.3543662495330837,0.08090458467026246,-0.14306258313330777,0.12430403357466165,0.09183610900791535,-0.4900391596138143,0.25633818711288037,M,Mine
-1.3253338522820097,-1.3237310542052236,0.11818602411455306,0.9621553890341972,0.18871784382347506,0.266667211360016,-0.24786872556558184,-1.1480478377074554,-1.3075272677211551,1.049233967326332,-2.053688584433704,-1.2714644333354035,-1.3246726791513306,-1.363284616462405,1.0677567186502634,-1.1466986547952376,-0.8443308790520333,-0.13130023804006,0.38010560092500695,1.375859253367365,2.0068504271867194,-0.959615296467042,1.3013035996696058,0.024070028689956887,1.074233786021023,0.7595239134058119,2.0067638072689,-1.5598957465780023,0.9798176605331849,0.4314279039122212,0.05361816132763487,-1.077659440745633,0.4213803087765176,0.6292276386411928,1.220067515631816,-0.5509405512632027,-0.918956833915451,-1.0329531953662359,1.2342179223412353,0.33584786932360045,0.47307753542434655,-0.2696967422350132,1.01842163001135,0.019333639328654038,0.2860486715623131,0.14471869187249897,R,Rock
0.3511368285735922,-0.8261718288762739,0.8150938747031007,0.6705925870103653,0.610387679496864,-0.7823318348291398,-0.12213698742436406,0.04308492792535065,1.0574072031976465,-0.9496461190560489,1.2000863861617885,0.03396921195800053,0.793817245114263,-2.2365421499324327,1.3905941393943753,0.5599020184074287,1.229697469993772,0.5850533944997898,1.5422679724334485,1.0830464530742585,-1.0535466184871585,1.4369520873365573,0.24215079761491878,-0.587931232378417,-1.4596990316762408,-0.6789094140394407,0.4140404302671378,-2.110270197094786,0.1429617763777565,1.8926253052415094,0.6934577089847382,2.386215266054089,-1.1917984337144127,0.07922320199499175,-0.5306563120035735,-0.27591688753065263,1.3532341577717462,1.0862905224109927,0.3208001742407006,1.1784732302494816,0.8577483873259668,-0.16439378507897592,-0.8133219631163651,-0.20450569858818216,-0.23543953725404432,0.8472900721426619,R,Rock
1.9515062875902616,0.8463755759804494,-1.3942657612708067,-1.4156386829209993,-1.3104748232891332,-0.5067706881433356,-0.18975314055192893,1.240785002568254,-2.2176616425565054,-0.651788586895827,-3.083521960816033,1.3382219307608567,-0.36043354654004167,0.7303744097276565,0.3490156554976449,0.6187255904372682,1.1707893565053455,-2.326452559190674,1.4370426016417015,0.15840866667793332,-0.06615947734541337,1.5089799568511584,-0.7589500617063603,-0.024331136814686558,-0.2396215849151421,-0.1743152070474406,-0.531575959079957,-0.0734664259738863,-0.8947895150874519,-0.20348992102845717,-0.7691020382727742,0.8253108739209146,0.6122794760193363,0.4196273020782786,0.891143715717823,-1.1403793585189392,-0.6654503085697145,0.2556937717292474,0.9771122343189522,-0.08468192096406954,0.34480781177105047,-0.3469876159334927,0.7298485904246277,-0.084066916520399,0.041829671269512994,0.31332250671585615,M,Mine
-0.2298729810961996,-0.6210570494051976,0.1213440101598834,-1.0724461845662787,-2.2500600259155425,0.05448619163275324,-0.23326232058611973,2.2238821325679554,0.49704147508936186,-1.4043426352916608,-1.6442874290974097,-0.9750590457619444,0.8050614298029843,1.3338130285886916,1.0238713486176483,-0.9018291257240697,0.935732191795547,-1.405804390602655,-1.6139609330113465,1.487157124858534,0.3860943531005037,-1.7617108408743982,-0.6241573006684272,0.08253798966315745,0.26245315728629187,2.06136299723241,0.6244912934108843,0.025747313507086853,-0.3176790262539496,0.3180898303722915,-1.4096497570463338,-0.8573726237351379,-0.7140342404275154,-0.8577460823320852,-1.829760418105338,1.5640518442514253,-0.6332574830741184,-0.0379365887120483,0.5164595458260193,-0.7540642920344821,-0.9842965227531433,-0.04881800484669683,-0.0839433732674052,0.4331688995457118,-0.4184143899507799,0.3234064067769732,R,Rock
-0.197736742926024,0.7167683924723424,0.993429079271885,0.7861399685344733,-2.105588870805975,0.9772788561488598,2.642875955833549,-2.242339054030111,0.7116416031352898,-0.42101922693370813,3.5842045583778823,1.6509955273282688,1.0212346779529877,0.7597218445802338,0.5905821278951005,0.4713710659004115,-0.6837252508912661,1.468556839659115,0.7591805004568952,-0.6539817490693514,0.9267724360906667,-1.1622498433734874,0.13203170830590988,1.0026538888209315,-1.0029604919869894,0.5874489217463188,1.480162951782872,-0.027803768297691173,-0.2213713986796918,-1.100460302284345,0.861604026773899,0.844909976985053,-0.3133156636115975,-0.22309077431403468,0.38700470184129243,-0.18465914341999912,-0.19061803627888363,1.0614973174438942,1.264255039157226,1.0350035879384207,-0.05229201090116175,-0.2869368083445398,0.4613779040117374,1.0917438497974357,1.3093511945583547,-0.42665255979230743,M,Mine
-0.3462095178885015,-1.8157058511417565,0.12272452114435267,-1.5659653269231784,-2.3164673433335117,2.366210142420099,1.9334571779077814,-1.3259562605614654,-1.8079767463750822,-0.19637449334587137,-0.09747868830690147,1.6805391435696155,-0.42355379771599716,0.050785011577280985,-1.9443653877967642,0.8174653438678027,-1.090723449944887,-0.4317951894208986,-1.065806086700149,0.2209280636696191,0.148863638486219,-0.8194246074580732,-2.305821447472748,-0.6835353271766406,0.010977294078692967,1.4672138359809674,1.1828362905203085,0.20126219287708358,1.6447698756666147,0.2705876572591764,-1.086387286296875,-1.888078783472871,0.13760343009277748,-0.29687504963384315,-0.4947089018910398,-0.6015350647205161,-0.06368787431012352,1.0793677163678137,0.9342199766987004,1.1098332680177312,-0.4386065614846866,0.06145816270612441,-1.2626494838893878,-0.5677753366941235,-0.2570330110996759,-0.20657147053340386,R,Rock
1.2250592014213666,-0.11518768333969019,0.4059766915308585,1.5407186098933745,1.2014462592222448,2.371157270923291,0.21028875913384976,-0.33284312649645437,-0.6307872540717977,0.4412821526203995,0.02039056430608131,-2.4026458110636915,1.2025273803857897,-1.3624258516832584,0.8501336156238382,-0.9519245230707575,0.828531517705075,0.04286059909168132,-0.22701138043827787,-0.024370467469638925,0.7385477810324185,0.6170027052694147,0.8365616543056889,1.0721338215216192,-0.9205322696946698,-1.0788389646303087,1.0401895364899305,0.0003887005651826849,-1.100310480169153,0.8751449374188397,-0.13465213485504607,0.12162561045890423,-1.5768859288287527,-1.108826530765631,1.3498625607103727,0.0665861872434072,-0.7883449656795009,-1.039987480770021,-0.833510435346911,-1.4707633308539951,0.5764275203032224,-0.3463315712988687,-0.4243442457570336,2.0063502104233946,-0.2973916112673336,1.3614317220988743,R,Rock
-0.7301961882735576,2.281160218885323,1.0768923829761379,-1.1442205239447603,0.2918489731819898,-1.035315506127986,-0.8184250836862265,2.2598375517351084,-0.6209863779862078,-0.7060643804729678,0.042791547670031425,0.5594268649706775,0.5530171070436949,-0.7647265810422869,-1.7698785961539574,-0.8796534787486178,-0.10505460915708967,-1.6395111474031827,0.08794751649426102,-1.5551791506012869,0.2248990415972685,0.22629498856535868,1.4965129476843875,0.34710294914836615,1.4585541920016758,0.7529956717268139,-0.32435050793388615,0.08674787010252208,0.7473264710068053,0.5780088799279827,-0.4341828036994841,-0.2766808655435844,1.1046170516584655,-1.2664671547250024,-1.397295760326629,-0.856759818757687,-0.22278721290044706,1.2290721171378522,1.0867457275754295,-0.46046644803256376,0.6549505687690836,-0.7027888142489335,0.6630633763097363,0.012322444650027208,-1.04022746614094,-0.1437148578065941,R,Rock
-0.2170588191012372,-2.221574570736024,-0.2473554538582446,0.9195250761990654,-0.988474582603441,0.005313898481128021,-0.17899848639715213,-0.3781219705094758,2.069524439609365,0.01135526001051528,1.8210856653887053,-0.8253393672379055,-1.3633818606653738,-1.051689123103837,1.7203735172913286,-1.43806275281814,-0.9000650411045475,-0.535715790419129,1.916040809578334,-0.27070910455508546,0.4400076645388833,0.5543266886217525,-0.4427918648089847,0.6546062969588757,1.3942025012344579,1.0762646108854197,-0.052466066856425436,-1.1083499114784512,-0.8542303647907952,0.7034031992523725,-0.05045062086065185,0.2821360526120623,2.865040374738785,-1.9545282307416982,1.4758413727073427,-0.5148057215249654,0.35840668041331486,-0.40631816072055216,0.5091492443699519,0.7830009761876967,-0.5041583289634985,0.9230050352264975,1.3315280087639811,0.5992444624533576,0.6810081568436215,-1.3620553322411435,M,Mine
-0.9483692984514159,1.520484233063895,0.6367400696357487,1.0028660810064107,-0.3647111484414162,0.7292140083751179,1.680198209734084,-0.38069449744355516,-2.036336072077033,-0.7873224859984109,0.4577358831483114,0.6852764240358437,1.1949601119496336,2.8853284684186145,0.008549352227418669,0.8151182035709902,0.12063822181783462,-2.3105995690483474,0.007391352109573705,0.6177753720658411,-0.23158189593819442,-1.585249825277929,-2.412954809499919,1.2370091040219005,-0.835927481740749,1.216089765275487,0.37478290433883504,0.27021048987277096,0.31793843195457383,-0.5180165399803572,0.35251349180609093,0.4199249906495879,-0.7677296315646424,0.8433551558606868,-0.09010507838636318,-0.5885789356499623,0.014108826676315153,-0.9588244005120984,0.5964636883690722,0.16229134624640335,0.36728264523831156,0.724323138475531,1.1579048967963776,0.27174994779803063,0.752664787714779,0.20470692005554608,M,Mine
0.22343420482422283,0.4202181842871181,4.082432443891644,2.5328642169375715,-1.9377219103403975,1.3800099430626915,-0.9578027500956454,-0.37733198397223094,0.6256491990346792,-1.2075837494682518,0.3723163852182917,-0.012098850106244749,1.4626428027407459,-2.103032715624871,0.8308885727017121,1.7061688233967236,-1.0576433911584928,0.365233106128713,0.12669621572160136,-0.6486529433330853,-0.243219891817525,0.5357599954036427,-0.5771246121942608,0.26793049666614854,0.289765047862038,1.2427233416993484,0.304642020682597,1.2883331557087476,0.6857925932935102,-0.09618576734309375,-0.960084886335275,-1.1173084829600424,1.047677313112233,1.0689267165814975,0.008008273884007896,0.39112755426934687,-1.1923821893570468,0.079530880304128,0.2344579243794551,-0.6745523742567823,-0.7155863173380635,0.8105363457544942,-0.1283110411120556,-0.5945426593425908,-0.5814571830334443,-0.838971000878688,R,Rock
0.1879499004950756,0.8120749226044389,-1.2083290761852388,-2.6541166837366834,0.03781177634940373,0.23826081408695787,0.22988564868987293,1.5015383367359343,1.1839597431882507,-0.857982289575765,2.6362744910761378,-1.1753077402710237,0.7222389957783416,0.8407399948097641,-1.0007826342106712,-1.4186748691637396,-0.6571305279955768,-0.32117222924527916,-0.11068745385628506,-1.0934869141595382,-0.7827338212965076,1.8427604213134035,-1.2131195069872753,0.7289127007481577,-0.2699971501827259,1.389899846953073,-2.0903322202620105,1.6807636500736947,-0.03643840125792804,-1.2254534535276675,-0.8441443389915656,-0.3038831279843748,-0.8933840558732592,1.6290159486925802,-1.040899909152359,-1.5152224178780835,0.5360022070990086,0.3911002110990782,-0.8674646575268727,-0.5420262162158165,-0.4358848348003992,-0.718355399990915,1.1542533179502317,0.11458391347579588,0.19563041615301166,-0.013676696613226484,R,Rock
-3.0234341503058464,0.42376870483464835,0.10428630452640092,-2.053384403898105,-1.8713186487954747,-0.9719576007932018,0.21956730139604258,-0.7574878756512275,-0.5472368345940299,-0.01892816648262996,-0.6959120429634343,0.8098001316029262,-0.7346854225908896,0.9487545604823606,-1.6359615123852802,-0.5867431207227006,1.3182284021161772,0.2134177099076695,-0.15387336231475882,0.8124546057812464,1.9191649703425708,-1.4221122008229359,-1.6825792900034926,0.19158154414553627,1.5792197026253345,0.5026771254995183,0.1320683792205001,-1.113021832805832,0.06951581716495732,-0.05239080086797687,0.7322689923065515,-0.07964072087346995,0.5970743295677837,1.1536940435666578,0.809344448349287,-0.9278774668097712,0.3237085163193876,-0.9789382190799428,1.108838316256465,-0.2177116837927811,0.20690749799324842,0.9688960560017239,-0.5256726311116472,-0.41639417758400454,-0.5552286227814627,0.36511723901533105,M,Mine
0.48737921377463284,-0.005029750851675632,-0.5968787487289233,-1.9890061532001302,2.2477447260210344,1.2475386194804898,-0.1890785825266635,0.9886782030760709,0.19436714216517745,1.0335716849855532,-0.16092957061320748,0.015354171497501496,-1.0975938430215215,0.9091066580825948,2.3719879009654554,-0.5761378408776842,0.5538070083555641,-1.8175658127916972,0.1177210910761892,-0.07735421947560871,0.27920540800820987,-0.24840696737604215,-2.641716180342329,0.7945088295586386,0.17229212967498567,-1.530390456627501,-0.02397887654342181,-1.0327217133919442,-0.6770017824907671,-1.1045792196872315,0.5099407924326932,-1.312751307049272,-0.6469096245776244,-1.3160680929621362,-0.6677290464016661,0.6582464721360446,0.5191014093266835,-1.0017161808352426,1.2538870692625284,-0.630341125365584,-1.823992401078,1.582032113937261,-0.5128132099493777,0.12038601794718065,1.8440959818277536,-0.207218725958171,M,Mine
-0.3154578520757574,-0.5246009998060965,-1.3126235679522884,2.8294932099916283,-1.2456950776878264,-1.1435538864049823,-0.3054906484884654,0.5517228468316112,-1.1686012097599525,0.17469514027826066,-0.5040220861753656,0.25345950298407055,0.8969118881776182,1.7646167179151513,-1.351850112581977,-0.8772997144891965,0.04511112533858489,1.019609240993592,-0.09296473243749637,0.1348422562914797,-0.6993841695833811,0.36059593869152357,2.5452634757655606,1.0357730389148105,-0.5801511770201969,2.10497966599644,-0.2321737426354054,-2.1465506435166217,-0.24610210711825412,0.2650673397155422,-0.23928187694817085,0.5190737801237603,-0.6778971915594773,1.0211774820102781,-0.5303922362968947,0.09111447871082348,-1.7389090069163484,0.9683299832127005,-0.8894620716204198,0.22656589210317793,-0.6974439719750688,-0.022418879535739428,0.09467940674915039,-0.2726799982538179,-0.6134724380733324,0.1347819589002717,M,Mine
0.8600704391085575,3.074534591211988,-0.9819936647234833,1.7248214347102302,-0.43938295474452865,0.8365877583198812,0.7136271743127837,-1.8072176007737857,-0.17389312675232185,1.4493827346470678,-0.11152478175150035,1.9003417303108268,0.7493853058394855,-0.4287620778925952,-0.02535669910417188,-0.6630230354028627,1.6667669929856577,0.6951714942837142,0.23909067279517437,-0.29411461646702597,-0.8459661042784014,2.1720571516626723,1.162609259265738,-0.6755401074130012,1.3613796432346899,-1.2330516788706567,1.8264123770133687,-0.4968650798799061,2.641083119346053,0.252480749138427,0.7270358121144972,-0.30335820425682014,-0.09494547474362529,-0.8929610312405749,-0.45777278655312503,0.1959581310955092,-0.2753745164638987,-0.4941899088888838,0.4363256281753693,0.31663670775732555,0.2542718667447747,-0.48659289134932576,-0.9241863879467961,-0.7150291840992321,-0.6169453133272231,-0.5387078926089572,R,Rock
0.7797577214247393,1.3206687085985986,-1.0262314071980887,0.6791928260814402,0.8475783408013521,-3.772180281155336,0.24932623244791716,-1.178704823763442,0.3203037035350996,-2.6146262129327242,1.1263970917254342,0.0580716700821991,-0.8656264047647169,0.4788876862526024,-0.565168728930295,0.21111288671394876,0.4060926625890067,0.546315865680667,0.9750872799879832,0.3761499625071951,-0.7335437965089366,0.302994982513272,0.5359541674242185,2.504621491398036,0.3279788136824869,0.6963073121875791,-0.7246089524073266,2.3369329608784017,1.375519460443972,-0.3270511126819896,0.010361083687395432,1.6784393006291023,0.679085518252865,-0.3251405242252426,-0.4896344897101512,2.374945390282714,-1.5274699411663122,-0.16992399656423426,-0.39747362924576196,-0.2883299733833803,-1.5964387572208933,-1.6524862747330302,-0.7819718734288937,0.6706728863273081,0.04347318442181408,0.9080351200269717,R,Rock
2.7546417657842506,0.9364698900831191,1.4350029890675082,-1.4128511778019648,1.5740183238716514,2.1454145834125757,0.3103771770792311,-1.605351635032613,-0.7786881857396776,1.4307973769122706,-0.7758132013206307,3.585732600816685,0.22205853451293128,0.990126850177631,0.22829718620946488,1.0497419401758217,0.23848182384926522,0.4414831954759552,-0.3609182694725113,-0.7149878111903829,2.2182101908010123,0.20878391610898758,1.544178517238483,0.5563223785905922,-0.08689670996328042,-0.5629976520385347,0.054730874439209404,-0.2573542462383482,-0.8257042819730015,-1.8005159744211248,0.6305017852819991,-0.352565094516809,1.6541769748847368,-0.23173080500693632,-0.9338499259697067,-0.6030609887179992,-0.6461339598554119,-0.9619651687851046,-0.7725368146766689,0.23532197391359388,0.31740359329342466,-0.5333862686540561,-0.38399826326649145,0.0671555934751111,-0.8848118579491785,0.26238558853611105,M,Mine
-2.9236290462546735,-0.11662355056303221,-0.3740006050321652,-0.4598664534037763,-0.8095251562458314,-0.32752218615390744,-1.196717491510766,-0.6868736478776359,-1.7549592666120504,-1.7703863334901855,3.2931610676880214,-0.30764306807857433,-1.6549943514951506,1.2495651603449538,-0.3244242370687527,-0.7909875518994717,-0.10020738787132613,-1.3355283664285311,2.3925763761907386,0.16113150278744676,-1.4887786979640527,0.6294483728975179,-0.3616681057210069,-1.2790402762163275,1.4207290672419068,-0.211812056722292,-1.1089055088838566,-2.0863273195286878,2.275985069455939,0.5077357521294448,-0.08974741228309562,-0.5858989511395855,1.5429067434866734,-0.8044854801625387,-0.2837694319982472,0.6691485164200498,-0.7975797143623522,0.43653054076866576,-0.6389595275977806,0.3979042253574485,0.663539508895749,-0.5870810464001582,0.46660439491395955,0.11959598911218942,0.5879136980590639,0.16047105035366965,R,Rock
-0.31880338548471165,-0.3946096668935854,-0.8199136884609209,1.1890112296937814,1.0683616555187652,0.15271754295897205,0.27204531016828265,0.40920456498526236,0.39882140960980794,-2.6447705498904055,-0.7923204090993905,-0.3037937883324343,-1.066490577562861,0.016497032411680757,-1.6743526133294944,2.1861823632361217,-0.6001718166262624,0.19129510295513574,-2.161609834100095,-0.08517669660865598,-1.9640234344124676,1.0621391162686435,0.1402775360852502,0.49960806820315806,1.946742694369565,-1.1876527979695777,0.8241791907760492,-0.19267325468489704,0.11516950275988952,0.0850375071420402,0.13468954846084674,-0.6429965579158408,-0.15748534822839075,0.03817995849743479,0.8863329971173667,1.9246053239930445,0.7473809568332684,1.2400303746126677,0.258267782311357,-0.2602954416167615,0.40622812851303197,-0.5578278216984757,-1.7478505072420083,2.7823678203412827,-0.5153451105333371,-1.019177809871171,R,Rock
-1.9704668373139058,2.66867478344646,-2.479916206950376,-0.6086922215423177,1.4816842404596413,0.45393584484533284,-1.370217461559684,0.776694515617121,0.44389473267274104,0.7010960286061544,-0.44400170263979555,1.0018985950832553,2.737446157830566,-0.7842690066232734,0.31823489045344244,0.8172599148611517,-1.4597736542511586,-0.28844162657286915,-1.1799625535932088,-0.9104802357352579,-0.5151013805756134,-0.5570651083862237,-0.6246986419390242,-0.8778336294274385,-1.6924795674053277,-0.017494472350349687,0.5070526906143669,0.34011633332939084,0.06678972584002628,-1.1380363991868727,-0.7003909625025335,0.1138849754961361,-0.4432210781512849,0.7707975377175101,-0.2929705528789179,0.955093374867249,-0.483266161691571,-1.1114102822945802,-0.26441960460463054,-1.2522701845094457,0.689149273158655,-0.8195460155303803,-0.5424294070000832,-0.7524069217707634,1.0384067881931172,0.2237845044292966,R,Rock
-0.6258883355273838,-0.3295745844822597,2.4628581587630203,-1.5647937367187368,1.0237946366004271,0.8242844367193014,-1.604205702255383,-1.1584635897341888,1.9632714603366568,0.14174403155508553,-0.8029113703253683,1.0528397086148182,0.8608798514752469,-1.3226256987207143,-0.3927882806679276,-1.0975504002834564,-0.7770044020482197,-1.582219431485763,0.3839910291642719,1.9607073114027096,-1.0916130388335574,-1.5074729928340318,0.23545713146653868,1.1450326281371084,1.341041037618883,-2.6914567893897132,-0.33222019971840405,1.251959652008341,-0.017413238605923562,0.06575962265513025,-0.5112603668166287,0.43982165220371505,-1.9534717110611504,-0.9210464701571934,-0.09118563481367614,-1.3836938650857489,1.377215235018824,1.2267889726812566,0.015761330295925583,0.40170611109010274,0.24604756206179437,-0.6535291708481974,-0.6332022997496513,-0.3408508654879785,0.34840495446562275,0.4793670810372221,R,Rock
-1.5820667947048466,2.161930729395186,-2.2937398693880136,-1.2614970721399181,-0.6375170656570274,-0.4587961050992112,-0.45635615791305517,-0.05777177843110733,1.601503813035438,-1.209164904770856,-1.9096578361050147,0.9274783233984997,0.2669633491387711,-1.0320006906610366,1.2256416363003952,0.5159716232131112,0.04432099556457781,0.351102956768119,-0.5712699163767815,-2.292660541870532,1.0512571225381242,-0.8866888726503372,0.41369900927132186,-0.24355652122382285,0.7937333296228479,-0.022511111518772265,-0.3119697412219783,-1.0251532360599953,-0.9198784827100992,-0.18194515671984862,1.5772865036781976,-0.6304567994427628,-0.45512368242684215,0.2011376619114791,-0.83085574049836,0.6529141122826313,0.4209423524755679,0.1413733375363938,-0.5737582284613523,-0.6155826438510559,0.766703669616829,1.5012850449093806,-1.296640217826229,-0.2962419474495045,-0.021888591647412057,0.3368852133818301,M,Mine
1.3498794681108743,1.053416089968192,-0.3733302969549782,1.4357715610312918,-1.1135352304541244,0.9429072867694565,2.319451115399538,0.8246050655124305,0.1326991098705809,0.4008717496314279,-0.27332188685649744,0.06162957891757219,0.8030500208237388,2.139801595338494,2.899406880027519,-1.6870847692157986,0.9238964273590857,-1.5924600772970081,-0.10346481746391577,0.6471830412295986,-0.4428828755485505,0.5372033843071323,-0.7171223798004683,0.6170737846405732,2.9291955285254647,-1.1988459905452091,-1.4861247429491442,-0.17919038508618135,1.0277283931010706,1.2505205768945444,-0.6425819274008867,0.1710472151176716,-0.655006926255547,0.44993535280646235,0.7564914708637177,-0.9368890818176816,0.26947408481529567,-0.2960477844267671,-0.17585141349072297,0.39941028441513576,-0.2652356309065197,-1.3313965485372612,-1.4089324639553464,-0.9265227028747952,0.046881412974128844,1.0344725424304504,R,Rock
0.6594439934942544,2.081781355845462,1.4573182347803386,0.8726522324400671,-1.2571670666677341,1.7231717260497745,-1.6604375451959354,-1.0129905131631813,0.15938619701686244,-0.25008029936578036,-0.6679789217929373,0.8049420153456369,-0.8735522907292528,1.6656148701837816,2.080889656851176,0.6415680625066469,0.15205862659340055,0.5422803640915402,-1.9699354722942255,-2.5628990376868424,1.919032194812884,-0.7800142581962095,1.3857794585688732,-0.3271955100238507,1.6330652820804858,-0.3958880625431928,-1.2066982782158853,0.1508497978824155,0.4649801571791669,1.1615629188908825,-1.0370347997955827,1.4078110358000877,-0.7270053059605361,0.06964471652159393,0.8727165686737564,0.9239275832175341,-0.515384393933216,0.1923406094971107,0.47680167630700904,0.17518864770998235,0.43271698602439246,-0.5312833443109742,-0.43043523060502425,1.0117383428070774,0.17426455744396055,0.23069791063239545,M,Mine
1.0883511603248273,0.491317430788635,2.0371164982599317,-1.4942188544107655,-2.039502445217614,-0.4102723381005937,0.10478810639798784,-0.06771937538476755,0.4115890333867534,0.4270382925648625,-0.42394290884550995,-1.2004095772729901,1.1751061120038497,0.12389838309988317,-1.612474628100331,-0.46176795524829256,0.5495706931581305,1.2745583797435807,0.8828929016649023,-0.485488077163104,0.4968348619358715,0.488315999484102,0.5683594731523479,-1.0314306331311107,-0.827195348623734,-1.3431684214324964,0.92127436492706,-0.0749341434542096,-0.9676761686173204,2.664829455264177,0.8795414035650605,0.2619168918994555,1.089125889557006,0.27632606120729647,-0.45952127320426744,2.0304460944140112,0.07865139672900805,-0.3116939770241506,0.510537367321369,0.14985061041861833,0.2636132834634888,-0.3285741896135135,2.068058738387362,0.18793279202117674,-0.11442045722898754,-0.7152351643066273,M,Mine
0.9337567310946217,2.298503625183944,-1.0049468100003873,1.1378848848204872,-0.5938543445647189,0.7676198232704533,2.238671058423137,0.7776845622204102,-1.3916632015374664,0.09287601505765389,-0.8104042440369053,0.692349370472264,-2.1104360891158995,-2.192989688906387,3.147340900337976,0.3496715475631364,-0.02533113035001828,-0.6837904483552953,-0.2541898464158553,0.1417895134450474,1.8062465763729105,0.1852349862777159,0.5030131653861462,-1.0342131994439874,-1.0242879131155898,0.5579067393456963,-1.1581030669667953,-0.2900134597250098,-0.08861783454074626,-0.7558878325476898,0.4371077793990233,-0.786083699055351,0.5202134970389293,0.16744461771596011,1.0506857047909974,-0.8042151339611779,-0.02383995146239388,1.9288685086069224,-0.5688424197230814,1.317284931604633,-0.25406185650956503,0.7302845773955087,0.9331170942212835,-0.057214124185680774,-0.11151452174879346,0.06961146398430372,R,Rock
-0.10935367123557838,-0.05854406890154814,-2.0541521717559124,1.8128933655038997,-0.48765694010132116,-0.5384744543541374,-0.9552734102127853,1.2946803116067838,-2.0550602718336615,-0.07577022106298066,2.1986020186823403,1.1060011040001172,0.2885166165637605,-0.8787893632223681,1.8632758272830177,0.31899262845507687,-0.40972442214127375,-0.9716211767194045,0.8867781973488272,-0.41332657436164355,1.4782347985190352,-0.1504057469149278,-0.39721592797487737,-0.4639005159787194,0.5547255849620965,0.4930200709753596,-0.12577098372816417,0.4601852878242964,-1.2293319920655446,-1.9200911657199746,1.658864496466537,0.438927971356448,-0.5898890829816809,0.11413341920406037,-0.1785699486756788,-1.130651320703978,-0.7119129660992707,-0.16821674359191477,0.00139618796283056,-0.10236107933490816,0.8156352811423869,-0.5546060499550002,-0.714791056281695,-0.3525216689707858,-0.6463419714063036,0.12831548375572774,M,Mine
-1.9105509537297238,0.6092836536014201,-2.5782858198387038,-1.2568880601552352,-0.5814404151327126,2.1700709210939713,-0.5436251421149182,0.2271770567739823,0.18990838394332607,0.8451799822081585,-0.10568767591137228,-1.1056426925495704,0.6105444516125246,-2.974504776465589,-0.9894596665965776,-0.1912428801852684,1.2634959704413076,-0.548328736228673,1.4097662906581272,1.6751721996154323,-0.5992524008257478,-0.13300545753424814,0.06204374011591775,-0.44492055211845405,-0.35487847252516014,0.6396388213974101,-0.9386572169799252,-1.5893931424225252,0.20580819615957205,0.7836102589681805,-1.4329712033576436,0.26745145076356475,0.24417052831798122,0.8434216077305294,-0.3560225005165284,0.2682022772153066,1.2864398346307073,-1.7790004139442122,0.8913645392538664,-0.152831345330518,-0.9142209724860468,-0.45485413535763447,1.1889185268303237,1.6321175899148792,-0.6222775302286689,0.613810988191491,R,Rock
-1.6186168414147382,1.3982080625352498,0.8952685722705732,-1.6173974765330141,0.9826155176108361,-2.6037611477521847,-0.19203065757447615,0.528924577962478,0.08208459879553816,1.9225213520244022,1.4133782111990218,-2.101172634636162,0.6768601049087334,-0.924762098378995,0.5598306704548655,1.0873713759576606,-0.09737235981487244,1.4574417214319757,-2.261092205633388,1.3294242821183793,0.9920691771401778,-0.02472799619269857,1.2511350084329023,0.7830489418929496,-0.8201846357246326,-0.02122792536711561,0.09871170085547908,0.5031488626066303,0.8350316087470824,0.2330089433838259,0.44269628906235714,-2.1424579315991386,0.8830597973534245,-0.3124964661420325,-0.0016088998330680347,-1.3445740792084775,1.526201154521214,-0.6875115217207733,0.27377924464079145,-0.7022841643002261,0.15901910977149153,0.7210958102496576,-1.2130467607079785,-0.6317850729810184,0.6382242990479188,-1.8997026017755263,M,Mine
1.4192210225722222,-0.4147473010258953,2.0301398716629557,2.3428659454332115,-2.7855693561046353,2.0854144356279,-0.5416206062994259,0.22824544209554956,0.4568232027427831,-0.8669864784743704,-1.4073730448059278,-0.4478069332620422,-1.0790024452901026,0.28471406286407225,-1.3422774796155807,-1.3518581093057107,1.2996944253912055,-0.05609183974985952,0.7528371265305427,-0.2571220963854637,1.1772903443683649,1.0928134826884823,1.0698500102590836,2.045520329339513,-0.1729631683559124,-0.05137601029846584,0.19827928943692966,-0.025082396354620982,0.4872384288632668,0.16692570851045987,-1.074831752311828,-0.7320990375828158,-1.3471973820620327,0.1684384646646028,-1.0992387311716647,-0.04840543961138259,0.46112601464943864,0.1320697205050057,-0.5064589132587148,0.39970315449447347,0.2621250310468297,-0.4093152485472571,0.6180901494665275,-0.5701580502705226,1.6145095356420824,-0.4005848920357668,R,Rock
2.6121698302049006,-0.11622983104928204,-0.5242813714495943,-0.3289236992508013,-1.5513636910895288,-0.5635674185385561,-0.3924665736561503,0.34701588457231924,-1.8132020675509446,-0.30375236654508075,0.1296693999470031,-2.095324453693156,-0.15510792205499419,-0.15720828174911528,0.44498998460849704,-0.012019960948549931,0.38691608542907424,0.5688148109848531,-1.400810571291655,-1.5228929194569845,0.11960571481333437,-0.8912198075910127,0.5731961407643082,-1.2068851124445348,-0.17246619615112568,-1.3676996250837279,0.9518775935524206,1.2105650327787647,0.4071942337806446,0.7552802215524457,0.10674161414095187,0.42229298199696236,-2.244954872673493,-0.24568163839513765,0.5389760694037373,1.8414793596664416,-0.8396459738992754,1.3424684545545855,0.250363491704451,-0.2283376927536039,-1.1472851733639458,1.9665224149814897,0.5553799675393508,-0.702475422334351,-0.5512399431311208,-1.8868141192699022,M,Mine
2.978613408847969,-1.51486694954979,-0.3173239011185698,-0.887303790410218,-0.35104421295558536,0.18601452561562987,-1.1109880901752374,-2.2323001469634773,-0.8262510703787034,-0.8295812628350739,-0.28354377080327725,-0.14817119793313113,-1.006244779854977,-1.2002151077948997,-0.3178644745450575,-1.9625396646166338,2.3742781419489765,1.3214818791759406,-1.2590442820605283,-0.9538747287063034,-0.9070421147656936,-1.7751492425610185,1.0053185168392298,0.011341381838985701,0.14507180531128547,0.7657260218350943,-0.5535683955550044,1.509218859233798,-0.5717836983643001,0.4306132326454961,1.5828173290657876,0.4706465354271602,1.028286461591715,1.1572859826476498,1.3016941660985282,-1.3049193577926503,-1.2188846649070189,1.4519005736326618,-0.9982359748317997,-1.0190706538567966,0.47734585076010405,0.3242054482792639,-0.8041923769338406,0.19339813040360765,0.0699248622448673,-0.09093406291383885,M,Mine
-2.5012963903432337,1.3482212848792594,-0.36652847843800035,-0.06884903982374252,0.3600378589905957,-0.25657893375482876,3.059832330489026,-0.047391594121147865,2.10436465196543,0.7987400152995405,-1.789916291650377,1.4726012501628631,0.1411752272454053,0.31458589963989214,-0.346619046499522,-1.4389727978360114,-1.1463474017315538,-1.874063470324207,0.03853764258559919,-0.38160374068814196,0.1338878210313805,1.7055778639482513,-0.4434131146753663,-0.465776617802167,-0.48261585678559205,1.0094892345008721,0.3361232030327787,0.9666191799957761,0.20384357123813918,-0.5551291251484617,1.2718301395140958,0.9888120304403801,-0.9652990144158071,1.4534243650402534,-0.4008390963677603,0.3881829296276742,-0.856859524449884,0.22160250807019036,-0.3357095912035427,0.4394515572769583,1.7236138638109708,0.42700329089097633,0.7182102196201715,0.3662953685962276,1.188968048899373,-0.4019768214804149,R,Rock
-1.4416654117259111,-1.0409219355882533,-2.828331793768617,0.44265159188224146,-2.267643278218658,-0.5756604899580838,1.3400324967172708,-0.48246777021427184,-0.10145878223488349,0.4341584612118005,1.802165619114237,-0.3982695534157459,0.34151048895964287,-0.3589594734938394,-0.2803590855128564,0.6758109910932072,0.5109136842860871,1.2671347642391415,0.402116161632104,0.35684093952173623,-0.15479887181551202,-0.7410260399951001,0.7570105593215342,1.1727712974251732,-1.3172361111943163,-0.1358702447949566,-0.7131470033346667,0.6849218891433048,-2.6163147001325844,0.7476600274069043,0.7814148915814917,1.725926009413809,0.28355854848037726,-0.621585361966312,-1.7917619646274312,-0.06073399815421637,-1.6662931121501292,-0.3629457055234855,1.3347941731452726,1.0269470137954384,-0.23269920811172373,-1.3426673984894886,-0.8642548980117204,-1.0874711513454283,-0.17213959076050292,-0.9948394501814148,R,Rock
0.43057656546933903,-0.2987602341882452,2.4194093104718295,1.0330578871242793,-0.25918003317976857,-0.4185399211748872,-0.6661611298151142,-1.4610076714623839,0.11700135116466497,-1.3341809995817961,0.9697075297334036,0.5875648018027569,-1.1910914436230424,0.06044781084521789,0.4629749984007745,0.5919561174480015,-0.325688440733905,-0.07238048375735612,3.5054183213447843,1.5137203637940377,-2.4629348100492257,-0.5178479642785148,-1.6371465686669646,1.127822072322661,0.0429778987722388,-0.005613143970843087,-0.9355038667516478,-0.9525895071968256,0.09270139083047337,0.06824981584643784,0.5794706869779788,0.23538108690946805,0.0847502084845559,1.4623491429720386,-1.0789152224377432,0.5717471994164575,0.7652465994499125,-0.26545123287826566,-1.2674299397766677,-0.66634688763513,-0.4223731596272233,1.1282780562614314,0.31493409912094955,0.44193159907056817,-0.2781268157304805,-0.0896389616670711,R,Rock
-0.06540504322590238,-0.14080912874060114,0.28443448160991824,0.17162153781711517,1.9828765847745198,-1.7038099680918957,-1.1386835941882336,-0.9513678580120744,-0.2820796226994322,0.7098370092090638,-0.3504686519640698,0.21527085078125466,-2.666896396550754,2.6913874345791076,-0.5493782804273891,3.1365362096546394,0.4512664477135619,-1.3514665880254153,-0.032126772438751824,0.7914476875437008,0.7297602863354924,1.990605186782554,1.3638685944373996,0.4525206045646822,-0.4441441205205835,0.3037689339680896,0.16672534042658677,-0.9081389258484175,-0.7968523574967824,-0.48277576742560946,0.7382386492864819,-1.3013237417234753,-0.130421414413529,0.7296025834902454,-0.32042233211980126,1.443991937744474,0.8513271543855389,0.293947820065967,-0.6654831237803658,-1.6137351064212746,0.8243238520931105,0.05225024798710671,-0.10473303092684282,-0.5407895341730735,0.14848244274480554,-0.005925066066619477,M,Mine
1.1620090008801613,-2.601220723257524,1.412919989187661,-0.3818479464310024,-2.2303876907029716,-1.7680307924662957,-1.4337433043524854,-2.000448470026141,0.19796086595736925,-0.38387285959950723,-0.3738825221724794,-1.5650740872294517,0.6050088096415454,-0.3607283686783796,-1.596380412797463,0.7877274527590823,-0.44221570663834303,-0.727482214260068,0.22157897890071906,-0.8784237642016312,1.0914958651874775,0.3491724110532889,-0.48430471164913924,-0.15889524244372424,-1.3613486540858155,-0.17704998736451324,-1.3504107943194799,0.1213079691200487,1.3745160870856419,0.013000707737260881,0.22291358905272676,0.13240451421917085,-0.3066838209439701,0.16772790558308237,0.3898906174608727,-0.4370668523080921,-0.2336992413424701,-1.0150484469691985,-1.0193797843966743,-0.7931661592398771,2.3886090204055024,0.8298282468374304,-1.0811340838011998,-0.5155894645214888,0.40866574647125625,1.343640513744532,M,Mine
0.07079664125390134,-0.61005803050182,-1.1681422751687094,-2.252234254987792,0.9627940817606461,0.04962028331840593,-0.15635720053700766,1.5588065896109304,-0.0042743157448179555,-0.05295911847347621,0.8359630079344172,-1.5900010332890349,-0.13824615415781757,0.585980547156933,2.3120831602059773,0.24196852539908972,-0.3648786497062767,-0.7002392345091351,-1.9280989626074465,-0.12215211885735533,2.3885559635805067,3.35494433195302,0.6978757131550186,0.36363073614027985,-1.3275727833386057,1.7044943807084914,-0.6220927685643971,0.3157987848525898,0.9976835266621409,-0.22222636895113482,-1.3418858941138643,-0.7612607141247718,-0.9522428652100055,1.146055728132231,0.1779885015644275,0.2801440928949403,-0.2915366426446235,0.6853974024280044,0.9248809903060293,1.0095870340401885,-0.014191629485475487,-0.03843698766167344,1.102164850114311,-0.3147176530255709,-0.9973570468058921,0.7545930393424729,M,Mine
2.7020701402551173,1.2791024005160196,0.2528834489690255,-3.2020993610310087,-1.7957547339331947,-1.7324621411497447,-2.152105855209439,-0.465063868422415,-1.2848526432486604,0.5797224004296715,-1.9238277182792305,-0.48790204255712044,-0.38909077132252373,-0.4936518791243801,1.2727080377608402,-1.0516320087771778,-1.0531904126933163,0.889432580036656,0.17976152739531068,0.8078211480290087,0.854946306555588,-0.09953535629571383,-0.2041906458089467,1.393301889319565,-0.8773989147664554,-1.5697532227405497,0.32708621276657285,1.398431737237091,0.3061519756118326,0.28918262854399374,-0.8717070520764394,-0.3069380815436631,1.204736975055524,1.8347531166065885,2.2980372211716387,0.047616724534662015,-0.421842143648586,-1.4129705218026725,0.4296040773105916,-0.3879634052727911,0.5091109500618565,-1.320065182228222,0.676236712050805,-0.11802198318138657,0.03400442863446544,0.3286129793386721,M,Mine
-0.3062853147174041,1.1008653503482415,-3.340008748055559,-1.8649871677101932,0.9836927941393657,0.2419811525486069,-0.5300293371938225,0.01938332342339047,0.5533179034718435,-0.7502082850354782,-2.0139254322938447,-0.8604381251813822,0.0034526975200895485,1.3796337571125195,-0.06125689938007855,-2.3574804162899046,-0.02151255918671156,1.5891541711262074,0.008562407761424506,-1.1391946439501923,1.1764708743703862,0.5385013091901495,-0.9404059526664297,0.38192894658964566,0.808507701479582,0.6746712283074683,0.8960981864185148,0.3912750280932083,-0.6143129892487921,1.1214904680021878,-0.34872919778736167,0.9599199304698476,-0.21808270510047334,-1.768423739038039,0.5191824525553409,-1.452823447399689,-0.5753563871790667,0.4900871890631175,-0.25341303827290773,-1.3103087609973794,-0.27927003355423385,1.1795899054708785,-0.7356919025426415,-1.126306267059176,-0.9140207950722845,1.1454781943531567,R,Rock
0.15781186284655935,0.7740683135824844,1.5820100869306006,-0.3952351207032218,1.8559577187871068,1.1457445331928764,3.007838953327297,0.4975260865054216,0.5722663877233217,-1.2669714482574412,-0.3792855132116637,0.815801689303562,-0.32195877130696104,1.4902994354490169,-1.8103818350525094,1.3625767851049084,2.314523645429565,2.7801652133467307,-1.1318723632670376,1.8912683117380313,0.19159327107572718,-0.5819045787124263,0.5522636787542387,-0.11642217995064084,1.1111270663434305,1.558978086111349,0.6450282775052424,0.301765983226314,0.751842074364958,-0.09192986731313942,0.23880007428936453,0.04499586550647389,1.575871927685923,-0.0055233146019715885,-0.30282069185587057,-0.6610479613182514,-2.1952342502787943,-0.4319797425825896,-0.3857785425100345,0.23692952025516154,0.6445091030479041,0.6862329473076625,-0.2864143321885604,0.871398592468845,-0.9761306485742964,-0.6985825863348395,M,Mine
0.44848526167866953,1.2374132523404573,-0.42021539703076394,0.33150116162723103,0.7576953046921203,1.5295600543868895,0.23112896354696272,0.7060349839610619,-0.09014516978092628,-1.5122155963673853,-0.12615822657390782,0.12009239630798658,-1.613929083045953,1.3097111329729476,-0.7230770138599945,-1.3054059886938383,-1.1988549021096986,0.525485575185326,-1.5565391018085537,0.4472111461785339,1.9760888309310938,-0.5820285494627355,1.556030431315095,1.1203169214268662,-0.21507457075269093,-0.9297675919497389,0.4323399469037917,-0.6397359989455323,-0.22687768463661198,0.6756624259099765,-0.33020988489014713,1.0704185964841813,-0.4735034741678212,-1.6289451581924546,-0.6073612845954491,-0.5765823155455937,1.7730381495624035,0.8275607695049483,0.011031004723852461,-0.7382298498296885,-0.428118444520417,1.0640034150155617,0.5354101921804136,-0.7745488935033642,0.3683318918570016,0.2402759193246085,M,Mine
0.09353962363277561,0.9751216496438239,0.3227987952977355,-1.71382240387178,-2.589675724770538,-2.063541570499858,-0.03845470549608628,0.2010335297759209,-0.40761114366144086,-0.4503849213209559,-0.5210161535723505,1.3137569590578586,-0.8152013246818433,-1.0906259826145612,1.6630672546981111,-0.16847633080472538,1.5372516711808917,-1.0049701436664353,-1.9852980688102901,-0.006025412292263081,-0.7525068810334269,-3.222934875437454,-0.5105552938500477,0.9093520585034733,0.2845277016080314,0.22454091599945727,0.5587082012683692,-1.6281497643418008,0.16213524635732374,-2.3346131707528084,0.1911193453541206,-0.16032391261295661,-0.12952355809759616,0.6324770697235202,-0.43459136056515524,-0.6446264107582002,0.5458740518258882,1.5367191265961835,-0.15285666464202008,-1.407813101735832,0.056528395706052635,-1.7684499364538937,-0.4254547181281586,0.1816588549881647,-0.2801117880161124,-0.8674826833385534,M,Mine
-0.68990324322456,-0.5766880095488015,4.078021591902133,1.255860069885611,0.3811303916110956,-1.4867073211954736,-0.9480411337484093,0.07179798409065188,-1.7038757767007346,-1.0000828823640933,0.21338252205884375,1.6301095296562997,-0.3752537078286841,1.5859604002205627,2.2892994315500763,-0.10214352805906994,-0.8283894439144184,0.8065383278550995,1.0854890657341356,-0.8271595332912088,0.30962089427492295,-1.690741241237515,-1.2589708748533357,-0.8837019874896275,-1.0126461209564104,0.308400624154637,-1.6603394890573453,0.20814832489912174,0.6841428759615358,-0.31075327115856466,0.6392964966435076,-0.054830888149167506,-1.4669700285891671,1.558466534191492,0.6269807712500713,0.01570698570706737,0.5534774056415529,-0.9721567404144736,0.5664621930215687,0.44018003573016,-0.8123738585118709,-0.377473179458853,-0.27252321341688274,-0.07798038410211222,-0.061243149718087614,1.0237124654361733,M,Mine
-2.9470503023081713,-1.160425174671797,0.8934904193235497,1.9049661353788185,0.0717368817753776,1.1847190160786547,-1.1229146382609816,1.2454833399317164,-1.1411496501821556,-1.0146461455908533,1.6479742786290232,-1.3215561447927042,0.6598375894449815,-1.4644332991540159,-1.7256504155709296,-0.6146442113734297,-1.9003622911239901,0.28921450498708484,-1.0846362629309176,0.85488619287534,0.9028356550907677,0.2675108837371261,-0.6701011655078333,0.9969891598692426,-0.3843503166111772,0.19006091098117203,1.3873920045027959,1.6667614964128767,-1.6180492882902617,-0.1541200636467503,-0.8057941995009017,-0.011919312967717505,2.3446295120685674,-1.4165300001927998,0.6363148389841727,-0.08955596153139779,0.08424135869825748,0.520235521379082,0.2048835224781646,-0.4348970072990602,0.3144448938377088,-0.07116401146564322,0.8050768192843584,0.12466636280810407,0.4601822005513031,1.0975573236282012,M,Mine
-0.63928234628029,-2.0067885547651834,0.7853672943300639,1.1866205312558071,-0.12090670462559648,-0.9069371530453707,0.7012832499647541,1.4431699084324978,1.2089958281224524,0.5837848164621762,-2.7464388780224023,-0.3470942082895747,0.6542370719803675,0.304825856575426,1.5240776907377065,2.08660223200367,1.6103118232343936,0.7635232261357607,1.0842167626553263,-0.26701423906253907,-1.7587173733366994,-0.08953676665160668,-0.24099265300413986,-1.4182383152619993,-0.2407909925107151,-0.47655208306614627,2.1055475022721875,-0.6060356950431466,-1.1793871540590175,0.194210461604238,1.257738262976669,0.7297315184707516,0.30381940603971513,0.7240788621304496,-0.4858289689745953,0.011596721823574584,0.5216822827606512,0.7874821285962875,-0.689329608779805,-0.5564242761023893,0.33163320441759037,-0.764528924338778,1.375704932040819,0.2617466844276994,1.2654068483183822,-0.4113174519458141,R,Rock
1.783894647876344,-0.05947695029553642,-0.7696835498572723,-0.346847612850999,-1.8028223795804434,0.2988011897437344,-1.4387412813168943,0.3644626135056293,1.137384852440521,-0.9140144561710374,-0.19428394864282802,1.2242679156507525,1.0174968971176042,1.3580016749157784,2.2734968973786502,-0.35936898064573447,-2.0790270723274253,-0.7158302341818991,0.07426741047387761,2.6549785780875244,-1.1004637702440292,-0.17685505871248425,3.1092113254588347,-1.7815631903155777,1.6152818220436904,0.476044783877754,-0.34236828001208197,0.6993000235605108,-0.48645909691526074,1.003605833516169,1.8788580909308772,1.5969960223629223,0.9487801267269494,0.7488586319333131,0.4741798887832321,-0.7382750764158117,0.03434438193450461,-0.40730723621666826,1.148149259093561,0.7529370943765601,-1.2256003392495305,0.14032953004347515,-0.2615220529580142,0.045974200894940476,-0.37905749733817345,0.4229032275529041,M,Mine
0.44232057725095497,-0.26491635576552824,-3.2350581248577592,1.227615253726665,1.8129159592010031,-2.4904316729494616,-1.7149069075656904,-1.0517306390761336,0.8536773081679278,2.0514670698167317,-0.09666672286516202,1.6140680529542808,1.2777473370031653,1.0504013113785113,0.18142331943556136,-0.3850384133233753,-2.3047582576693495,2.039295023046783,0.20284562561393832,-1.45125373239405,0.8202995666874142,-0.31148546311286957,0.9757784511390886,0.707004870118922,0.4588503916590533,-0.3128057543445841,-0.07436095483656856,-2.4477049348392566,1.011104700063195,1.0022441187452535,-0.825871414487334,-0.5431035701581813,-0.6900871692299415,1.5279934238055084,0.04657631958015759,-0.10554632754217956,0.22101073419106262,0.6741626503525221,0.09572519673359019,0.3153086402856782,0.3951409885244347,0.2692408419214391,0.3600772148954556,0.7628761279911366,0.7293550953375156,-0.017377404430502216,R,Rock
-0.4246920306180421,-1.5671920778167072,1.0814105925915274,1.122971308198573,-0.11714960924276221,-0.16097696091259028,1.9031024466820068,0.9000979237109388,-2.008262277131448,-0.3706723030392306,-1.4559040646640937,-0.7514439753110806,1.6693540080989384,0.5366861508486245,-0.18988227962717535,0.7415261570290017,-0.8136595494825707,-0.8190053620717236,-0.2778409924461781,-1.7323644484337772,0.5247282972971296,-0.8304171747019502,-0.06092434844567052,0.04284558247860615,-0.4365903439368497,-0.7811800511700084,1.1035166091752728,-0.32260674638259257,0.853017651957814,0.2767682253516608,0.9229883210657178,2.4995852289042775,0.6274667528670193,0.23631519607632195,1.1213172190540024,0.5540499551618723,0.6865923047074448,-0.8689477235522111,0.9094481083791064,-0.8992028704929013,-1.4227539781653542,0.8382257307982012,1.2897288248381367,-0.2390502237955815,0.37553587281884604,0.6042174394389574,M,Mine
1.4422728159998375,1.5121295573794424,-2.1761190728290445,-1.4021617296752746,0.850440149679303,2.6787233747948407,0.8139002826063321,0.09622937868317676,-2.2917026591333163,-2.375154513087357,0.7084063093178087,1.3657756988349241,1.5167789755234469,0.039218275155559104,-1.2063849811479574,-0.8031306552850275,0.21670178722438213,0.13794006816830526,1.8349002864424389,1.0830979293956722,0.6453843489424218,-0.9431943069024185,-1.1418867412384222,-0.9659008533146076,-0.21086145613898769,-0.06462687727387496,-0.9188330021729645,-0.03577547308624044,0.3029395746174118,0.06752780875785575,0.9388419993490915,0.2618900172302914,0.9779097437558266,-0.09523545313824353,-1.8344672020239887,1.3030404721182978,-0.02805017857562926,-0.8752170782089086,-1.359041776143197,1.178830757871802,-0.12818278393347038,0.6414501404552256,0.39769158644903807,0.9198375555687074,-0.1345042256847071,-0.8289945791537378,M,Mine
-2.040002622482268,-0.29957678429256845,-1.9817341340182741,-0.40794753094710684,1.1383948598827833,-0.4372569372960059,0.46665558358778086,2.2859312929194195,1.8705698707913936,-0.08980806652977041,-1.2468442204554206,2.579778207972085,1.1574474611201726,-1.1040223185692821,-1.5026212034620114,-1.1333303436809856,1.5480184727451003,1.0578064015025928,-0.6464562524894795,0.4165741340749309,0.09268899969609919,-1.0264487193870835,-0.42845596742695846,0.023576190415352017,-1.3340605592929384,-0.20320547180886891,-1.6977834663327551,0.5280818240130334,0.7833595005525343,-0.8674897495895569,1.3815502314492638,0.7218919029148966,0.8699100573905005,-0.16838201623395171,0.7575668812263608,-0.6016109301129365,1.2251709105999058,0.2807588050468748,-0.7265343321813138,0.11675224049512731,-1.0392061210003907,-0.4913951623013263,0.10820771876432356,-0.024204728475942093,-0.8817807425580925,0.5141817661043084,R,Rock
0.21307865975394708,-1.4572639228806767,3.026466933531438,0.15544950760201723,1.6946068415699262,0.09899560993973675,1.2051682900111989,0.660724482628102,-0.2819689755226543,0.288713053915713,1.4348238337656016,0.34341830143858004,-0.6190389227561331,0.37698603617700543,-0.5692200215744885,0.2551582865765234,-0.7976966558130363,-0.559631916245921,0.7621517715972255,-1.3475797640073295,-0.2908051136974786,-2.7045436781859915,1.998404828878683,-0.32131343422251607,1.778516983998157,-1.356294421323124,0.42191673435558147,0.26131260800931355,-1.8946609618841135,0.3156250518082121,0.4907895230368497,0.3386799644975146,-0.06870139907736011,1.0464531834507316,-0.44025802177248774,-0.5335614324456883,0.21727009911694353,-0.008926745010167278,1.556983980306862,0.17826089939439477,0.551547112058323,0.6314035082538487,-0.3640560599386388,1.2247897759541655,-0.26397092487224316,0.5348938927054596,R,Rock
2.944575994794029,-0.4259070569903443,-0.7683368771259984,0.2753639387374766,1.7656304607147129,-1.006999012773103,1.461305139666663,-0.6206104198273463,-0.037586073276316405,0.8190125282588049,-0.7745817199472514,0.034266777020799756,-1.6731201706001113,-2.468246055382591,-0.4024298972186195,0.1681929867673894,-0.054653947277506165,0.8789551684933591,-0.13183073808879256,0.12797647651852126,1.67862520576523,-1.6122858867236058,-2.2614448600426575,1.667555129921195,1.7735840742459499,1.1899994553482651,-1.058841196801897,-1.639410813642519,0.9225148181263353,0.12343348298758629,0.6757803260323118,0.8234452137923144,-2.1311411511852563,1.8375906264282016,0.2360087406550591,0.9403021119170413,1.0858624809350512,1.0269797713014162,-0.7077860082308807,0.669840556400154,0.4350628002221873,0.6243505345921638,0.4656205491778579,-0.2509858853983332,0.654685671194083,-0.8470797988586931,R,Rock
-1.646134153437793,0.7818690233453216,-0.16595929332252018,-1.8741791455414265,0.7217124996536669,-0.731522378045604,2.6346599943310114,-1.92625053774749,0.368199621701972,-0.24504932592192882,0.05586378587907855,-1.4384532003276373,0.8366485677830705,-0.995023499827583,-0.8853858444921443,0.7270194015514864,-0.9573603175482198,-0.39311682776581786,0.6111327882524964,-0.10302024498355562,-0.36755700756829995,0.05200158258703818,0.04589924942807222,0.32797115255638387,1.802921714459271,0.6250724009394116,-1.2957906465068025,0.5660629380760123,-0.582276611975484,0.6926877446920915,0.8536919336445375,0.5953813974350541,1.6505766961969355,1.0355990823086545,1.2773026265966576,0.5547805152389466,0.47089232899909456,1.1053159224409468,-0.33967514903563184,0.019309990109968384,1.6244545570537627,0.13311517794696212,-0.41424586536761937,1.7355117811171081,-0.10204791478185937,0.4361936730022371,R,Rock
-1.2439116185778345,0.33420466656974074,2.6077855860390287,0.8042681855172304,-1.2225822441967662,-0.996050541312969,-1.7379262924414633,-3.110736836824641,0.8118473047800187,-2.441793138991679,1.5100986107465264,-0.8671876074225772,0.7735334927638688,0.155908320473368,1.1215177420177989,-0.3520369932717393,-0.23505428036385861,-1.241219831011383,0.40070586665451685,-0.5407532467214925,-0.3649504231619952,0.7397326294873011,-0.09329412995227639,-0.46376365261283087,0.13430843896164663,0.4629229028690581,0.7779987189656836,1.61013006111321,-0.34407234510792367,0.8877123423399628,0.8253032072945445,-0.6110428797521948,-0.09456186041675267,-0.9599057995279735,0.900227344391835,0.28781760337942086,0.9982628230543017,0.37458055702910964,0.4684087440325733,1.14552332463814,-1.2559128920840377,-1.7002573805705028,0.24047249568909396,0.4490691510900589,-1.1806661615768148,-0.10443577669538746,M,Mine
0.10744480668340062,3.1030008213163995,1.6601409915580647,-0.45075529907906836,0.6326010576166251,1.9875612028237861,-2.5778082198988876,0.9561397352027381,0.03404620361128995,1.954190911093797,0.8933263586268448,-0.636751661120181,-1.2806106927868934,-0.472704613037297,0.8918408155212515,0.1583579350421124,0.34795168236219415,-0.05579905719561307,-1.883604600418197,0.70686043785439,-2.832829610966967,0.057040340020763476,-0.015593382743865644,1.2476932712360194,0.16825288329594626,0.21077152945464506,-0.06408437518056613,0.36606125023416025,0.8477915876212403,-1.410013992768111,0.7247620744678482,1.9929630227821675,0.4134066232479348,0.5637519985022316,-0.7336767226402544,-1.119435160345884,-1.2310223704400014,0.49893340947102194,0.5084398159133968,0.16776639286413716,0.19718067305287154,-0.06942430827220007,0.4846041386978091,1.2682041582152133,-0.5759566995731904,0.6938902686500714,M,Mine
0.3418877742561842,0.9430123324123549,2.090928138927486,2.1968852427997025,-2.44354958410295,1.3416176087961602,0.2650575112485794,1.3831281052200968,-0.21942115044438773,0.6452001234752294,-1.3300892778268476,0.05176292160843721,0.8318878256910549,-0.7674005816492735,-1.2382492371494582,-0.07700809293556832,-0.6691228915678682,-0.09861092864047313,1.516223408889624,-0.9732664017780405,0.8225924874512669,1.5399243641976805,-0.5119030357518561,0.7642077897446429,0.7370643480826203,-0.06676268308361254,-0.013655010189553944,1.058427097458764,0.1446894608434041,1.2301296126132393,0.723280950303933,1.5831427217678196,0.362162036636023,0.6374856263599503,0.6666857262579121,2.1802415930811914,0.8216161300374466,0.30743997292612096,-0.14767235238749898,-0.1470350040682266,-1.1139040619174214,0.5422379215793858,-0.7316212295305979,-0.9483070166038561,0.1658310302997548,0.618837139803495,R,Rock
1.984383247561473,-1.5994609917230864,0.26125611497879525,-0.9005056858365591,-0.5570581027454723,-1.8485421234659525,0.9712024214242824,0.29757441894225134,-0.4209429430707586,-0.20693576421716767,1.0773667946538439,0.1288379358963993,-2.7850730726089847,1.4289709352957176,-0.8790565534680237,-0.19877115221593558,-1.550513532126667,-2.0920063690051296,-0.9972542160679788,-0.2118151946253015,0.3539579677193899,-0.2856461393101292,2.9575130220493575,-0.9673111142404557,-0.7608449730540428,-0.1091883987801555,-2.9612171400191047,-0.08943172102026678,-0.12947400459646702,0.7059170176261196,-0.8406381370852978,0.3815537498588383,-0.5332439354983352,-0.05921809513716663,0.01880785504217619,0.08115950022566522,1.0228172120706618,-0.7348454536395478,-0.7089168894263416,0.8351325417595261,1.1510307198046388,-0.0828587940022981,0.08222938913465724,0.06890520396480629,0.18382426330396232,0.6867056976383018,M,Mine
-0.07188303611354714,-1.2844476373119689,1.152492355884531,3.6553519481886227,-0.7151460210391178,1.9118871703761047,1.1449096026417858,0.08687406746278604,-0.5074816591868896,-0.5395204325322585,-2.2791529796169887,-3.380597011384996,0.5517490852075834,-0.39458578685188184,0.12908808825868556,1.0637318536293598,0.6853977341522961,0.35411405079483443,1.8799084117598885,0.47907389446506754,-0.21870457885238057,-0.7887481382927144,-1.8960075991384935,-0.4019894319210925,1.062880079867532,0.3458108514105074,-1.9177886901274026,0.9785550820110829,-1.4297796195112153,-0.31410958451950044,0.21407261658428348,-1.7788711488579212,1.7941206206847773,1.3677191259685555,-0.9182200148746502,-0.6433291068166805,0.49313015674330796,-0.21103610303467796,0.09025793958805828,-0.36114588718694773,0.4227640705301946,1.1364507173440517,-1.246876604400334,-0.06660263342957656,-0.11635380756479882,-1.416985384445608,R,Rock
2.1984258270336094,-2.4586781796286554,-3.036937459030926,-0.20525245365169104,-0.4622349867507113,0.5247022944030012,1.2952598444883745,-1.2150111286368384,0.8448626167521122,0.7593098934513347,1.8128735427997098,0.49792342484751845,0.4565271957514502,0.10078919950285734,-0.17632935832989757,0.12398631129066004,0.3560241007398776,-0.7839382267646969,1.0927569157504227,-0.949360481943934,-1.1170390585182701,0.7519052510937692,-0.6784407369137337,-0.09685487192862237,-0.040994231382933496,0.18957655607806584,0.01818120879218754,1.0526737276699738,-2.336013629309091,-0.5391559176675038,1.0448970436027862,-1.2312725172827093,0.42832566152799195,0.6479811932597944,0.9595620301384685,0.6374122353812325,0.7104297135411735,0.7657282299746424,1.4788659112332945,-0.759945103429932,-1.041937363364373,0.16350805759868678,0.6696114355508389,-0.12410121628909337,-0.17739084898905527,0.4906210066609255,M,Mine
-0.519996829861108,-0.17961493500305856,-0.26428905478199055,-3.1518120811138792,-1.2209916011908497,1.3892962670534947,-1.0376579793569571,-0.9492978533024219,1.6082723286282774,-0.6050131179186685,0.3803270733772275,2.217958941562723,0.7717008115626136,2.09520014989703,-2.3193597078442347,-1.283973212929817,-1.026643091506689,1.030058327053662,1.1587888706554288,0.4033746945813465,0.28792459071647036,-0.9291218586987613,-1.0045248153544866,0.2937571821713617,-1.066290532489265,-1.9722410376121278,0.5597853529535457,-0.26186046542144326,-0.8775351112821884,0.6286122739218765,0.34185894148183205,-1.9241624966146995,0.4902117804277448,1.6906512385117884,1.217366005601171,-0.20537710894753278,0.11750936089774536,2.569043569670209,0.20395518896697223,0.6802687951293843,-0.7715614827690388,-0.21962844814708835,0.47739873365906677,-0.4831458248257854,-0.8073814587453747,0.004455156838498905,R,Rock
-2.117670574571866,1.7462538144648807,0.2753888654574341,0.1155147784916732,1.5884886306857355,0.6598632934254429,1.5812409328167114,0.5556624461025385,-1.082580511923637,-1.5779668881827897,1.2090599113222198,1.7256411879784344,2.057973220812879,1.0699394819701524,-0.03379096431013673,-1.5572391376972416,0.7984029481648484,1.4085572569940454,0.33324071685966783,0.8393053265000536,-1.3032425105793581,-0.8040792096487928,1.3587047277905075,0.1788349378276473,0.12050457743497484,-1.0846874637667077,0.5405810746569714,1.2531322946606036,0.22552788940033072,0.6715476168366955,-0.6782841757824193,-0.7222561793402149,-0.3945153171478783,0.3641696462473948,1.140121224239235,-0.011858939368418612,0.3323057810298664,-0.9777775772694466,-0.43316451798980643,-1.8912043365183309,0.006367405629290628,0.6770595776341083,1.1996715490170866,0.38229615109993953,0.4492205767352165,0.027297980357422796,M,Mine
-2.644956171197457,-2.637153700607662,0.20423929930977472,0.7893207556218599,0.3186131302134553,1.9017973032546422,-2.325229754186302,-0.4669925507436497,0.7727566370293597,2.5161587651307826,1.5897131747452984,1.136693887463644,-0.022406951809966935,1.0710661928932943,-0.6218162966716997,0.323139323168604,1.3387286024973781,0.4053946804957818,-0.8355756971007517,-0.44768458754000223,1.4389190776155856,1.0749043655272459,-0.14178654811034044,1.3150460089825575,0.9332339472235758,0.3113136225934443,-0.6952508626994506,-1.0738826857272907,-0.19770570078353378,-0.1313240938183767,0.13133975250982544,0.4337039399805755,-0.31204776245417243,-0.946407472758853,0.8017707754023413,0.8781282492622315,1.1829547975890076,0.21400530529453166,0.6248722954651563,1.0156393904358278,0.5201803100906358,0.12020568450540592,-0.151347011212597,0.8258741382222817,0.6122176411483032,0.8433578545311705,R,Rock
0.5686709860199121,0.6939569155838267,-2.778545340005006,0.4009698536388147,-0.21069804354006255,0.22960682111414585,1.2956694184705977,0.012389107664100554,-0.8292908046148645,0.5695045058931864,1.8455165003537035,0.02172983620371543,-1.0172794094115978,-1.3520542137950102,0.2995156611416597,-1.2203627627932867,-1.5298798286183997,1.4870927725689844,-2.7150786928064465,-0.9134138860798288,-1.2052462944926121,1.2523721735896702,-0.24472829858168038,-1.3466336578802867,-0.32783613718566185,-0.9731115340232216,0.17160390984186677,-0.22183720666792858,-1.168137956841421,-1.9574191533558978,1.6673840831845004,1.5856415682571876,0.5893101477090598,0.720363575619542,-0.5306629372363544,-0.13577308889362893,1.074892226804603,-0.034565765088530695,0.14129243235685562,1.5500424825955395,0.4120417175717992,-0.6281637389082336,1.6001661348761136,-0.33992754815588505,0.0027048166509646755,-0.3531629121247442,M,Mine
0.956154009239974,-0.02083388090114419,-0.01731460214924015,1.307842958123488,-1.4567596706417372,0.41815932639257014,2.132915475222604,-0.7585860135124521,1.249183774906028,0.015977735259041528,0.6025979100511466,1.156359441179681,2.889079017222569,-1.7946528586612605,0.5218092797027741,-0.5147296068637082,2.1065765394344127,-0.7605660074730155,-1.8781687372103282,0.8104544504264259,-0.26656191478822655,-1.095863072545605,0.621946860761807,-0.5630032999839426,0.4837227953994692,-1.205330635005466,-0.1446123335336042,-0.4738275960079931,0.9477754860738838,-1.188609251240263,1.657694096786561,-0.653169778031587,0.3864334260103951,0.33019469702320386,-0.41260780377466016,0.6826503619229367,0.32101659964676243,-0.7725537895154151,1.7536467681391548,-0.9268703475806777,-0.1024707147982769,0.34714018854652595,0.3300003237796578,0.9786457062920504,-0.2025868210451649,0.24886748098773417,M,Mine
-0.27404666487945467,-0.44396806992931465,-0.7421359958556789,1.8922138656030623,0.005510836103977798,-1.0458287448963355,-1.6938409247339405,0.5415324244370102,1.6821943725338042,0.3445078858737847,2.367723101730321,0.43454863709069824,0.26350288815800377,0.8254261810532656,-0.425641123941384,0.7973143803565306,-0.9948083841397788,1.2210232075384595,-0.83788913990149,-2.05251389631803,0.5425644575281846,-0.6978729813248424,0.4321006753530572,0.2310395457898302,0.12695733774664253,0.48186570424313296,0.45867220863873887,-0.7933028285830208,0.7225331557923385,-0.40008935877956825,0.09502070066424262,-1.7901321831319665,0.27090796885349905,0.02335890867092678,1.582670106964841,1.0283192308893625,0.9228142387643569,-1.1665985810183974,-1.2390888428456546,-1.964102922375227,-0.8076113508805257,-0.6775292921560384,-0.9845994487195634,0.5103436034393298,-1.294252322306291,0.4873068089643496,M,Mine
-1.7507530458690037,-1.5518982748520442,0.2568746610839099,-0.11868314415315699,1.189753373242823,-0.5870936475197253,0.6577714464170741,0.8530726575645958,0.37049891757518294,0.7802068429182127,-2.2467094397554033,0.9420950357968544,0.268212151203965,0.3854431258807873,0.304103469457904,-0.832361065367639,0.7015490504557826,0.10134002609752313,-2.408194670796624,1.442765456357605,-1.6306127740630096,3.288386238217738,-0.17688932689487222,0.4079936322304821,-0.12120862615267113,0.10144489799091583,0.7129957389951181,0.9476763248185582,-1.8149394249888082,-0.12264781380087426,0.7053224056739353,-0.9887591282201131,0.7460247192634709,0.4393792927261802,-0.1456591987111972,0.5504177195966055,1.4769859190621264,0.5137582783582401,1.1435229794476525,0.2378865740621814,0.5027996731865165,0.39139583594568284,0.4668686370005619,-1.22948930337695,-0.6719789275473833,-0.42305347955359063,R,Rock
3.090422921392293,0.5950251048885746,0.23014072240429923,2.3939140176012526,-0.4507989200966497,1.1560919544704649,-0.9056118549838406,2.4427283321349553,0.7722662792390901,0.36674843719428835,0.40710228990920766,-0.027603145196077393,1.3122771580554016,-1.5758121328218386,-0.6481772744595714,-0.1053467375368685,-1.7933305702873445,0.7990936873804603,0.8571838953706438,1.7219192049225773,1.79928035977545,0.17668324060011736,-0.9078453600059838,-1.3644153110130026,-1.0532171673325468,-0.20111363497216128,-0.9958443587208504,0.16334000943581603,-0.22272442706644,0.5197176345170492,0.983011959418497,-1.6859107377207556,-0.6924231756072308,0.6871556018874343,-1.6122595137812703,0.1899407841255737,0.4029383486787041,-0.7495201392702967,-1.1317568144552193,1.0192713594729124,1.1247832615205418,-0.5023595380194366,-1.7022866353313957,-0.9372279190433054,-1.4590380754816794,-1.0720746577481466,M,Mine
-1.011784094566572,-0.7933961174063671,-0.7878101330289877,0.8400677161633796,-0.3157616522654847,-1.2134591221232154,-2.0115456189756697,-3.037235349933334,-1.6925161111359395,-0.943265334838304,-1.626430494989061,-0.8235208462257819,1.5931625691086966,0.08962182997739129,-0.951865466438169,-1.3567018814478276,0.4155355398386799,-0.8954682319332667,-0.43978834650078463,-0.9683741145205798,1.3239317112492979,1.6357320998499174,0.4039626121686018,-1.1045626953283232,0.2218398423864753,-0.5770442020667486,-1.380237825573637,1.1372184614735559,0.258746112336498,-2.3665154396440307,2.3851316029905463,-0.07395762806147277,-0.0980402308551688,0.8735903747220525,-0.9214376857217351,-0.3993340070197405,-1.2882982184894947,0.3148434108293017,0.2917486705495884,-0.8601020423434085,0.1629354867527912,0.7115554776787458,-0.3942865513286597,-0.34972757159194295,-0.6502846913249941,-0.9051575301965042,R,Rock
0.7775713075423331,-2.0799607051102003,2.6777828455601638,-0.24281968892301306,-0.004803762002581311,-1.8632589722079411,0.9778107553636363,-1.9093241452068672,-2.2453947684016384,-0.9649601476215969,1.3015137970341955,-1.2009744381554361,-2.1683982114067293,-0.840599930188457,-1.1715024597480925,-1.40193137957751,-1.4749493911376812,1.7406533903331316,-0.4614091541854753,-1.1012845084624525,-0.4630377163620516,0.9276814360887056,-1.1921962933316637,0.3328732783765281,0.8466045463185665,-0.18731234325679283,0.8700429437628746,1.0451320156918604,1.71608455079754,-0.6219644296343453,0.11782134897169116,0.42347502891592975,-0.09039133500951861,-0.664672686055061,-0.9886234819415148,-0.2452433248689806,0.05463146469245924,-0.6330708376243274,0.5609727464810926,-1.4927788593201545,0.11145564931261812,-0.5502874492471438,-0.5083769248811576,0.13940094852207913,-0.5132651978458657,0.3902597800299423,M,Mine
-0.38399135913745164,0.056423538747693916,-2.025427219483575,-1.5165316294532207,0.8780822357286403,-0.9029477437260929,-0.45705934856066327,0.3945482724891408,1.3550507296153884,-1.1959125840192664,-0.5922336352337808,2.02087463309393,1.4636982262796177,-2.530128173701242,-0.89229694435362,0.2390563091586873,1.5748012619215601,-0.3116236630724362,-1.6252775367502081,-0.4036275292050695,-0.5617232599480688,-0.27781219813017244,-0.7373202346538311,-1.1778858027780095,0.11060666630357834,-0.007438925951148416,-1.3453883025960691,0.3460166304549692,0.2471978805574768,-0.03678279799746784,-1.250005607437658,0.35452030533027507,-0.9467451582176708,-0.6391643117194975,0.8628165323810428,-0.6943854846717444,-0.7744418892657265,-0.9998754133786742,1.1587967500132141,0.24459013363598797,0.25773427918549907,0.41913257451533503,0.6171460649255004,-0.22809861607300796,-0.5079036194132431,-1.1440233863533371,M,Mine
-2.002466207461503,-1.128184524012721,2.817453867004888,1.2115910855358087,0.32145509799115635,-0.8747273800241244,-0.5155839517093939,0.5441976625794824,-0.07943709146523958,-2.007741392244785,0.4960185732524828,1.44659124889152,0.24608069096024143,1.442454269170382,-1.3422162097792374,0.5826943293034946,1.6265616648800503,-1.0728628032148904,-1.572708749467481,-1.5705726785531626,1.5719101194261724,0.17784529357458997,-0.6352778547726993,-2.2155913723782428,0.2199864163225261,0.38231347294415224,-1.268891576781465,-0.2824680449864344,0.5672596322984739,0.7877152742066434,-0.41743261318881336,-0.09627660039228221,-0.5321410397859426,1.003115446079904,-0.4452162228821002,1.6255087400324462,0.7601131241185808,-1.322457740613513,-0.7322316613969918,-0.07933680846226253,0.5590563265453778,-0.8391235635540287,1.2084098883475975,0.33216578888555537,0.5272006931491559,-1.3967042827798852,R,Rock
1.3196215035998573,-1.6352075537431976,0.3731864696385501,-1.206069749884721,2.3968864854561045,-0.8719906097376753,-1.4017409348984005,0.5753078145740743,0.4739230292944286,1.0450324489245157,-0.1849211549481199,-1.3391069189869595,-0.4263734275151904,-0.5544128247513476,0.6010910873797367,-1.2573049245908752,-1.2174448607113195,-0.8940595141539828,0.22554003332385744,-3.26439750250257,0.10547392946821027,-0.6377023755585941,0.03740917559534262,1.0907541162098142,-0.036765054402262236,2.0497302264100106,0.8474387037829535,1.1201981470357583,0.07704938361957411,1.1838164461400986,-0.52108727770331,0.543087074324953,-0.033488671383291625,-0.7012863053584603,0.2734180511536141,-0.3040565659701793,2.3868870355208727,-1.6055582952260006,-0.6721204609396723,0.32417199137814934,-0.49305475987924624,-0.2637553613568394,-0.33521849913281815,0.8050918332419246,-0.6187646706416703,-1.1719148536929067,R,Rock
1.3837354101378523,1.1016795636683416,0.8211806307910183,0.0996606080816654,2.668397251255063,0.4635868279784004,1.5374439453248252,-1.771203108011187,0.3360783914412186,1.9080848343805428,-0.5145424841347029,-0.16855986009322335,0.5044875497872428,1.1535597839157525,-1.5522175138626453,-2.285696902101682,-1.281433689039275,-1.1558279020386275,-0.7613987430996993,-1.1639178928573424,-0.5180308759153,-0.8047171420378327,1.1667919251378152,0.1960818359111038,-1.6859385705352044,3.1806447472310158,1.6522378953437784,0.15382972137474396,-0.2689185168723437,-0.8088159565040629,0.43401740642899334,-0.4511783592202439,1.2547086239047804,0.574554745704718,-0.4962280100696482,0.971044309707528,0.675446426161523,0.2276398158006652,-0.5504582967398258,0.6925116967907509,-0.12247048104496402,0.8752547858889368,0.6845813927231004,-1.0812649704698778,-0.5216208872278969,-0.26659633019336554,R,Rock
-1.2854058494066327,-0.5987988682495239,-2.2709461035952385,2.64956119771038,0.26248421385838144,-0.3833449604557309,-3.113930237998243,-1.326943270586467,1.5660025963884656,-1.4051885767085275,0.30769621334475156,0.44695943963812584,-0.40244644383322997,0.34033315958858895,-1.7324235448116996,0.4386289992642906,-1.1963677334918597,0.5822406445323994,-0.9263840609333903,0.5098840945411549,-0.41421848964672947,-0.46176515806485313,1.4305519199588819,-1.5828212447441499,0.8324876246253955,-1.0788430347643905,-1.1619248789723124,-0.9560078301944072,0.34962641160567237,-1.2245186275880677,-0.2933450325943512,-1.0690830214204723,0.3346060101384788,0.8607242966926207,0.13945578107957218,0.4179508723005755,0.41097497056837357,0.7240843782550344,1.358732151362831,-0.8835041151156545,-0.06872971798440275,-0.4964182118932815,0.4556791427839606,0.5143020440305216,0.38813286409728653,0.25040901850903796,M,Mine
-1.2908271205103392,-0.05879906059008884,0.9497328386518672,-1.4012778457505568,-1.715260612751796,0.029978590233716695,2.359192762682973,2.495868469145628,0.3142636934735864,4.186406754311542,-0.5582498385235388,0.5734307914372049,-0.9851487710462105,0.9861868113938428,-0.7144907562794559,1.8657925218595421,0.37310730992453783,-0.8909293310492501,0.2789310017484687,-0.245493835364982,-0.2944433543133134,-0.32795087113216115,-0.37725002744368824,0.9198148174194198,1.0655582443341314,-0.09781022636952445,-0.7574292745519055,0.025263782803072385,-0.4575238855438848,-1.6672774116284041,-0.12877008382799393,0.9844052442819211,-0.03819326758156747,-0.5030391262838746,0.34227578261545294,0.31278675622794067,-1.0251643633102554,-0.19332487626052944,-0.9842146712568349,-0.41042943759769346,0.8440126076618936,-0.7042252881157656,0.47184140312704154,0.3107628102947448,-0.031706700444924955,-1.230719201126911,M,Mine
-1.5248867034621223,-0.03922159506641575,2.0415638478597353,-3.0682751777137764,-1.5960077786438374,-0.5469382988222766,0.7993016757708684,-1.1689083322734428,0.2651676320176799,0.8004377838002712,-1.9005938209696782,0.0766561030497492,-2.5291935230420757,-0.2860708879937931,0.48708879421982965,0.7308474316361782,-0.39558056370571504,2.013121381490689,-0.15547658169878004,-0.29270895240370626,-0.8412124880436191,0.9228930607214342,-0.3693356812307457,2.2416224525551316,-0.05545337130373547,0.22679497951929536,0.1337069678556837,0.17827409430160884,0.8594092555087095,0.7197241873881725,1.361769349554004,-0.27996421978722963,-0.2015732255699596,1.303618976862843,0.20890676928920596,0.6377927480351284,-1.0530537578861634,-0.7201185910049653,1.2570824840333354,1.3612766250902002,1.1443301105375103,1.1679219496752227,-0.5067428245834752,0.2241053495864507,0.14708989296813035,0.11854564328746701,R,Rock
-3.0753570506957733,-1.8187310715959677,1.304094026707146,-0.5395177809104099,1.8127929883495872,-0.1356633143551931,-0.3740036328781033,-0.976493458050006,-1.5819654897410018,2.6835071154154897,-1.2336740338254122,-0.038784133692196625,0.5012120157027061,-0.5648394714995233,1.5616993494813043,-2.091292120366447,-1.048845932365285,0.014173491361635806,0.30772822792996823,0.19157150799496428,0.18707959017736073,-1.6639347387063608,1.8374584621068686,-0.5276167600140764,-1.0274764043997149,-0.13079645121037603,-0.10299023950747344,-0.04375306565014707,1.2766704870239076,0.1587187304171625,-0.8647100457409247,0.8678490723059613,-0.7399390828657254,-1.1644200583068889,-0.7577011650915612,0.5171794845544276,-0.4726172932168167,0.08429837193338552,0.3080929928361211,-0.48542460737495374,0.4939255864251045,-0.05199103593443529,0.19968370331641955,-1.2730056328392536,-1.7784914986032851,-0.8916226788485235,M,Mine
-0.38180127800152197,0.12021670127530784,-0.8678192498200238,0.39809154594336893,-0.06793849556220866,-1.231829764877699,2.189792198212533,1.1410262298982095,0.3789232018297218,1.3048737933942267,1.1056271711487573,1.5941347968351816,-0.010669233644908587,0.17174372543218938,1.2169594429677837,-2.5501149430861196,0.4155385260558013,-0.5599063968047551,-2.1284082848151686,1.1796777488422914,0.14312140398397916,1.3366956999276376,-1.840466830702462,0.2935338568016193,-1.327416502937181,0.1544848156594954,-1.4068674635335712,0.26746427875191126,-0.5931778045748889,3.032532419072236,-1.816239555277722,0.16391396558745647,0.7241592339081852,0.6816881957290339,-0.18122856608420587,0.6019243250501214,-0.004889584433263584,-0.2146088165437339,0.39673169298140715,-0.8473795068572946,0.5210087850948454,-0.6807987216926943,-1.2215430111720513,0.9406098886852626,0.46005515333102487,-0.5183639566331566,R,Rock
0.7969631494794998,1.5205242663272178,-0.8091419963056561,-0.652009816726136,0.6617813980858859,-0.03791001092551371,0.2016619874856104,-0.2614134397890916,-1.4800434900397565,-2.455793501441258,-0.0886909187261216,-1.104394159794399,-1.201270077754256,0.6090993001981402,3.1247378246264814,0.6872454698047258,2.2311824993588423,-0.8250863189258835,1.4371796371522225,1.194678175646576,1.3863723498160232,-0.1664720284326259,-1.0276786326050087,0.5177122003950135,0.7141724845313403,0.5063685826311075,2.3527822341202644,0.3998319019231951,-0.5322981857736153,0.405938705743947,0.05340780013008345,-1.0958068543070596,-0.028053417794761705,-0.6055881489386922,0.9690633034332902,-0.9659500121873739,-0.6733735989430615,-0.13748884156731453,-2.1445177483142706,0.004660426726208958,0.5155940765537212,-1.00525830216139,-1.2881273423336392,0.33666388344615494,-0.04098684955030865,-0.3477709589292138,R,Rock
-0.3378809318733274,0.4522436284239177,-0.19554833046097814,-1.4997566754045903,-0.4203712268936071,-0.7975418336823066,-0.834133670433379,0.07501568383824697,2.016296046537838,2.7125718618745527,-0.9349963203600645,0.2467290976757012,-1.6078660138527245,-0.7440877599040076,0.9698280558796797,0.10022727366482707,-1.7382315955310381,-1.379184289346877,2.114764384534506,-0.9632520897602307,-0.5810772414517075,-1.0230027453046096,0.04229379137098161,-0.9410100181269677,0.17980156572532,0.1541991056490418,-0.3775803472704016,2.732305420786986,-0.5716069247959482,0.6835603338840327,-0.6241798949331263,-0.4462912167157984,-0.5664354503809856,0.4139652106148409,0.1737055952248126,2.1930140457234613,-0.4630195248637139,0.003916046666210702,0.14750975051448925,-0.12184112142948876,0.7378384380759175,-0.2326514630745136,0.29682703934599425,-0.5168459385212917,-0.3273376858127287,0.8787621770292692,M,Mine
-1.819873463676866,-0.03375009246852663,-0.8008759113313692,-0.9145687098401003,-0.7967515601372087,1.0878332025105342,-0.12119782702522987,-0.2970043209241543,0.23481955207717709,0.8049535506491703,-1.7674941971868832,0.16047685817931123,2.7751372011044726,0.5740653091846137,0.4019069945785241,-1.0350195203149817,-0.7110838902621834,-0.9793702241563482,0.0005926462288692179,-1.3565317688789682,0.6340087421742666,0.04132903608969216,0.6351436920469712,1.1967773303069356,-1.362070563765303,0.09612755395622521,-1.8543507225122566,-1.3293857708055425,-1.2792963432945643,-0.34005310821407014,2.0174060319661633,0.5815798880068274,0.16682402513597328,-0.45354295364562264,-0.3985687847778694,1.0752922487260754,-0.6364946093304892,1.0649149334262697,0.060947696733872056,-0.537590848180207,-0.9315655482813416,-0.8573463090118627,-0.7215967201408878,-0.41429911295968463,0.067982431308359,-0.14598479784494023,R,Rock
0.145912111922215,-2.680772436271931,-1.7859410486883296,-0.05760625920682251,0.33769016579075656,0.10567596289225943,-0.4332698497049948,1.4454669211865225,-2.7086535609792883,-0.6390704922953454,2.0236734269058765,0.8785525901695562,0.4289086594426345,0.43815175031649123,1.0495601788097988,-0.6430364684693642,0.20904119045773562,0.3947074178192658,1.6178198500140182,0.3584347648158995,0.3511912334443344,0.20481914244033922,0.9602376619111298,1.1968379255585342,-1.327969314626828,0.7552609483772401,1.7025908042266849,-0.9102891117226027,-0.42001143259767604,1.307438847657933,0.9385991589960301,-0.4316286736149882,-0.287003786819663,0.15046153051345612,0.8081198441702471,0.22588818707574843,0.28936143033566936,0.7729516207529687,-0.7367963531816257,-1.0196563021691223,-0.36481401603235597,-1.3332831670032146,-1.2726971685395216,1.7376410471704145,0.44870203785985713,-1.1111908707780427,M,Mine
1.3630794047613566,-1.9869441179694871,0.5122625332198381,1.228700032328572,1.8164271250168533,0.3340728830559164,0.24856161533889062,2.4917662593232404,0.7418882334863433,-2.2114081952846893,-0.9472849893572618,-0.12996687535491633,-0.16357440158544767,-1.175422930566964,1.7762303810013012,-2.992782693587205,2.5436487405554478,0.6918068846536167,0.8457271468152293,-0.22257627080752676,-0.9719183759585953,-0.879325542712431,-0.01752397235062827,2.272852307560933,-0.6728132815276955,1.0106224702722626,-0.7855573514366501,0.3323819054926104,0.60378411639888,-1.738610166380716,1.0613971185983937,-0.2436366268804011,0.26293029194931883,0.5667305819531258,1.3847677743176097,0.5616202632797141,-0.6335337021196866,0.11390468338517139,0.8453418686373777,-0.03347206635512477,-0.14818324468370442,0.374769036959227,-0.21751970759590242,0.3062476371129738,0.4213649052085635,0.3110220697540394,R,Rock
1.390380051481078,-0.971403508257585,-1.6165559561144254,-1.4086422247616777,-1.0119895775380359,-1.2490295022436955,1.5013660905003565,-0.029694089142346117,0.012685620406699415,-0.265646293358837,-1.6250363054479862,-1.4059738888970734,0.8179783300874574,-0.762516049252895,0.08028030017565409,-0.4074387291050103,-1.518307122797625,0.227167030247787,1.2254295401124433,-0.9742838428330969,-1.58593020624006,-0.9610920896663615,-0.7957994334798769,-0.24995060144981032,1.534169042968995,0.1775243762757373,-1.0667406274999631,0.14117407338647678,0.6529670113567081,-0.15070515817489288,1.3350394785637418,-2.4024974077979544,-0.39017902775784835,-0.48090749543940997,0.6695495185488065,0.19040430804382713,0.7714140009898726,-1.0526393584296236,1.1937560999517245,0.8816162242395167,-0.5764337710373438,0.8109415539295582,-0.8047164244542148,0.7060809012534212,0.9547924802017317,0.23690688612921723,M,Mine
