satisfaction_level,last_evaluation,number_project,average_montly_hours,time_spend_company,Work_accident,left,promotion_last_5years,Department,salary
0.49,0.36,3,172,8,0,0,0,product_mng,low
0.38,0.57,4,200,3,0,0,0,sales,low
0.53,0.37,5,249,4,0,1,0,management,low
0.24,0.36,6,206,6,1,0,0,support,medium
0.77,0.36,3,301,3,0,1,0,technical,high
0.17,0.62,2,257,4,0,0,0,hr,medium
0.65,0.8,2,135,2,0,0,0,management,low
0.27,0.75,5,142,6,1,0,0,technical,medium
0.31,0.99,5,188,6,0,1,0,finance,low
0.56,0.9,3,249,9,0,0,0,management,medium
0.72,0.38,2,205,8,0,0,0,RandD,medium
0.14,0.42,6,128,5,0,1,0,RandD,medium
0.49,0.52,7,215,4,0,0,0,marketing,medium
0.41,0.51,6,177,8,0,0,0,sales,low
0.19,0.87,3,303,2,0,1,0,sales,medium
0.5,0.57,2,114,4,0,0,0,sales,low
0.2,0.87,5,238,10,0,1,0,RandD,low
0.43,0.79,4,115,4,0,0,0,management,medium
0.27,0.71,2,307,7,0,0,0,management,low
0.32,0.51,5,100,6,0,0,0,support,low
0.35,0.78,7,268,2,0,0,0,hr,low
0.56,0.36,5,304,8,0,0,0,finance,medium
0.21,0.4,2,159,7,1,0,0,product_mng,low
0.45,0.96,2,306,4,0,0,0,marketing,medium
0.3,0.8,3,207,8,1,0,0,hr,medium
0.3,0.45,6,309,6,0,0,0,IT,low
0.49,0.53,3,247,8,0,1,0,RandD,low
0.28,0.8,4,258,2,0,0,0,product_mng,low
0.3,0.72,3,197,10,1,0,0,marketing,medium
0.4,0.94,6,187,7,0,0,0,RandD,medium
0.17,0.65,4,195,9,0,0,0,product_mng,low
0.3,0.77,2,254,2,1,1,0,product_mng,medium
0.44,0.89,6,237,3,0,0,0,technical,low
0.08,0.36,6,262,4,0,0,0,hr,high
0.16,0.94,2,145,2,0,0,0,management,medium
0.31,0.36,4,269,4,0,0,0,IT,medium
0.47,0.83,4,231,2,0,1,0,RandD,medium
0.81,0.61,7,226,2,0,0,0,sales,low
0.27,0.77,2,197,9,0,0,0,RandD,low
0.11,0.65,6,265,3,1,0,0,hr,low
0.11,0.36,2,104,2,0,0,0,hr,medium
0.28,0.36,5,286,6,0,0,0,hr,low
0.73,0.53,4,194,8,0,0,0,product_mng,medium
0.1,0.36,3,159,9,0,0,0,marketing,medium
0.33,0.39,3,234,2,0,0,0,marketing,medium
0.43,0.86,7,230,7,0,0,0,hr,low
0.23,0.36,7,115,10,0,0,0,product_mng,high
0.56,0.36,2,200,7,0,0,0,technical,low
0.61,0.6,6,196,5,0,0,0,support,medium
0.14,0.59,6,178,10,1,1,0,IT,low
0.49,0.83,7,142,4,0,1,0,IT,low
0.46,0.76,5,206,7,0,0,0,management,medium
0.32,0.37,5,235,7,0,0,0,technical,low
0.22,0.85,6,308,6,0,0,0,product_mng,low
0.64,0.38,7,144,10,0,0,0,finance,low
0.15,0.36,7,299,6,0,0,0,RandD,medium
0.26,0.44,5,131,10,0,0,0,marketing,medium
0.48,0.85,6,200,3,0,0,0,product_mng,medium
0.47,0.55,7,173,6,0,1,0,hr,low
0.64,0.66,3,220,4,0,0,0,sales,low
0.21,0.44,4,244,7,0,1,0,product_mng,medium
0.59,0.79,6,242,10,0,0,0,RandD,medium
0.42,0.8,3,277,3,0,0,0,product_mng,medium
0.4,0.82,6,269,6,0,1,0,technical,low
0.35,0.37,7,250,2,0,0,0,finance,medium
0.63,0.67,2,116,4,0,1,0,hr,medium
0.14,0.72,2,277,3,1,0,0,IT,low
0.11,0.36,3,305,8,0,0,0,marketing,medium
0.68,0.74,4,197,8,0,0,0,finance,medium
0.5,0.36,2,109,6,0,0,0,marketing,high
0.64,0.67,6,295,10,0,0,0,management,low
0.55,0.54,2,207,5,0,0,0,IT,low
0.3,0.46,5,197,8,0,0,0,finance,low
0.61,0.5,5,281,8,0,0,0,hr,low
0.47,0.36,2,100,9,0,0,0,IT,medium
0.29,0.36,6,102,6,1,0,0,IT,low
0.39,0.86,6,245,7,0,0,0,product_mng,medium
0.21,0.56,7,265,3,0,0,0,product_mng,low
0.97,0.42,4,291,3,0,0,0,support,medium
0.09,0.89,7,123,7,1,1,0,finance,low
0.07,0.7,5,108,6,0,0,0,hr,high
0.23,0.65,4,136,4,1,0,0,product_mng,low
0.46,0.77,6,171,3,0,0,0,IT,medium
0.16,0.74,6,128,9,0,0,0,RandD,medium
0.18,0.78,3,215,3,1,0,0,IT,low
0.45,0.38,3,196,5,0,0,0,product_mng,low
0.35,0.56,2,176,3,0,0,0,management,low
0.41,0.75,7,226,5,0,0,0,support,medium
0.58,0.87,4,101,6,1,0,0,support,medium
0.28,0.69,3,159,10,0,1,0,finance,low
0.33,0.36,5,299,10,0,0,0,RandD,low
0.25,0.71,5,214,3,0,0,0,technical,medium
0.35,0.79,7,304,10,0,0,0,support,low
0.34,0.97,4,211,7,0,1,0,marketing,medium
0.49,0.65,5,149,6,0,0,0,hr,low
0.55,0.53,3,147,3,0,0,0,finance,low
0.52,0.51,2,263,6,0,0,0,technical,low
0.14,0.8,7,286,6,0,0,0,IT,medium
0.3,0.56,7,212,2,1,0,0,finance,low
0.25,0.36,7,287,10,0,0,0,sales,medium
0.36,0.51,3,306,7,1,0,0,product_mng,medium
0.68,0.46,3,227,10,1,1,0,IT,medium
0.21,0.6,6,261,5,1,1,0,management,low
0.25,0.78,3,305,8,0,1,0,support,medium
0.36,0.65,5,261,8,0,0,0,sales,medium
0.29,0.95,2,230,7,0,0,0,finance,low
0.25,0.66,3,119,2,0,0,0,product_mng,medium
0.42,0.37,5,131,10,0,1,0,RandD,medium
0.38,0.81,5,268,5,0,1,0,support,medium
0.23,0.56,2,204,2,0,0,0,hr,low
0.1,0.81,4,247,7,0,0,0,marketing,medium
0.63,0.37,7,217,6,0,0,0,marketing,low
0.25,0.53,4,277,8,0,0,0,RandD,medium
0.79,0.66,4,306,3,0,0,0,product_mng,medium
0.7,0.7,7,131,7,0,0,0,product_mng,medium
0.51,0.42,4,114,5,1,0,0,sales,low
0.17,0.48,4,246,2,0,0,0,marketing,low
0.23,0.4,2,174,6,0,0,0,sales,medium
0.38,0.53,5,244,3,0,0,0,finance,low
0.23,0.57,6,203,7,0,0,0,sales,low
0.34,0.36,2,221,8,0,1,0,hr,medium
0.06,0.8,5,177,7,0,0,0,RandD,medium
0.62,0.42,4,245,7,0,0,0,RandD,medium
0.47,0.36,6,142,4,0,1,0,product_mng,medium
0.32,0.45,5,183,3,0,1,0,management,low
0.83,0.92,2,170,6,0,1,0,technical,low
0.25,0.79,4,234,4,0,0,0,sales,low
0.83,0.81,6,188,5,0,1,0,sales,medium
0.1,0.36,5,148,10,0,0,0,hr,medium
0.06,0.36,4,293,6,0,0,0,finance,medium
0.61,0.79,7,245,5,0,1,0,marketing,low
0.26,0.61,2,97,9,0,0,0,IT,medium
0.41,0.58,7,128,9,0,1,0,product_mng,low
0.54,0.42,5,182,7,0,1,0,marketing,medium
0.68,0.62,6,249,2,0,1,0,finance,high
0.23,0.41,5,152,9,1,1,0,hr,medium
0.4,0.61,6,229,3,1,0,0,product_mng,low
0.37,0.79,4,164,8,0,0,0,management,medium
0.06,0.44,3,153,9,1,1,0,support,medium
0.44,0.59,3,176,9,0,1,0,IT,medium
0.52,0.36,5,113,5,0,0,0,management,medium
0.48,0.36,2,270,9,0,1,0,sales,high
0.43,0.54,7,150,6,0,0,0,IT,low
0.53,0.85,4,164,7,1,0,0,RandD,low
0.54,0.52,4,149,9,0,0,0,sales,low
0.22,0.36,5,188,9,0,1,0,IT,low
0.77,0.36,4,255,6,0,0,0,product_mng,high
0.59,0.71,5,194,10,0,0,0,hr,medium
0.29,0.73,5,296,7,0,0,0,IT,low
0.26,0.36,2,106,3,0,1,0,sales,medium
0.29,0.71,3,177,2,0,1,0,support,low
0.5,0.65,3,190,7,0,0,0,support,medium
0.62,0.44,7,259,3,0,0,0,hr,low
0.76,0.89,4,273,2,0,0,0,hr,medium
0.31,0.67,3,96,10,0,0,0,management,medium
0.15,0.59,6,189,7,1,0,0,management,low
0.27,0.69,2,167,10,0,0,0,RandD,medium
0.22,0.84,4,197,8,0,0,0,IT,low
0.54,0.71,2,239,6,0,0,0,technical,medium
0.3,0.75,7,97,8,0,0,0,RandD,medium
0.26,0.77,3,127,2,0,1,0,IT,medium
0.31,0.56,6,285,7,0,1,0,product_mng,medium
0.26,0.62,4,222,10,0,0,0,product_mng,medium
0.21,0.47,7,270,10,0,0,0,management,low
0.71,0.42,2,188,4,1,0,0,technical,low
0.2,0.44,5,160,6,1,0,0,IT,medium
0.53,0.86,2,163,9,0,0,0,marketing,low
0.13,0.36,3,191,2,1,1,0,hr,medium
0.49,0.47,7,252,5,0,0,0,support,low
0.77,0.73,5,217,6,0,0,0,RandD,low
0.22,0.4,2,149,3,0,0,0,product_mng,low
0.19,0.36,7,273,4,0,1,0,RandD,medium
0.33,0.87,7,210,5,0,0,0,support,medium
0.14,0.39,7,99,8,0,0,0,marketing,low
0.18,0.66,4,164,6,0,0,0,management,low
0.89,0.36,3,303,9,1,0,0,technical,medium
0.58,0.75,6,218,5,0,0,0,finance,low
0.17,0.53,6,242,8,0,0,0,finance,low
0.64,0.65,7,265,3,0,1,0,technical,medium
0.27,0.41,4,235,5,0,1,0,marketing,low
0.45,0.77,5,172,3,0,0,0,product_mng,medium
0.35,0.36,4,271,9,0,0,0,management,low
0.59,0.36,4,282,8,0,1,0,product_mng,medium
0.47,0.61,6,283,10,0,0,0,product_mng,medium
0.23,0.6,4,212,7,0,1,0,support,medium
0.18,0.78,5,148,10,0,1,0,sales,low
0.13,0.64,4,148,7,0,0,0,finance,low
0.52,0.87,2,308,6,0,1,0,technical,medium
0.12,0.67,4,243,6,0,0,0,hr,low
0.37,0.47,3,260,6,0,0,0,technical,medium
0.36,0.61,7,179,7,0,1,0,management,medium
0.32,0.63,2,306,5,0,0,0,sales,low
0.46,0.54,6,189,9,0,0,0,product_mng,low
0.15,0.53,5,175,7,1,1,0,finance,low
0.16,0.78,7,227,7,0,1,0,support,medium
0.49,0.79,3,106,6,0,0,0,product_mng,low
0.24,0.89,7,172,5,0,1,0,support,medium
0.51,0.89,6,245,9,0,0,0,management,low
0.37,0.77,3,178,5,1,0,0,hr,medium
0.49,0.59,6,106,6,0,0,0,marketing,low
0.29,0.66,7,209,8,0,0,0,product_mng,high
0.21,0.48,6,280,6,0,0,0,management,low
0.8,0.89,4,147,8,0,0,0,technical,medium
0.84,0.65,4,296,7,1,0,0,support,medium
0.73,0.36,5,130,7,0,0,0,management,high
0.44,0.36,7,125,3,0,0,0,support,medium
0.37,0.63,2,180,9,0,0,0,marketing,low
0.09,0.86,7,96,4,0,1,0,technical,low
0.43,0.36,2,99,2,0,0,0,marketing,low
0.22,0.67,5,250,7,0,0,0,finance,medium
0.13,0.84,4,270,3,0,1,0,sales,low
0.43,0.36,6,112,3,0,0,0,technical,low
0.84,0.39,7,277,4,0,0,0,finance,low
0.12,0.76,2,138,3,0,0,0,hr,low
0.33,0.36,7,142,3,0,1,0,management,low
0.24,0.36,6,108,5,0,0,0,IT,medium
0.49,0.42,7,211,4,0,0,0,marketing,low
0.51,0.36,5,263,4,0,0,0,management,low
0.27,0.43,4,250,9,0,0,0,marketing,low
0.26,0.83,6,265,7,0,0,0,product_mng,low
0.56,0.36,5,255,10,0,0,0,technical,medium
0.21,0.97,7,138,8,0,0,0,hr,medium
0.12,0.67,7,105,3,0,0,0,technical,medium
0.44,0.52,4,214,2,0,0,0,support,low
0.38,0.75,7,132,7,0,0,0,hr,low
0.4,0.56,2,102,10,0,0,0,marketing,low
0.61,0.65,4,106,6,1,1,0,finance,low
0.57,0.52,4,200,5,0,0,0,RandD,low
0.38,0.36,3,207,8,0,0,0,finance,medium
0.35,0.81,6,152,6,0,1,0,marketing,low
0.2,0.71,6,174,8,0,0,0,IT,medium
0.12,0.85,2,224,4,0,1,0,finance,low
0.38,0.77,3,218,3,0,1,0,product_mng,medium
0.53,0.79,3,112,9,0,0,0,finance,low
0.64,0.42,3,161,6,0,0,0,finance,low
0.68,0.89,7,199,2,0,0,0,hr,low
0.68,0.39,2,252,10,0,0,0,hr,medium
0.5,0.57,7,219,3,0,1,0,finance,medium
0.25,0.66,2,285,4,0,0,0,IT,low
0.3,0.55,3,153,2,0,1,0,technical,high
0.54,0.69,4,143,10,1,0,0,technical,low
0.43,0.58,7,158,9,0,0,0,IT,low
0.58,0.88,5,96,6,0,0,0,sales,medium
0.38,0.8,3,283,6,0,1,0,hr,low
0.39,0.91,7,134,7,0,0,0,finance,low
0.36,0.76,4,264,5,0,0,0,sales,low
0.3,0.91,3,292,6,0,0,0,IT,medium
0.75,0.68,5,266,7,1,0,0,sales,medium
0.28,0.69,3,270,6,0,0,0,finance,low
0.47,0.69,2,217,9,1,0,0,hr,medium
0.24,0.36,3,240,4,0,0,0,hr,low
0.73,0.49,4,209,8,0,0,0,finance,medium
0.18,0.89,6,240,5,0,0,0,marketing,medium
0.21,0.36,2,125,4,0,0,0,sales,low
0.59,0.88,6,198,5,0,1,0,finance,medium
0.46,0.74,5,212,10,0,0,0,support,medium
0.3,0.67,5,106,6,0,1,0,IT,low
0.52,0.43,4,277,3,0,0,0,sales,low
0.36,0.58,6,202,2,0,0,0,management,medium
0.29,0.95,6,243,3,0,0,0,technical,medium
0.31,0.36,2,299,10,0,0,0,management,low
0.67,0.73,2,263,2,0,0,0,sales,low
0.55,0.52,3,101,8,0,0,0,finance,low
0.49,0.83,2,226,6,1,0,0,sales,medium
0.4,0.67,4,229,4,0,0,0,finance,low
0.33,0.53,4,215,3,0,0,0,RandD,medium
0.26,0.79,6,264,8,0,0,0,finance,low
0.63,0.78,2,272,9,1,0,0,RandD,medium
0.14,0.41,2,196,8,0,0,0,product_mng,medium
0.1,0.44,4,117,8,0,0,0,IT,low
0.51,0.67,5,225,4,0,1,0,RandD,low
0.29,0.8,3,116,10,1,0,0,RandD,low
0.66,0.78,7,232,6,0,0,0,support,low
0.57,0.39,4,197,4,0,0,0,support,low
0.38,0.92,7,285,4,0,0,0,marketing,medium
0.57,0.95,3,197,2,1,0,0,management,low
0.62,0.36,5,240,7,0,0,0,RandD,medium
0.65,0.84,4,147,8,1,0,0,marketing,medium
0.32,0.47,7,98,5,1,0,0,support,low
0.1,0.75,3,130,5,0,0,0,management,medium
0.02,0.43,6,217,4,0,0,0,IT,low
0.62,0.36,6,283,9,0,0,0,sales,medium
0.38,0.39,7,242,8,0,0,0,finance,medium
0.2,0.68,4,187,9,0,0,0,marketing,low
0.43,0.52,7,307,10,1,0,0,RandD,low
0.41,0.67,6,292,10,0,1,0,management,medium
0.42,0.64,2,119,5,0,0,0,support,low
0.31,0.36,6,169,6,0,0,0,support,low
0.53,0.67,4,126,7,0,0,0,IT,medium
0.18,0.76,5,141,6,0,1,0,technical,low
0.33,0.36,4,143,2,0,0,0,management,low
0.23,0.53,4,181,9,0,0,0,sales,medium
0.53,0.64,6,246,4,0,0,0,hr,medium
0.24,0.67,3,118,9,0,0,0,support,high
0.14,0.64,4,191,8,0,0,0,finance,medium
0.46,0.61,6,232,5,0,1,0,technical,medium
0.45,0.36,3,120,8,0,0,0,sales,low
0.14,0.39,2,124,4,0,0,0,RandD,medium
0.6,0.85,3,270,6,0,1,0,hr,medium
0.41,0.36,5,184,4,0,0,0,finance,high
0.29,0.43,2,109,9,1,1,0,support,low
0.06,0.59,7,291,10,1,1,0,RandD,low
0.54,0.61,7,215,10,0,0,0,management,low
0.44,0.76,7,265,4,0,0,0,RandD,medium
0.47,0.63,7,100,8,0,1,0,technical,medium
0.5,0.57,5,173,3,0,1,1,technical,low
0.09,0.63,3,222,3,0,0,0,sales,medium
0.31,0.51,2,224,10,0,0,0,sales,medium
0.62,0.36,2,125,9,0,1,1,IT,high
0.15,0.7,3,122,10,0,0,0,support,medium
0.37,0.56,6,277,10,1,0,0,IT,low
0.14,0.61,6,244,9,0,0,0,technical,low
0.52,0.36,7,250,5,0,0,0,marketing,medium
0.38,0.36,7,262,10,0,1,0,management,low
0.52,0.88,3,234,4,1,0,0,hr,low
0.49,0.36,4,283,10,0,0,0,marketing,low
0.71,0.63,3,275,10,0,0,0,support,low
0.73,0.6,3,137,6,0,0,0,RandD,medium
0.12,0.41,4,140,7,0,0,0,support,low
0.46,0.81,4,288,8,0,1,0,technical,low
0.73,0.78,2,260,6,0,0,0,finance,low
0.41,0.36,3,133,10,0,1,0,product_mng,low
0.8,0.78,7,122,4,1,0,0,marketing,low
0.33,0.82,3,163,8,0,0,0,finance,low
0.58,0.67,2,161,7,1,0,0,technical,high
0.77,0.51,6,161,8,0,0,0,sales,medium
0.19,0.45,5,300,5,0,1,0,marketing,medium
0.35,0.36,4,140,7,0,0,0,RandD,medium
0.76,0.6,6,253,9,0,1,0,sales,medium
0.48,0.36,4,283,9,0,0,0,sales,medium
0.51,0.58,2,191,5,0,0,0,support,low
0.6,0.36,3,128,4,0,1,0,support,low
0.36,0.52,3,244,4,0,0,0,management,low
0.53,0.85,3,147,7,1,1,0,hr,low
0.47,0.66,6,228,5,0,1,0,support,low
0.28,0.58,7,213,8,0,0,0,marketing,high
0.36,0.36,5,205,3,0,1,0,support,low
0.79,0.74,2,180,8,0,1,0,support,low
0.23,0.81,3,109,7,0,0,0,marketing,low
0.64,0.87,6,225,2,1,1,0,support,low
0.43,0.78,7,150,3,0,0,0,support,low
0.59,0.58,3,294,2,0,0,0,RandD,medium
0.6,0.69,6,114,10,0,0,0,IT,medium
0.46,0.76,4,284,7,1,0,0,finance,low
0.29,0.9,2,106,8,0,1,0,finance,medium
0.72,0.36,4,98,3,1,0,0,product_mng,low
0.62,0.45,7,241,7,0,0,0,RandD,low
0.45,0.67,5,269,10,1,0,0,IT,medium
0.44,0.36,6,195,9,0,0,0,hr,low
0.22,0.48,5,179,9,0,1,1,finance,medium
0.56,0.51,2,272,7,0,0,0,support,medium
0.72,0.71,5,100,6,0,1,0,technical,medium
0.2,0.48,7,289,8,0,0,0,technical,medium
0.22,0.49,2,252,10,1,0,0,technical,medium
0.39,0.46,5,199,4,1,1,0,technical,high
0.25,0.72,7,122,3,0,0,0,product_mng,low
0.38,0.73,4,169,10,0,0,0,technical,low
0.37,0.79,5,211,9,0,1,0,RandD,high
0.21,0.54,5,200,4,0,1,0,management,low
0.75,0.55,5,276,9,1,1,0,RandD,low
0.2,0.81,3,296,2,0,0,0,support,medium
0.38,0.7,6,192,4,0,1,0,management,medium
0.25,0.77,4,286,7,0,0,0,RandD,low
0.67,0.66,3,241,5,0,0,0,finance,low
0.42,0.67,4,262,9,0,1,0,hr,low
0.42,0.86,6,208,9,0,0,0,management,low
0.73,0.55,6,152,10,0,0,0,product_mng,medium
0.33,0.84,4,290,6,0,0,0,sales,low
0.47,0.9,3,109,8,0,1,0,support,high
0.24,0.36,4,234,3,0,0,0,technical,medium
0.39,0.91,3,150,7,0,1,0,RandD,medium
0.52,0.78,7,243,5,0,0,0,product_mng,low
0.21,0.76,5,272,9,0,0,0,IT,low
0.34,0.36,3,202,10,0,0,0,technical,medium
0.47,0.59,3,135,3,1,0,0,product_mng,low
0.15,0.77,6,248,7,0,0,0,support,low
0.52,0.55,3,127,7,0,0,0,support,medium
0.46,0.64,4,283,8,0,0,0,hr,low
0.31,0.38,7,173,3,0,1,0,support,medium
0.41,0.55,3,293,4,0,0,0,product_mng,high
0.78,0.78,4,185,9,0,0,0,finance,medium
0.16,0.36,4,310,10,0,0,0,marketing,low
0.38,0.41,6,193,4,0,0,0,marketing,medium
0.79,0.58,6,273,4,0,1,0,IT,medium
0.24,0.49,7,133,5,0,1,0,RandD,low
0.31,0.62,7,244,6,0,1,0,hr,medium
0.61,0.88,5,203,5,0,1,0,IT,low
0.44,0.69,2,160,8,0,0,0,product_mng,low
0.36,0.36,7,201,5,0,0,1,sales,medium
0.17,0.36,4,96,10,0,0,0,sales,medium
0.58,0.76,7,99,2,0,0,0,RandD,medium
0.78,0.38,5,169,7,0,0,0,support,low
0.39,0.36,4,265,8,1,0,0,IT,medium
0.58,0.92,3,170,8,0,0,0,finance,medium
0.29,0.7,2,227,8,0,0,0,management,high
0.25,0.86,4,216,3,0,0,0,hr,low
0.15,0.97,3,121,4,0,1,0,hr,low
0.48,0.36,4,295,7,0,0,0,RandD,medium
0.67,0.79,2,157,10,0,0,0,IT,medium
0.36,0.36,7,270,10,0,0,0,IT,medium
0.57,0.36,6,158,3,0,0,0,management,low
0.35,0.47,2,144,9,1,0,0,finance,low
0.53,0.87,7,101,2,1,0,0,marketing,medium
0.38,0.81,5,246,2,0,1,0,hr,low
0.08,0.36,5,99,8,1,0,0,hr,medium
0.24,0.45,4,210,9,1,0,0,technical,low
0.3,0.79,3,156,8,0,0,0,finance,medium
0.37,0.52,3,121,10,0,0,0,marketing,medium
0.49,0.78,7,205,7,0,1,0,management,low
0.13,0.62,7,250,5,0,0,0,technical,low
0.15,0.55,2,295,2,0,0,0,product_mng,medium
0.35,0.46,7,245,4,0,0,0,finance,low
0.66,0.36,2,133,2,1,0,0,finance,medium
0.47,0.59,3,103,2,0,0,0,product_mng,medium
0.19,0.86,7,286,7,0,1,1,finance,low
0.11,0.58,5,246,5,0,0,0,hr,low
0.3,0.67,3,235,6,0,1,0,RandD,high
0.39,0.36,3,114,8,0,0,0,sales,low
0.64,0.81,4,243,8,0,0,0,sales,medium
0.15,0.65,6,128,8,0,0,0,hr,medium
0.56,0.65,2,233,3,0,0,0,support,medium
0.24,0.36,7,298,7,0,0,0,support,low
0.68,0.77,4,193,5,0,0,0,finance,medium
0.56,0.71,2,294,7,0,0,0,technical,medium
0.55,0.65,3,115,2,0,1,0,IT,medium
0.62,0.96,2,229,2,1,0,0,sales,low
0.29,0.72,5,116,3,1,0,0,IT,medium
0.73,0.36,4,145,8,0,0,0,product_mng,high
0.36,0.77,2,129,6,0,1,0,management,low
0.53,0.7,2,123,5,0,0,0,technical,low
0.7,0.71,3,148,10,1,0,0,product_mng,low
0.09,0.67,5,235,3,0,0,0,finance,low
0.61,0.39,6,281,2,0,0,0,sales,high
0.58,0.81,5,181,8,0,0,0,marketing,low
0.56,0.36,3,149,9,0,1,0,IT,medium
0.2,0.77,6,160,3,0,0,0,marketing,low
0.22,0.55,3,146,3,0,0,0,hr,medium
0.35,0.36,4,109,3,0,1,0,management,low
0.4,0.47,7,132,10,0,1,0,support,medium
0.3,0.6,5,123,6,0,1,0,sales,medium
0.66,0.78,2,197,4,0,0,0,marketing,low
0.02,0.67,2,293,5,1,0,0,management,low
0.33,0.89,2,102,7,0,0,0,RandD,medium
0.16,0.6,6,126,5,0,1,0,product_mng,medium
0.73,0.57,4,227,7,0,0,0,product_mng,low
0.47,0.54,4,210,8,1,0,0,IT,low
0.36,0.65,4,122,9,0,1,0,finance,low
0.19,0.43,7,217,8,0,0,0,management,medium
0.47,0.81,7,134,7,1,0,0,hr,low
0.15,0.54,4,119,8,0,0,0,hr,low
0.45,0.76,7,129,9,0,1,0,finance,high
0.72,0.39,5,309,3,0,0,0,IT,medium
0.7,0.61,6,224,10,0,0,0,marketing,low
0.22,0.86,5,216,8,1,0,0,finance,low
0.68,0.36,5,203,10,0,0,0,marketing,high
0.07,0.95,4,182,2,0,0,0,management,medium
0.33,0.4,4,186,7,0,0,0,marketing,medium
0.23,0.36,2,151,10,0,0,0,support,medium
0.06,0.38,7,173,7,0,0,0,technical,high
0.56,0.47,4,263,8,0,1,0,technical,low
0.63,0.36,5,170,6,0,1,0,management,medium
0.61,0.73,5,283,8,1,0,0,hr,low
0.46,0.93,7,156,7,0,0,0,sales,medium
0.46,0.47,7,247,9,0,0,0,support,medium
0.77,0.36,3,247,4,0,0,0,management,low
0.31,0.53,7,152,2,0,0,0,product_mng,medium
0.48,0.36,6,211,10,0,0,0,hr,medium
0.26,0.92,5,146,4,0,0,0,sales,low
0.62,0.68,6,303,4,0,0,0,management,medium
0.6,0.62,4,295,5,0,1,0,IT,low
0.45,0.36,4,230,6,0,0,0,IT,low
0.46,0.86,7,169,9,0,0,0,hr,medium
0.39,0.85,2,159,9,0,0,0,marketing,medium
0.46,0.88,6,278,9,0,0,0,hr,medium
0.1,0.56,7,219,2,0,0,0,management,low
0.48,0.47,6,241,9,0,0,0,hr,medium
0.75,0.36,4,197,6,0,0,0,support,medium
0.29,0.45,6,218,4,0,1,0,management,low
0.45,0.42,7,143,6,0,0,0,marketing,low
0.35,0.85,4,292,6,0,0,0,hr,medium
0.27,0.76,2,231,2,0,1,0,RandD,low
0.59,0.58,4,196,10,0,0,0,marketing,low
0.3,0.36,4,295,6,0,0,0,technical,low
0.58,0.73,2,232,3,0,1,0,RandD,low
0.43,0.85,3,234,3,0,1,0,support,low
0.13,0.36,7,231,8,0,1,0,marketing,high
0.24,0.65,2,125,10,0,0,0,management,medium
0.43,0.6,6,267,6,0,1,0,IT,low
0.34,0.81,2,250,5,1,0,0,technical,medium
0.33,0.87,7,97,3,0,0,0,IT,low
0.39,0.76,5,299,5,0,0,0,marketing,medium
0.26,0.38,2,119,5,0,0,0,finance,low
0.19,0.55,4,254,10,0,0,0,IT,medium
0.48,0.75,5,148,8,0,0,0,RandD,medium
0.01,0.36,3,169,9,0,0,0,marketing,medium
0.3,0.86,6,154,2,0,0,0,sales,medium
0.47,0.44,6,241,8,0,0,0,IT,low
0.68,0.72,7,166,3,0,0,0,finance,low
0.35,0.85,2,202,9,0,0,0,technical,low
0.75,0.54,5,309,6,0,1,0,IT,medium
0.19,0.63,4,218,5,0,0,0,finance,medium
0.49,0.88,7,191,10,0,0,0,product_mng,medium
0.36,0.63,2,112,6,0,0,0,hr,medium
0.16,0.36,7,296,2,0,1,0,IT,medium
0.58,0.71,2,178,6,0,0,0,management,medium
0.38,0.36,2,274,8,0,1,0,RandD,low
0.15,0.8,6,140,10,0,0,0,IT,medium
0.5,0.36,5,200,6,1,0,0,hr,low
0.11,0.39,3,156,6,0,0,0,management,low
0.55,0.82,2,199,4,0,0,0,product_mng,low
0.23,0.59,5,96,6,0,0,0,finance,medium
0.87,0.65,2,125,6,0,0,0,support,medium
0.27,0.48,4,223,5,0,0,0,IT,medium
0.37,0.57,5,251,7,0,0,0,technical,low
0.48,0.6,7,125,10,0,0,0,product_mng,low
0.27,0.64,4,259,4,0,0,0,management,medium
0.63,0.36,7,118,4,0,1,0,sales,high
0.42,0.5,4,216,7,0,1,0,management,medium
0.07,0.67,7,271,6,0,0,0,technical,medium
0.13,0.5,5,301,9,0,0,0,management,medium
0.66,0.63,3,205,9,0,1,0,RandD,medium
0.36,0.62,2,271,10,0,0,0,support,medium
0.36,0.45,7,147,9,0,1,0,marketing,medium
0.35,0.49,7,129,6,0,0,0,technical,medium
0.2,0.56,2,255,8,0,0,0,sales,low
0.35,0.37,6,171,9,0,1,0,product_mng,medium
0.35,0.36,4,287,6,1,0,0,RandD,medium
0.85,0.36,2,173,4,0,0,0,technical,medium
0.43,0.86,6,132,9,0,0,0,IT,low
0.4,0.71,4,306,8,0,0,0,product_mng,low
0.38,0.41,7,174,10,0,0,0,hr,low
0.4,0.46,5,278,6,0,1,0,marketing,high
0.35,0.58,3,182,8,0,0,0,management,low
0.54,0.37,3,228,5,0,0,0,technical,low
0.34,0.6,7,227,2,0,0,0,product_mng,medium
0.67,0.52,3,141,4,0,0,0,support,low
0.33,0.82,5,125,5,0,0,0,management,low
0.6,0.67,7,233,10,0,0,0,marketing,low
0.64,0.77,6,153,5,0,0,0,support,medium
0.27,0.36,4,232,9,0,1,0,sales,medium
0.13,0.84,2,190,5,0,0,0,marketing,low
0.74,0.37,4,102,8,0,0,0,marketing,low
0.33,0.86,6,186,9,0,0,0,management,medium
0.42,0.46,4,156,7,1,1,0,hr,medium
0.24,0.38,7,281,3,0,1,1,IT,low
0.27,0.87,7,210,10,1,1,0,RandD,medium
0.7,0.92,5,244,5,0,0,0,RandD,low
0.68,0.76,2,286,7,0,0,0,technical,medium
0.46,0.81,7,239,10,0,0,0,marketing,low
0.35,0.37,4,241,2,1,1,0,technical,low
0.53,0.54,4,273,5,0,0,0,technical,medium
0.28,0.65,5,237,5,0,1,0,finance,low
0.44,0.71,6,157,6,0,0,0,IT,medium
0.2,0.42,6,117,5,1,0,0,support,medium
0.18,0.45,6,107,3,0,0,0,management,low
0.47,0.55,2,143,10,0,1,0,finance,medium
0.44,0.36,5,180,5,0,1,0,sales,medium
0.42,0.52,6,280,2,0,0,0,finance,medium
0.31,0.6,4,309,8,0,0,0,IT,medium
0.47,0.75,3,283,3,0,0,0,sales,medium
0.28,0.81,5,114,10,0,0,0,finance,medium
0.07,0.71,6,120,4,0,0,0,management,low
0.37,0.39,6,162,10,1,0,0,support,medium
0.17,0.63,3,252,3,0,0,0,product_mng,medium
0.56,0.84,2,141,7,0,0,0,sales,high
0.7,0.37,2,161,10,0,0,0,technical,medium
0.8,0.83,7,195,10,0,1,0,product_mng,medium
0.39,0.81,3,130,4,0,0,0,sales,medium
0.24,0.36,2,251,2,0,0,0,finance,low
0.42,0.41,4,287,8,0,0,0,RandD,low
0.39,0.44,7,201,5,0,1,0,marketing,low
0.44,0.93,3,301,10,0,1,0,management,medium
0.62,0.58,6,309,10,0,0,0,sales,medium
0.31,0.85,6,118,3,0,0,0,technical,low
0.43,0.59,7,270,8,0,0,0,product_mng,medium
0.21,0.36,4,255,9,0,1,0,support,medium
0.36,0.68,6,164,2,0,1,0,finance,low
0.82,0.81,4,306,6,0,0,0,RandD,medium
0.25,0.53,5,268,6,0,0,0,marketing,medium
0.58,0.83,3,106,3,1,0,0,technical,medium
0.34,0.63,7,205,10,0,0,0,IT,medium
0.58,0.36,7,188,4,0,0,0,support,medium
0.58,0.36,3,190,5,0,1,0,hr,medium
0.21,0.68,4,154,6,0,0,0,marketing,low
0.53,0.81,5,297,5,0,1,0,sales,low
0.13,0.39,7,280,7,0,0,0,IT,medium
0.16,0.45,6,137,2,0,0,0,hr,medium
0.39,0.36,6,208,7,1,0,0,technical,low
0.69,0.88,3,285,6,0,0,0,technical,medium
0.48,0.56,2,117,4,0,0,0,product_mng,low
0.23,0.36,2,240,10,0,0,0,management,medium
0.07,0.38,6,234,4,0,1,0,marketing,low
0.52,0.36,2,226,6,0,1,0,management,low
0.38,0.76,2,281,2,0,0,0,marketing,low
0.41,0.96,2,164,6,0,0,0,sales,medium
0.47,0.71,4,299,7,0,1,0,RandD,low
0.61,0.39,7,307,2,0,0,0,marketing,low
0.37,0.5,5,192,9,0,0,0,finance,medium
0.71,0.61,6,288,6,0,0,0,IT,medium
0.24,0.37,7,269,7,0,0,0,sales,low
0.11,0.62,3,215,3,0,0,0,sales,medium
0.64,0.89,2,101,10,0,1,0,IT,medium
0.16,0.36,5,218,9,0,0,0,technical,medium
0.41,0.54,5,297,9,0,1,0,support,low
0.7,0.56,5,108,7,0,0,0,hr,medium
0.1,0.56,5,233,5,0,0,0,support,low
0.51,0.83,7,220,3,0,1,0,finance,low
0.1,0.75,5,240,10,0,0,0,technical,medium
0.4,0.68,4,105,2,1,0,0,RandD,low
0.02,0.5,6,295,9,0,0,0,support,low
0.16,0.55,4,238,9,0,0,0,finance,medium
0.24,0.7,7,216,7,0,1,0,management,low
0.09,0.44,5,249,7,0,0,0,technical,low
0.53,0.88,3,161,3,0,0,0,hr,medium
0.46,0.84,7,116,7,0,1,0,technical,low
0.69,0.67,4,295,6,0,1,0,product_mng,medium
0.17,0.38,2,240,8,1,1,0,sales,low
0.33,0.94,4,207,8,0,0,0,RandD,medium
0.12,0.61,7,207,7,0,1,0,management,medium
0.27,0.73,7,183,4,0,0,0,RandD,medium
0.73,0.59,2,116,8,0,0,0,sales,low
0.54,0.55,5,288,6,0,0,0,management,low
0.15,0.56,3,183,6,0,0,0,IT,low
0.05,0.97,5,155,3,0,0,0,marketing,low
0.04,0.9,3,226,10,0,1,0,finance,medium
0.55,0.45,6,199,9,1,0,0,finance,medium
0.23,0.81,6,149,2,1,0,0,hr,low
0.87,0.36,6,256,2,0,1,1,management,low
0.42,0.7,7,251,5,1,0,0,product_mng,medium
0.24,0.57,4,301,9,1,1,0,technical,low
0.13,0.36,5,137,2,0,1,0,marketing,low
0.6,0.79,2,124,3,0,0,0,RandD,medium
0.27,0.36,2,157,3,0,0,0,marketing,low
0.48,0.86,3,279,6,0,0,0,sales,low
0.39,0.44,3,98,6,0,0,0,technical,medium
0.39,0.36,2,247,10,0,0,0,IT,high
0.58,0.6,2,249,8,0,0,0,support,high
0.14,0.44,3,119,10,0,0,0,sales,medium
0.44,0.58,4,300,7,0,0,0,finance,low
0.32,0.76,4,109,10,0,0,0,hr,low
0.56,0.96,3,170,10,0,0,0,sales,medium
0.6,0.56,4,163,8,0,0,0,marketing,medium
0.19,0.57,5,276,8,0,0,0,support,medium
0.52,0.74,2,162,5,0,0,0,finance,high
0.15,0.8,4,282,6,0,1,0,management,low
0.35,0.63,6,235,7,1,1,0,RandD,low
0.4,0.54,7,96,4,1,1,0,support,low
0.57,0.55,6,301,6,0,0,0,technical,medium
0.55,0.74,3,309,8,0,0,0,technical,low
0.15,0.36,6,247,3,1,1,0,IT,low
0.52,0.76,7,172,8,0,0,0,support,medium
0.4,0.69,3,228,8,1,0,0,finance,low
0.78,0.86,4,130,5,0,0,0,hr,low
0.26,0.66,6,184,5,0,0,0,finance,medium
0.3,0.36,7,268,9,0,0,0,RandD,low
0.83,0.69,2,180,2,0,1,0,marketing,low
0.64,0.63,3,132,7,0,0,0,hr,medium
0.14,0.85,6,275,6,0,1,0,sales,medium
0.33,0.83,6,252,3,0,0,0,product_mng,low
0.49,0.88,7,210,3,0,0,0,product_mng,low
0.59,0.48,4,244,7,0,0,0,finance,medium
0.21,0.36,3,122,9,0,0,0,marketing,low
0.71,0.9,2,116,7,0,1,0,technical,medium
0.11,0.51,2,153,2,0,0,0,IT,medium
0.18,0.88,7,245,4,0,1,0,product_mng,high
0.68,0.64,5,302,2,0,0,0,marketing,medium
0.38,0.59,6,177,5,0,1,0,finance,low
0.41,0.61,3,220,5,0,0,0,finance,low
0.53,0.87,5,257,5,0,0,0,management,medium
0.22,0.36,2,225,6,0,0,0,RandD,medium
0.12,0.38,2,189,4,0,0,0,finance,high
0.48,0.36,3,97,8,1,0,0,RandD,low
0.56,0.56,2,210,2,0,1,0,finance,medium
0.41,0.36,3,125,10,0,0,0,support,low
0.32,0.36,4,176,3,0,0,0,technical,low
0.17,0.64,5,147,9,0,1,0,product_mng,medium
0.31,0.53,3,223,2,0,1,0,marketing,low
0.81,0.63,5,210,5,0,1,0,finance,low
0.33,0.82,6,236,8,0,0,1,management,low
0.33,0.65,6,192,2,0,1,0,product_mng,low
0.37,0.36,7,238,3,0,0,0,IT,low
0.31,0.97,2,226,9,0,1,0,marketing,medium
0.68,0.7,7,256,4,0,0,0,finance,low
0.56,0.58,3,222,7,0,1,0,sales,high
0.27,0.37,4,218,9,0,0,0,RandD,low
0.33,0.78,2,298,5,0,0,0,IT,medium
0.36,0.52,3,234,10,0,0,0,management,low
0.4,0.94,6,278,10,0,0,0,sales,low
0.25,0.79,2,185,9,0,0,0,finance,medium
0.26,0.6,5,244,10,0,0,0,hr,medium
0.69,0.76,5,262,10,0,0,0,support,medium
0.73,0.6,6,189,6,0,0,0,product_mng,medium
0.27,0.66,2,189,2,0,0,0,product_mng,medium
0.32,0.75,2,173,4,0,1,0,management,medium
0.53,0.36,6,287,8,1,0,0,finance,medium
0.1,0.87,6,262,3,0,0,0,IT,medium
0.66,0.54,5,198,6,0,1,0,management,medium
0.24,0.97,5,172,8,0,0,0,finance,low
0.5,0.54,3,272,3,0,0,0,marketing,low
0.08,0.72,2,150,6,0,0,0,IT,low
0.52,0.58,3,173,4,0,1,0,IT,high
0.5,0.58,4,145,8,0,0,0,product_mng,low
0.48,0.77,5,193,8,0,0,0,sales,high
0.19,0.67,5,270,2,0,0,0,IT,low
0.27,0.8,4,265,7,0,0,0,sales,low
0.42,0.61,7,226,8,0,1,0,support,medium
0.26,0.47,5,303,7,0,0,1,support,low
0.22,0.55,6,211,4,0,0,0,sales,medium
0.65,0.36,7,211,9,1,0,0,support,medium
0.05,0.44,6,301,8,0,0,0,sales,low
0.7,0.73,3,269,2,0,0,0,finance,low
0.18,0.75,2,136,5,1,1,0,sales,medium
0.46,0.66,6,185,8,1,0,0,product_mng,low
0.45,0.52,6,260,6,0,1,0,support,low
0.19,0.52,3,190,3,0,1,0,RandD,medium
0.27,0.57,4,222,10,0,0,0,technical,low
0.57,0.52,7,285,10,0,1,0,marketing,low
0.34,0.36,4,213,2,0,1,0,support,low
0.86,0.52,6,251,2,1,0,0,sales,medium
0.23,0.56,6,102,8,0,0,0,RandD,low
0.24,0.36,2,137,7,0,0,0,technical,medium
0.17,0.61,6,169,7,0,0,0,IT,low
0.25,0.36,5,308,7,0,0,0,sales,low
0.37,0.36,4,147,8,0,0,0,management,medium
0.88,0.74,2,187,9,0,0,0,management,low
0.25,0.83,7,108,6,0,0,0,hr,low
0.06,0.93,7,181,3,0,0,0,hr,medium
0.29,0.79,4,244,10,0,0,0,hr,high
0.37,0.83,2,199,2,0,0,0,IT,low
0.69,0.39,6,140,8,0,0,0,management,low
0.4,0.61,6,299,3,0,0,0,finance,medium
0.29,0.78,7,97,9,0,1,0,RandD,medium
0.24,0.74,4,274,8,0,0,0,technical,low
0.51,0.63,3,176,6,0,0,0,management,medium
0.37,0.59,4,107,5,0,0,0,product_mng,medium
0.51,0.45,2,113,4,0,0,0,support,low
0.16,0.77,3,101,8,1,1,0,finance,medium
0.31,0.72,7,301,3,0,0,0,IT,medium
0.56,0.36,4,306,9,0,0,0,sales,low
0.11,0.91,3,208,4,0,1,0,finance,low
0.18,0.63,3,267,5,1,0,0,RandD,high
0.34,0.42,6,102,6,0,1,0,finance,medium
0.65,0.77,6,126,7,0,0,0,technical,high
0.73,0.68,5,101,2,0,0,0,marketing,low
0.2,0.6,3,217,5,0,0,0,RandD,low
0.54,0.71,5,195,3,0,0,0,RandD,high
0.72,0.49,5,206,3,0,0,0,IT,low
0.55,0.97,2,149,7,1,1,0,marketing,low
0.4,0.36,4,184,4,0,1,0,marketing,medium
0.43,0.39,7,137,6,0,0,0,management,low
0.23,0.49,5,180,8,0,0,0,RandD,low
0.27,0.64,5,239,6,0,0,0,IT,medium
0.32,0.88,7,100,6,0,0,0,RandD,low
0.31,0.57,5,242,6,0,0,0,product_mng,low
0.3,0.36,7,186,7,0,0,0,RandD,low
0.17,0.85,5,274,9,0,0,0,hr,medium
0.71,0.49,3,258,7,0,1,1,finance,medium
0.36,0.64,4,230,8,0,0,0,support,low
0.3,0.36,2,163,8,0,1,0,product_mng,medium
0.13,0.63,7,189,9,0,0,0,product_mng,low
0.51,0.65,2,251,5,0,0,0,management,low
0.23,0.95,2,151,10,1,0,0,sales,medium
0.26,0.6,5,284,5,0,0,0,RandD,medium
0.26,0.73,6,192,5,0,0,0,hr,medium
0.53,0.68,4,303,9,0,1,0,finance,medium
0.45,0.7,7,159,6,0,0,0,IT,low
0.08,0.61,7,146,7,0,0,0,technical,low
0.65,0.75,4,250,5,0,0,1,support,medium
0.49,0.67,5,217,5,1,1,0,technical,medium
0.4,0.46,3,301,2,0,0,0,hr,medium
0.21,0.61,7,148,5,0,0,0,IT,low
0.61,0.36,4,305,3,0,0,0,IT,low
0.38,0.84,5,282,6,0,1,0,RandD,low
0.27,0.83,6,305,2,0,0,0,marketing,medium
0.14,0.44,5,309,8,0,1,0,sales,low
0.35,0.4,7,263,10,0,0,0,IT,low
0.67,0.52,6,163,4,0,1,0,technical,medium
0.29,0.93,6,115,2,0,1,0,product_mng,low
0.12,0.73,2,203,3,0,1,0,finance,low
0.29,0.52,2,303,9,0,0,0,hr,medium
0.27,0.36,6,283,2,0,0,0,marketing,low
0.39,0.36,2,167,5,0,0,0,support,high
0.21,0.5,5,235,5,0,0,0,RandD,low
0.25,0.62,3,115,3,0,0,0,sales,low
0.12,0.45,3,265,9,0,0,0,product_mng,low
0.47,0.36,5,110,4,1,0,0,marketing,medium
0.24,0.97,5,146,9,1,1,0,IT,medium
0.2,0.41,2,240,3,1,0,0,management,low
0.6,0.75,3,175,10,0,0,0,support,high
0.67,0.36,7,214,9,0,1,0,marketing,low
0.47,0.61,3,167,8,0,1,0,technical,medium
0.7,0.53,4,171,2,0,0,0,finance,low
0.61,0.77,7,308,4,0,1,0,RandD,low
0.35,0.66,3,158,2,0,0,0,marketing,high
0.17,0.85,3,253,6,0,0,0,management,medium
0.28,0.46,2,119,8,0,1,0,support,low
0.23,0.41,2,273,7,0,0,0,sales,low
0.51,0.64,3,287,10,0,0,0,technical,low
0.32,0.49,7,259,6,0,0,0,management,low
0.08,0.36,6,264,2,0,0,0,finance,medium
0.3,0.9,4,139,2,0,0,0,hr,medium
0.2,0.74,6,218,9,0,1,0,product_mng,low
0.37,0.36,4,274,9,0,1,1,IT,medium
0.59,0.97,5,299,6,1,0,0,marketing,low
0.13,0.36,4,148,2,0,1,0,finance,low
0.66,0.36,5,185,5,0,0,0,hr,low
0.39,0.79,7,99,8,1,1,0,RandD,low
0.51,0.45,5,306,2,0,0,0,product_mng,medium
0.24,0.71,2,138,10,0,0,0,RandD,medium
0.35,0.36,7,204,10,0,0,0,marketing,low
0.66,0.63,5,197,6,0,0,0,finance,medium
0.63,0.58,6,122,6,0,1,0,RandD,medium
0.39,0.79,7,161,5,0,0,0,product_mng,low
0.31,0.74,4,228,2,0,0,0,RandD,low
0.44,0.5,2,302,4,0,0,0,management,low
0.43,0.42,3,152,7,0,0,0,management,high
0.71,0.75,4,207,8,0,0,0,IT,low
0.23,0.86,7,132,8,0,1,0,product_mng,medium
0.23,0.63,6,197,7,0,0,0,sales,low
0.31,0.53,5,258,4,0,0,0,RandD,medium
0.17,0.64,7,239,3,1,0,0,sales,low
0.48,0.4,2,232,10,0,1,0,sales,low
0.1,0.57,7,245,4,0,1,0,finance,low
0.74,0.36,3,171,7,0,1,0,hr,medium
0.45,0.69,4,210,6,0,0,0,management,medium
0.54,0.44,4,292,8,0,0,0,RandD,medium
0.08,0.59,2,198,2,0,1,0,sales,medium
0.52,0.52,7,119,9,0,0,0,management,low
0.45,0.36,2,193,7,0,0,0,hr,low
0.47,0.69,2,109,4,0,0,0,sales,low
0.35,0.67,3,180,5,0,0,0,support,low
0.54,0.8,6,229,8,0,1,0,support,low
0.2,0.76,5,271,5,0,0,0,product_mng,medium
0.47,0.36,7,262,9,0,0,0,product_mng,low
0.13,0.68,2,115,8,0,0,0,support,low
0.14,0.52,6,245,7,0,0,0,hr,medium
0.74,0.69,7,199,3,0,0,0,hr,low
0.22,0.79,5,281,4,0,0,0,sales,low
0.18,0.64,6,257,2,0,0,0,management,low
0.65,0.63,2,255,4,0,0,0,marketing,low
0.65,0.36,2,163,8,0,0,0,management,medium
0.29,0.42,4,142,2,0,1,0,support,medium
0.88,0.82,5,241,9,0,1,0,product_mng,low
0.26,0.36,4,264,8,0,1,0,RandD,medium
0.63,0.72,4,116,4,0,0,0,support,low
0.44,0.77,5,181,6,1,0,0,support,high
0.28,0.63,4,295,8,0,0,0,technical,medium
0.56,0.79,4,246,4,0,0,0,RandD,medium
0.12,0.36,4,299,8,0,1,0,hr,high
0.41,0.61,5,281,7,1,0,0,finance,medium
0.32,0.59,7,240,3,0,0,0,IT,medium
0.55,0.63,6,284,3,1,0,0,technical,low
0.41,0.7,6,155,8,0,0,0,marketing,medium
0.48,0.36,3,187,10,1,0,0,finance,low
0.54,0.49,6,232,5,0,0,0,hr,low
0.33,0.65,3,177,5,1,0,0,product_mng,medium
0.44,0.36,3,176,6,1,0,0,IT,medium
0.78,0.76,5,305,3,0,0,0,sales,medium
0.42,0.36,3,173,9,0,0,0,sales,low
0.32,0.4,6,139,9,0,0,0,support,low
0.6,0.36,6,127,6,0,1,0,product_mng,high
0.32,0.36,6,264,5,1,0,0,support,low
0.77,0.65,2,305,3,0,0,0,support,medium
0.68,0.63,2,172,7,0,0,0,marketing,low
0.28,0.36,5,216,3,0,0,0,technical,medium
0.3,0.76,2,198,7,0,1,0,support,medium
0.58,0.59,6,181,9,0,0,0,technical,medium
0.67,0.97,4,126,4,0,1,0,support,low
0.61,0.58,4,224,6,0,0,0,finance,low
0.37,0.85,2,303,7,0,0,0,marketing,medium
0.4,0.52,6,248,4,0,1,0,management,medium
0.35,0.48,4,235,4,0,0,0,finance,low
0.38,0.36,5,264,2,0,0,0,hr,medium
0.27,0.89,4,171,8,0,0,0,finance,low
0.81,0.74,4,254,3,0,0,0,IT,medium
0.52,0.47,3,298,6,0,0,0,marketing,medium
0.5,0.36,3,160,6,0,0,0,product_mng,medium
0.66,0.86,6,101,4,0,0,0,hr,low
0.1,0.6,2,164,10,0,0,0,marketing,low
0.53,0.74,3,178,5,0,0,0,hr,medium
0.68,0.63,2,279,7,1,0,0,RandD,low
0.16,0.71,5,191,7,0,0,0,management,medium
0.66,0.59,7,164,5,0,0,0,hr,medium
0.53,0.48,6,106,9,0,0,0,sales,low
0.41,0.58,3,203,5,0,0,0,product_mng,low
0.39,0.63,3,252,5,0,0,0,technical,medium
0.2,0.6,4,102,5,0,0,0,IT,medium
0.07,0.45,5,201,10,0,0,0,IT,medium
0.62,0.73,5,186,7,0,1,0,technical,low
0.17,0.72,7,251,7,0,0,0,hr,low
0.27,0.51,3,243,2,0,0,0,support,high
0.85,0.37,7,280,4,0,0,0,RandD,medium
0.45,0.36,3,237,10,0,1,0,sales,medium
0.47,0.64,4,203,5,0,0,0,support,medium
0.31,0.95,4,265,4,0,1,0,RandD,low
0.65,0.43,3,127,7,0,0,0,product_mng,medium
0.12,0.46,2,112,9,0,0,0,IT,medium
0.54,0.54,6,268,4,0,1,0,marketing,low
0.15,0.47,6,123,2,0,0,0,finance,low
0.81,0.59,4,298,5,0,0,1,support,medium
0.5,0.41,6,269,2,0,0,0,technical,low
0.19,0.36,6,188,7,0,0,0,hr,low
0.39,0.86,5,248,5,0,0,0,finance,medium
0.56,0.93,3,182,5,1,0,0,technical,medium
0.28,0.76,3,282,8,0,0,0,support,low
0.31,0.73,3,141,8,0,0,0,technical,medium
0.65,0.49,4,172,6,0,0,0,hr,medium
0.38,0.75,5,245,7,0,0,1,RandD,low
0.66,0.44,6,126,4,0,0,0,management,medium
0.45,0.85,5,165,10,0,1,0,IT,low
0.55,0.44,4,256,5,0,1,0,support,low
0.67,0.81,2,127,9,1,0,0,IT,low
0.72,0.81,4,303,2,0,0,0,support,low
0.19,0.88,3,194,4,0,0,0,hr,medium
0.55,0.7,7,304,8,0,1,0,technical,medium
0.78,0.68,2,242,4,0,0,0,technical,low
0.6,0.79,2,226,3,0,0,0,product_mng,low
0.42,0.81,5,249,10,0,1,0,sales,medium
0.66,0.78,2,306,8,0,1,0,marketing,low
0.82,0.67,3,135,6,1,1,0,management,medium
0.54,0.54,3,190,6,0,0,1,marketing,medium
0.57,0.65,3,219,9,0,0,0,product_mng,medium
0.5,0.91,4,144,10,0,0,0,hr,high
0.13,0.78,5,278,8,1,0,0,support,low
0.56,0.81,4,175,4,0,0,0,IT,medium
0.16,0.63,6,203,10,1,0,0,RandD,high
0.55,0.84,3,137,10,0,0,0,finance,high
0.11,0.54,5,302,6,0,0,0,marketing,medium
0.18,0.57,3,270,7,0,1,0,management,low
0.34,0.56,2,256,6,0,0,0,hr,high
0.3,0.62,5,245,7,1,0,0,finance,medium
0.63,0.6,5,271,7,0,0,0,product_mng,high
0.43,0.36,7,172,2,0,1,0,management,medium
0.2,0.36,6,257,5,0,0,0,product_mng,medium
0.27,0.65,4,147,9,0,0,0,finance,low
0.44,0.81,4,110,2,0,1,0,support,high
0.39,0.74,3,282,8,0,0,0,hr,low
0.49,0.82,3,151,8,0,0,0,support,low
0.55,0.77,2,235,4,0,0,0,marketing,low
0.66,0.48,2,307,10,0,0,0,support,medium
0.51,0.68,5,204,2,0,0,1,support,high
0.38,0.58,2,207,5,0,0,0,support,medium
0.29,0.52,6,287,9,0,1,0,RandD,low
0.76,0.56,5,206,2,0,0,0,hr,low
0.44,0.36,4,268,10,0,0,0,IT,medium
0.5,0.39,7,234,7,0,0,0,IT,low
0.31,0.96,2,149,7,0,1,0,marketing,medium
0.3,0.7,2,182,4,0,1,0,support,low
0.21,0.36,2,130,3,0,0,0,management,low
0.4,0.4,3,129,4,0,0,0,sales,medium
0.26,0.54,3,274,4,0,0,1,support,high
0.3,0.9,7,216,6,1,0,0,management,low
0.6,0.46,6,252,3,0,0,0,marketing,low
0.14,0.74,6,172,2,0,0,0,IT,low
0.23,0.6,2,132,5,0,0,0,marketing,medium
0.5,0.43,3,201,10,0,1,0,finance,medium
0.51,0.83,2,195,7,0,0,0,RandD,low
0.69,0.36,6,272,7,0,0,0,marketing,medium
0.08,0.62,5,243,9,0,0,0,hr,medium
0.65,0.46,3,139,5,1,0,0,RandD,medium
0.19,0.91,7,271,6,0,1,0,RandD,low
0.34,0.49,2,260,4,0,1,0,marketing,medium
0.12,0.67,7,195,4,0,0,0,technical,low
0.03,0.61,5,155,9,0,0,0,IT,low
0.66,0.74,2,160,6,0,0,0,RandD,high
0.21,0.69,7,105,2,0,1,0,finance,low
0.55,0.79,7,96,8,0,1,0,technical,high
0.28,0.36,4,209,4,0,1,0,support,medium
0.7,0.52,5,216,9,0,0,0,sales,medium
0.31,0.36,2,180,9,1,0,0,finance,low
0.35,0.44,6,149,5,0,1,0,finance,medium
0.23,0.51,7,308,6,0,0,0,management,low
0.18,0.4,4,123,6,0,1,0,hr,low
0.6,0.63,6,266,2,0,0,0,RandD,low
0.39,0.36,5,160,4,0,0,0,product_mng,medium
0.05,0.55,6,102,3,0,0,0,finance,medium
0.72,0.43,6,105,7,0,0,0,RandD,low
0.46,0.62,5,241,4,0,0,0,marketing,low
0.2,0.97,6,236,4,0,0,0,marketing,low
0.12,0.89,5,202,6,0,1,0,technical,medium
0.2,0.72,2,122,4,0,0,0,IT,medium
0.44,0.36,3,246,2,0,0,0,finance,medium
0.63,0.36,7,124,8,0,0,0,support,low
0.33,0.7,6,237,9,0,0,0,technical,low
0.92,0.62,4,172,5,0,1,0,RandD,medium
0.3,0.87,5,309,5,1,0,0,sales,medium
0.37,0.48,6,107,10,0,1,0,management,medium
0.16,0.87,5,160,10,1,0,0,RandD,low
0.36,0.44,4,145,6,0,0,0,technical,medium
0.61,0.54,2,118,2,0,0,0,finance,medium
0.79,0.76,6,143,5,0,0,0,product_mng,low
0.57,0.9,5,260,3,0,0,1,RandD,low
0.08,0.58,7,260,10,0,0,0,management,low
0.16,0.83,3,155,10,0,0,0,IT,high
0.09,0.36,6,242,5,0,0,0,marketing,low
0.2,0.8,6,206,7,0,1,0,hr,low
0.23,0.36,2,248,2,0,0,0,RandD,high
0.22,0.38,3,139,6,0,0,0,technical,low
0.51,0.48,5,164,9,0,0,0,hr,medium
0.15,0.46,5,299,3,0,0,0,product_mng,low
0.51,0.81,7,204,7,0,0,0,RandD,medium
0.56,0.36,3,128,10,1,1,0,hr,low
0.31,0.73,7,106,2,0,0,0,product_mng,low
0.67,0.86,4,156,7,0,1,0,IT,low
0.57,0.94,6,209,8,1,0,0,marketing,medium
0.23,0.5,5,132,8,0,0,0,finance,low
0.46,0.89,5,109,2,1,0,0,IT,low
0.3,0.64,2,177,10,0,1,0,management,medium
0.57,0.97,3,183,2,0,0,0,product_mng,low
0.53,0.5,6,212,2,0,1,0,management,medium
0.48,0.36,2,164,8,0,0,0,marketing,medium
0.13,0.36,4,119,5,0,0,0,product_mng,low
0.25,0.36,5,290,9,0,0,0,support,medium
0.23,0.41,2,279,7,0,0,0,technical,medium
0.07,0.49,4,226,6,1,0,0,finance,low
0.15,0.71,6,241,9,0,0,0,sales,medium
0.17,0.38,2,220,7,0,1,0,product_mng,low
0.31,0.36,3,241,3,0,0,0,sales,medium
0.54,0.54,3,145,5,0,1,0,sales,medium
0.26,0.63,2,114,5,0,0,0,sales,medium
0.34,0.6,7,225,7,0,0,0,marketing,low
0.29,0.39,3,283,2,0,0,0,technical,medium
0.36,0.55,4,173,7,1,0,0,RandD,medium
0.37,0.6,2,189,9,1,0,0,RandD,medium
0.65,0.77,6,229,3,0,0,0,hr,medium
0.31,0.53,5,183,6,0,0,0,marketing,low
0.64,0.36,5,268,9,0,0,0,IT,low
0.38,0.45,2,120,9,0,1,0,IT,medium
0.35,0.56,2,219,4,0,0,0,technical,high
0.81,0.36,4,309,4,1,0,0,sales,low
0.66,0.98,4,142,6,0,1,0,management,medium
0.07,0.47,2,153,7,0,0,0,technical,low
0.44,0.52,3,165,6,0,0,0,hr,low
0.16,0.67,7,157,6,0,0,0,product_mng,medium
0.42,0.54,6,190,9,0,1,0,RandD,high
0.22,0.36,6,115,5,1,0,0,hr,low
0.43,0.44,4,113,8,0,0,0,finance,low
0.81,0.59,3,288,9,1,0,0,hr,low
0.51,0.67,4,249,5,0,0,0,sales,medium
0.29,0.36,7,134,7,0,0,0,marketing,low
0.29,0.5,2,188,3,0,0,0,technical,medium
0.65,0.69,2,130,4,0,1,0,product_mng,medium
0.51,0.61,6,248,2,0,1,0,sales,medium
0.68,0.71,2,142,9,0,0,0,management,medium
0.5,0.77,2,226,7,0,0,0,management,low
0.4,0.91,3,182,9,0,0,0,technical,medium
0.56,0.61,2,114,6,0,0,0,technical,medium
0.82,0.74,6,109,7,0,0,0,management,medium
0.39,0.54,5,285,2,0,0,0,technical,medium
0.27,0.56,6,190,3,0,0,0,RandD,low
0.26,0.77,7,236,8,0,0,0,sales,medium
0.52,0.71,3,157,5,0,0,0,RandD,medium
0.31,0.36,2,259,3,0,0,0,IT,low
0.35,0.83,2,196,5,1,0,0,product_mng,low
0.67,0.55,2,268,3,0,1,0,sales,medium
0.19,0.36,7,102,6,0,0,0,technical,low
0.38,0.8,4,202,3,0,1,0,hr,medium
0.66,0.36,4,247,8,0,0,0,finance,medium
0.46,0.5,5,171,5,1,0,0,IT,medium
0.42,0.48,4,119,7,0,0,0,technical,medium
0.54,0.45,4,282,10,0,0,0,hr,medium
0.42,0.36,7,200,5,0,0,0,hr,low
0.33,0.71,3,249,4,0,0,0,marketing,medium
0.07,0.36,6,159,9,0,0,0,management,low
0.55,0.52,6,167,3,0,0,0,hr,medium
0.13,0.78,5,206,4,1,0,0,product_mng,medium
0.55,0.56,3,267,10,0,0,0,hr,medium
0.07,0.64,7,128,6,0,0,0,RandD,medium
0.22,0.76,7,210,6,0,0,0,management,medium
0.47,0.69,2,225,3,0,0,0,product_mng,low
0.35,0.8,7,262,7,1,0,0,management,low
0.3,0.51,7,237,10,0,1,0,technical,medium
0.83,0.55,5,215,9,0,0,0,RandD,medium
0.6,0.52,7,142,8,0,0,0,management,low
0.08,0.69,6,209,3,0,0,0,technical,medium
0.7,0.84,6,145,2,0,0,0,support,medium
0.49,0.6,7,197,6,0,1,0,IT,low
0.27,0.59,7,309,2,0,1,0,sales,low
0.55,0.58,6,124,6,1,0,0,sales,medium
0.37,0.4,2,181,5,1,0,0,management,medium
0.6,0.48,7,181,2,0,0,0,hr,low
0.19,0.45,6,110,5,0,0,0,management,low
0.26,0.41,3,126,5,0,0,0,RandD,low
0.16,0.49,5,135,5,0,0,0,sales,medium
0.24,0.36,4,273,5,0,0,1,sales,medium
0.26,0.56,4,131,2,0,0,0,technical,low
0.47,0.54,6,130,7,0,0,0,sales,medium
0.22,0.36,4,190,6,0,0,0,product_mng,low
0.37,0.54,4,177,3,0,0,0,hr,low
0.62,0.98,6,254,7,0,0,0,sales,low
0.51,0.68,6,170,10,0,0,0,finance,medium
0.32,0.4,4,100,3,0,0,0,management,medium
0.03,0.62,4,294,10,0,0,0,IT,low
0.39,0.7,2,260,3,1,0,0,management,low
0.31,0.52,2,243,5,0,1,0,marketing,medium
0.17,0.61,7,281,6,1,0,0,RandD,medium
0.41,0.96,6,101,10,1,0,0,management,medium
0.62,0.57,2,299,9,1,0,0,product_mng,low
0.23,0.84,4,154,7,0,0,0,support,low
0.55,0.61,5,210,10,0,0,0,finance,medium
0.33,0.48,6,174,7,0,0,0,RandD,medium
0.44,0.62,6,133,2,1,1,1,management,low
0.61,0.5,7,221,9,0,1,0,marketing,medium
0.02,0.77,6,300,10,0,0,0,management,low
0.17,0.69,2,151,6,1,0,0,support,medium
0.06,0.73,4,109,10,1,1,0,support,low
0.17,0.43,4,180,8,0,0,0,sales,medium
0.45,0.41,7,189,4,0,1,1,management,low
0.91,0.5,4,229,2,0,0,0,product_mng,low
0.33,0.36,6,130,3,0,0,0,RandD,low
0.66,0.74,2,193,9,0,0,0,hr,low
0.43,0.56,7,263,5,0,0,0,support,low
0.35,0.49,7,283,8,0,0,0,IT,low
0.71,0.65,5,195,4,0,0,0,finance,low
0.65,0.71,4,217,7,0,0,0,marketing,low
0.18,0.89,2,124,8,0,0,0,management,high
0.71,0.44,4,282,8,0,0,0,management,low
0.01,0.8,7,162,5,0,0,0,IT,medium
0.32,0.43,6,164,6,1,1,0,product_mng,medium
0.39,0.36,2,232,7,1,0,0,management,low
0.32,0.95,2,243,3,0,0,0,product_mng,high
0.39,0.49,3,259,4,0,0,0,RandD,low
0.25,0.73,4,131,9,0,0,0,marketing,low
0.36,0.38,7,110,8,0,0,0,product_mng,low
0.6,0.49,2,230,8,1,0,0,marketing,medium
0.46,0.52,6,178,5,0,0,0,marketing,low
0.8,0.49,3,216,9,0,0,0,IT,medium
0.41,0.67,4,298,4,1,0,0,hr,medium
0.36,0.59,6,114,6,0,0,0,support,medium
0.89,0.43,2,178,6,0,0,0,technical,medium
0.63,0.36,4,204,3,0,1,0,support,high
0.52,0.43,3,249,3,0,0,0,RandD,medium
0.1,0.43,7,309,10,1,0,0,finance,medium
0.74,0.7,2,244,3,1,0,0,support,medium
0.59,0.4,2,192,4,0,0,0,product_mng,low
0.19,0.62,3,116,9,1,0,0,product_mng,medium
0.48,0.57,4,283,2,0,0,0,technical,medium
0.19,0.52,5,121,7,0,0,0,marketing,low
0.7,0.36,6,301,7,0,0,0,IT,medium
0.69,0.36,7,215,5,0,1,0,finance,medium
0.69,0.55,2,202,6,1,1,0,product_mng,high
0.29,0.39,3,287,6,0,0,1,management,medium
0.63,0.37,6,241,6,0,0,0,finance,medium
0.12,0.85,7,273,8,0,1,0,product_mng,low
0.39,0.36,7,229,4,0,1,0,management,medium
0.33,0.36,3,105,5,1,0,0,technical,low
0.29,0.73,2,111,5,0,0,0,management,low
0.16,0.65,7,206,6,0,0,0,support,low
0.42,0.92,2,284,2,0,0,0,marketing,medium
0.19,0.67,2,256,4,0,0,0,marketing,medium
0.29,0.45,5,265,6,0,0,0,sales,medium
0.54,0.65,7,279,4,0,1,0,support,medium
0.39,0.63,7,225,9,1,1,0,product_mng,high
0.32,0.37,5,138,2,0,0,0,marketing,low
0.21,0.67,4,194,9,0,0,0,product_mng,medium
0.49,0.87,7,310,9,0,0,0,marketing,medium
0.52,0.36,2,215,8,0,0,0,marketing,low
0.25,0.55,7,185,6,1,0,0,product_mng,low
0.32,0.64,6,307,2,1,0,0,finance,low
0.42,0.36,4,308,4,0,0,0,hr,low
0.18,0.56,4,219,7,0,0,0,RandD,low
0.45,0.93,4,159,5,0,1,0,IT,medium
0.18,0.49,5,202,10,0,0,0,sales,high
0.22,0.44,6,145,7,0,0,0,management,medium
0.01,0.42,6,138,6,0,0,0,product_mng,medium
0.2,0.79,6,249,10,0,0,0,technical,low
0.08,0.36,7,166,3,0,0,0,sales,medium
0.26,0.59,7,123,10,0,0,0,product_mng,low
0.26,0.57,4,283,3,0,1,0,technical,medium
0.09,0.42,2,299,6,0,1,1,IT,medium
0.34,0.92,7,132,6,0,0,0,sales,medium
0.73,0.78,3,266,6,0,0,0,IT,low
0.83,0.6,5,118,2,0,0,0,management,low
0.09,0.44,2,148,7,0,0,0,hr,medium
0.46,0.36,4,164,4,0,1,0,marketing,medium
0.48,0.49,4,109,4,0,0,0,IT,medium
0.53,0.78,3,211,2,0,0,0,RandD,low
0.3,0.95,2,130,10,0,1,0,marketing,medium
0.51,0.55,6,172,2,0,0,0,support,medium
0.56,0.36,7,163,6,0,0,0,IT,low
0.79,0.36,5,300,9,0,0,0,hr,medium
0.44,0.91,3,173,3,0,0,0,technical,medium
0.07,0.45,6,142,4,0,0,0,hr,medium
0.32,0.87,7,212,6,0,1,0,hr,medium
0.44,0.36,4,158,5,0,1,0,IT,high
0.28,0.64,3,241,8,0,1,0,marketing,low
0.54,0.72,6,255,7,0,0,0,marketing,low
0.14,0.36,2,255,2,0,0,0,hr,medium
0.81,0.71,4,121,6,0,1,0,management,medium
0.31,0.84,7,114,2,0,1,0,support,medium
0.15,0.52,3,132,4,0,0,0,support,medium
0.19,0.65,7,107,7,0,0,0,support,medium
0.71,0.58,2,131,2,1,1,0,product_mng,medium
0.2,0.37,5,181,3,0,0,0,RandD,medium
0.47,0.48,4,133,7,1,1,0,product_mng,medium
0.75,0.78,6,294,6,0,0,0,sales,low
0.19,0.36,3,179,2,0,0,0,product_mng,low
0.69,0.68,3,305,7,0,1,0,hr,medium
0.57,0.94,3,298,2,0,0,0,marketing,high
0.07,0.75,4,224,2,0,1,1,support,high
0.55,0.82,3,110,6,0,0,0,product_mng,high
0.66,0.88,4,308,9,0,0,0,management,medium
0.06,0.65,6,298,3,0,0,0,sales,low
0.36,0.54,4,98,7,0,0,0,sales,low
0.39,0.38,7,198,6,0,0,0,hr,low
0.29,0.71,4,279,8,1,1,0,RandD,high
0.28,0.73,4,274,2,0,0,0,sales,medium
0.13,0.74,4,121,5,0,0,0,management,medium
0.46,0.6,3,106,9,0,1,0,technical,medium
0.01,0.36,5,156,6,0,0,0,support,low
0.39,0.54,4,136,6,0,0,0,marketing,medium
0.33,0.66,4,162,9,0,0,0,management,low
0.33,0.44,3,189,8,0,0,0,RandD,low
0.53,0.62,3,221,7,0,0,0,RandD,medium
0.35,0.36,4,162,4,0,0,0,IT,medium
0.44,0.84,7,202,3,0,1,0,technical,medium
0.33,0.45,5,185,3,0,1,0,finance,low
0.26,0.64,5,113,2,0,1,0,technical,medium
0.36,0.37,3,109,4,0,0,0,product_mng,medium
0.67,0.51,2,301,3,0,0,0,product_mng,low
0.49,0.74,5,174,2,0,0,0,technical,low
0.02,0.37,7,214,5,0,0,0,product_mng,medium
0.49,0.39,2,271,2,0,1,0,support,low
0.54,0.73,4,309,6,0,0,0,support,low
0.06,0.36,3,148,10,0,0,0,finance,low
0.56,0.36,7,164,5,0,0,0,technical,medium
0.4,0.36,6,230,5,0,0,0,hr,medium
0.82,0.69,2,295,6,0,0,0,finance,low
0.2,0.6,2,264,5,0,0,0,product_mng,low
0.47,0.74,2,191,10,0,0,0,RandD,low
0.28,0.69,3,97,2,0,0,0,technical,low
0.71,0.76,3,204,2,1,0,0,sales,low
0.34,0.53,6,293,8,1,0,0,hr,low
0.75,0.85,6,213,6,0,1,0,IT,medium
0.12,0.51,4,137,7,0,1,0,management,high
0.41,0.92,6,194,2,0,0,0,management,low
0.48,0.65,5,274,3,0,0,0,technical,low
0.55,0.73,7,227,7,0,0,0,product_mng,low
0.71,0.62,7,307,3,0,1,0,marketing,medium
0.44,0.5,5,186,6,0,0,0,hr,medium
0.09,0.92,2,162,4,0,0,0,sales,medium
0.23,0.36,3,159,8,0,0,0,support,low
0.14,0.4,7,115,8,0,0,0,technical,medium
0.81,0.86,6,122,6,0,0,0,RandD,low
0.41,0.69,5,270,8,0,0,0,technical,high
0.3,0.63,3,160,3,0,0,0,support,low
0.47,0.36,6,254,6,0,0,0,technical,medium
0.51,0.49,4,269,2,0,0,0,hr,low
0.42,0.55,5,98,4,0,0,0,management,medium
0.5,0.38,6,240,5,0,0,0,IT,low
0.6,0.64,3,308,6,0,0,0,RandD,medium
0.19,0.76,2,181,2,0,0,0,product_mng,low
0.43,0.71,6,265,10,0,0,0,technical,medium
0.46,0.51,6,245,3,0,1,0,RandD,medium
0.62,0.65,4,264,4,0,1,1,management,medium
0.62,0.56,5,301,4,0,0,0,RandD,low
0.25,0.64,3,138,2,0,0,0,technical,medium
0.12,0.8,7,154,5,0,0,0,hr,low
0.37,0.36,2,107,6,0,0,0,marketing,medium
0.49,0.93,4,164,3,0,0,0,finance,low
0.69,0.94,5,118,2,0,0,0,marketing,low
0.17,0.95,6,104,2,1,0,0,IT,low
0.09,0.36,7,230,7,0,0,0,technical,low
0.19,0.48,4,147,7,0,1,0,IT,high
0.08,0.74,4,230,7,0,0,0,product_mng,low
0.48,0.71,2,241,7,0,0,0,hr,low
0.45,0.36,2,211,8,0,0,0,RandD,low
0.54,0.59,6,159,9,0,1,0,support,medium
0.2,0.62,2,308,10,0,0,0,product_mng,medium
0.59,0.47,3,96,10,0,0,0,support,medium
0.22,0.89,4,223,6,0,0,0,RandD,medium
0.47,0.86,3,269,3,0,1,0,marketing,low
0.84,0.55,2,225,3,0,0,0,IT,high
0.2,0.58,3,183,10,0,1,0,product_mng,low
0.24,0.68,7,237,7,0,0,0,finance,medium
0.21,0.61,4,159,10,0,0,0,marketing,medium
0.26,0.87,2,144,7,1,1,0,technical,medium
0.23,0.42,2,198,6,0,1,0,RandD,low
0.28,0.77,2,98,10,0,0,0,management,low
0.33,0.36,6,244,3,0,0,0,marketing,medium
0.51,0.6,4,257,9,0,0,0,RandD,medium
0.63,0.58,3,147,9,0,0,0,IT,medium
0.51,0.59,7,194,9,0,0,0,sales,medium
0.38,0.36,7,150,5,0,0,0,finance,medium
0.07,0.66,5,243,8,0,0,0,RandD,medium
0.81,0.93,7,221,4,0,0,0,support,medium
0.42,0.48,5,133,4,1,0,0,technical,medium
0.4,0.73,7,296,2,0,0,0,finance,low
0.67,0.7,5,143,9,0,0,0,IT,low
0.31,0.77,6,238,6,0,0,1,marketing,medium
0.39,0.41,7,279,3,1,0,0,RandD,medium
0.56,0.52,2,190,6,0,0,0,product_mng,high
0.65,0.96,4,200,4,1,0,0,RandD,low
0.36,0.65,7,104,4,0,0,0,marketing,medium
0.43,0.45,7,236,6,0,1,0,marketing,medium
0.72,0.59,4,255,5,0,0,0,support,low
0.37,0.39,2,115,8,0,0,0,technical,low
0.34,0.67,5,244,5,0,1,0,management,medium
0.47,0.37,3,178,4,0,1,0,technical,low
0.31,0.46,4,250,2,0,0,0,IT,high
0.42,0.39,2,214,9,0,1,0,marketing,medium
0.51,0.87,5,283,4,0,1,0,product_mng,low
0.55,0.69,6,170,6,0,0,0,hr,low
0.21,0.79,6,110,4,0,0,0,management,medium
0.41,0.79,5,103,6,0,0,0,management,low
0.58,0.48,5,155,10,0,0,0,technical,low
0.49,0.81,5,168,2,0,0,0,hr,low
0.44,0.44,2,260,10,1,1,0,IT,low
0.5,0.81,3,243,5,0,0,0,technical,medium
0.18,0.98,3,208,5,0,0,0,hr,low
0.31,0.89,3,275,3,1,0,0,support,medium
0.24,0.66,2,214,9,0,0,0,support,low
0.41,0.88,6,233,4,0,0,0,IT,low
0.68,0.8,7,114,3,1,1,0,marketing,low
0.22,0.78,2,233,7,0,1,0,technical,low
0.4,0.6,2,245,2,0,0,0,IT,medium
0.25,0.71,2,271,2,0,0,0,marketing,low
0.19,0.68,5,120,5,0,0,0,sales,medium
0.45,0.36,5,119,3,0,0,0,product_mng,medium
0.18,0.88,6,249,3,0,1,0,finance,medium
0.45,0.59,4,238,4,0,1,0,management,low
0.5,0.75,3,190,7,0,1,0,technical,low
0.24,0.69,6,130,2,0,0,0,finance,low
0.39,0.72,6,287,3,0,0,0,management,low
0.79,0.87,7,230,4,1,0,0,support,low
0.06,0.65,4,149,9,0,1,0,sales,medium
0.33,0.44,5,283,5,0,0,0,marketing,high
0.8,0.81,4,100,6,0,0,0,sales,medium
0.48,0.81,4,172,5,0,0,0,RandD,medium
0.62,0.73,6,99,5,0,1,0,hr,medium
0.68,0.89,6,106,3,1,0,0,hr,medium
0.63,0.36,2,252,10,0,0,0,management,medium
0.48,0.5,3,231,6,0,1,0,support,medium
0.54,0.4,6,144,7,0,0,0,management,medium
0.23,0.79,7,138,8,0,0,0,finance,medium
0.34,0.36,6,193,8,0,0,0,RandD,medium
0.71,0.78,4,241,9,0,0,0,finance,medium
0.72,0.64,7,152,8,1,1,0,sales,low
0.4,0.92,6,185,9,1,1,0,hr,medium
0.41,0.55,5,272,10,1,0,0,management,low
0.23,0.83,7,113,5,0,0,0,support,medium
0.53,0.71,6,204,2,1,1,0,finance,low
0.07,0.36,2,247,2,0,1,1,RandD,medium
0.23,0.36,4,258,8,0,0,0,sales,medium
0.46,0.7,6,157,4,0,1,0,management,medium
0.4,0.6,6,192,5,0,0,0,marketing,low
0.42,0.93,6,177,9,0,1,0,hr,low
0.35,0.66,7,140,9,0,0,0,finance,low
0.09,0.73,7,124,9,0,1,0,RandD,low
0.7,0.55,7,160,6,0,0,0,product_mng,low
0.28,0.55,4,209,8,1,1,0,sales,low
0.41,0.69,6,112,7,1,0,0,RandD,low
0.73,0.6,6,213,10,0,0,0,technical,low
0.6,0.69,7,159,6,0,0,0,IT,medium
0.75,0.7,7,278,3,0,0,0,management,medium
0.3,0.84,4,183,4,0,1,0,hr,low
0.3,0.48,4,290,2,0,0,0,technical,medium
0.66,0.77,3,132,2,0,0,0,support,low
0.39,0.71,5,151,2,0,0,0,IT,low
0.23,0.41,2,245,7,0,0,0,hr,low
0.79,0.83,5,180,6,0,0,0,IT,medium
0.26,0.36,3,152,10,0,1,0,sales,low
0.38,0.36,7,175,7,0,0,0,product_mng,medium
0.38,0.7,4,304,4,1,0,0,product_mng,low
0.51,0.61,7,198,2,1,0,0,RandD,medium
0.23,0.7,5,285,3,0,0,0,marketing,low
0.06,0.85,5,97,6,0,0,0,marketing,medium
0.48,0.46,2,212,6,0,0,0,support,low
0.45,0.67,4,128,7,1,0,0,management,low
0.13,0.36,7,268,10,0,1,0,support,medium
0.35,0.52,3,126,10,0,0,0,product_mng,low
0.13,0.36,5,207,7,0,0,0,product_mng,low
0.54,0.36,7,282,9,0,0,0,IT,low
0.15,0.57,7,208,8,0,1,0,finance,low
0.49,0.58,7,235,10,0,0,0,support,medium
0.55,0.49,4,240,2,0,0,0,finance,low
0.38,0.36,4,193,7,0,0,0,IT,low
0.76,0.36,3,161,2,0,0,1,sales,low
0.03,0.79,5,128,9,0,0,0,product_mng,medium
0.61,0.96,5,238,8,0,0,0,RandD,low
0.46,0.59,2,296,7,0,0,0,support,high
0.62,0.45,2,107,4,0,1,0,IT,medium
0.74,0.67,3,196,8,0,1,0,finance,medium
0.39,0.91,2,267,6,0,1,0,sales,medium
0.37,0.84,5,275,2,1,0,0,management,low
0.72,0.49,3,228,3,0,0,0,sales,low
0.27,0.76,5,289,6,0,1,0,management,low
0.54,0.36,5,268,8,0,1,1,technical,high
0.48,0.44,4,148,10,0,1,0,finance,low
0.7,0.44,2,123,4,0,0,0,sales,medium
0.1,0.53,5,116,6,0,0,0,finance,low
0.09,0.36,7,219,10,0,0,0,product_mng,low
0.29,0.38,7,208,10,0,0,0,technical,medium
0.38,0.82,4,109,4,0,0,0,IT,medium
0.47,0.36,6,224,6,0,0,0,RandD,medium
0.21,0.78,3,117,8,0,0,0,marketing,low
0.07,0.36,2,99,10,0,1,1,finance,medium
0.87,0.84,4,231,6,0,1,0,sales,low
0.29,0.7,2,289,3,0,0,0,management,low
0.66,0.52,4,239,5,1,0,0,management,low
0.2,0.77,5,239,6,0,0,0,sales,medium
0.35,0.45,7,139,3,0,0,0,hr,medium
0.15,0.8,5,204,6,0,0,0,technical,low
0.8,0.43,2,259,7,0,0,0,RandD,low
0.27,0.4,7,272,9,1,0,0,RandD,medium
0.12,0.88,4,205,7,0,0,0,marketing,medium
0.72,0.84,5,282,6,1,0,0,marketing,medium
0.29,0.67,5,235,3,0,0,0,technical,low
0.71,0.39,2,287,5,0,0,0,support,medium
0.58,0.44,2,189,6,0,0,0,finance,medium
0.48,0.48,3,267,5,0,0,0,support,low
0.53,0.69,4,249,6,0,0,0,marketing,low
0.27,0.36,7,205,10,1,0,0,product_mng,medium
0.27,0.47,7,303,3,0,0,0,hr,low
0.42,0.65,3,282,10,0,1,0,hr,medium
0.6,0.63,6,230,7,0,0,0,management,medium
0.41,0.76,5,155,6,0,0,0,technical,medium
0.06,0.36,7,172,7,0,1,0,marketing,medium
0.51,0.81,4,295,3,1,0,0,management,medium
0.34,0.64,7,186,8,0,0,0,technical,medium
0.41,0.36,3,254,3,0,0,0,product_mng,low
0.36,0.46,6,167,2,0,0,0,technical,low
0.35,0.64,2,302,10,0,0,0,support,low
0.4,0.57,6,189,10,0,0,0,RandD,medium
0.62,0.65,4,170,6,0,0,0,marketing,medium
0.17,0.56,7,132,6,0,0,0,support,medium
0.33,0.47,7,157,6,1,1,0,product_mng,medium
0.14,0.77,4,269,6,0,0,0,IT,low
0.35,0.65,6,289,8,0,0,0,marketing,medium
0.41,0.66,3,292,4,0,0,0,sales,low
0.19,0.64,2,226,2,0,0,0,management,low
0.47,0.56,5,201,7,0,0,0,management,medium
0.48,0.52,5,270,6,0,1,0,RandD,medium
0.22,0.58,5,253,9,0,0,0,hr,low
0.39,0.73,7,144,10,0,0,0,hr,low
0.07,0.51,5,287,2,0,0,0,hr,medium
0.2,0.66,2,268,9,0,0,0,sales,medium
0.29,0.78,7,271,3,0,1,0,product_mng,medium
0.27,0.78,7,185,7,0,0,0,sales,low
0.11,0.36,4,255,9,0,0,0,support,low
0.15,0.59,5,112,6,0,0,0,management,low
0.31,0.9,7,258,6,0,1,0,management,high
0.66,0.44,7,111,9,0,1,0,marketing,low
0.59,0.72,7,164,8,0,0,0,marketing,medium
0.38,0.58,4,276,7,0,0,0,product_mng,low
0.52,0.62,2,255,5,0,0,0,marketing,medium
0.66,0.67,5,187,9,0,0,0,hr,medium
0.14,0.43,6,162,3,0,1,0,hr,low
0.72,0.57,4,121,8,1,0,0,management,low
0.58,0.58,2,154,8,1,1,0,product_mng,medium
0.6,0.6,2,244,8,0,0,0,support,medium
0.15,0.86,3,106,9,0,0,0,IT,medium
0.28,0.63,3,289,4,0,1,0,sales,medium
0.62,0.5,7,289,3,0,0,0,IT,low
0.41,0.7,4,206,4,0,0,0,management,low
0.43,0.75,5,99,8,0,0,0,management,low
0.65,0.75,7,122,10,0,1,0,technical,medium
0.32,0.49,3,156,9,1,1,0,hr,medium
0.51,0.88,4,290,5,0,0,0,finance,medium
0.71,0.6,5,303,4,0,0,0,sales,medium
0.75,0.76,3,197,2,0,1,0,marketing,medium
0.23,0.51,4,212,10,0,0,1,support,low
0.3,0.59,7,259,6,0,0,0,management,medium
0.56,0.69,2,248,6,1,0,0,support,low
0.78,0.97,4,273,9,0,0,0,marketing,medium
0.21,0.8,7,136,2,0,1,0,hr,medium
0.55,0.62,6,284,3,0,1,0,finance,medium
0.36,0.84,3,256,5,0,0,0,marketing,medium
0.68,0.72,5,164,5,0,0,0,product_mng,medium
0.24,0.62,6,300,3,0,0,0,sales,low
0.69,0.89,5,145,4,0,1,0,management,low
0.61,0.94,7,202,8,0,0,0,support,medium
0.31,0.36,2,99,10,1,1,0,sales,low
0.1,0.42,2,131,2,0,0,0,support,low
0.51,0.38,6,304,10,0,0,0,technical,low
0.36,0.36,7,134,8,0,0,0,RandD,low
0.08,0.36,7,119,5,1,0,0,hr,low
0.7,0.68,3,124,9,0,0,0,finance,low
0.34,0.73,2,243,2,0,0,0,RandD,low
0.69,0.36,6,266,10,0,0,0,finance,medium
0.51,0.79,5,212,5,0,1,0,support,medium
0.69,0.51,6,234,5,1,0,0,finance,low
0.03,0.71,7,258,9,1,1,0,sales,low
0.43,0.54,6,308,6,0,0,0,sales,medium
0.82,0.62,7,209,6,0,1,0,sales,low
0.22,0.44,6,169,4,0,0,0,finance,low
0.43,0.36,5,186,3,0,0,0,hr,low
0.17,0.69,3,234,2,1,0,0,hr,medium
0.79,0.85,7,101,8,1,0,0,sales,medium
0.32,0.36,3,134,3,0,1,0,management,low
0.43,0.39,3,129,2,0,0,0,product_mng,medium
0.42,0.84,7,234,4,0,1,0,support,low
0.53,0.55,5,246,4,0,0,0,product_mng,medium
0.23,0.86,6,164,9,0,0,0,support,medium
0.51,0.36,6,101,3,0,1,0,finance,low
0.38,0.51,2,292,10,0,0,0,technical,low
0.09,0.51,3,182,8,0,1,0,RandD,medium
0.06,0.58,7,134,7,0,0,0,support,low
0.47,0.82,7,272,3,1,0,0,management,low
0.07,0.76,4,175,5,0,1,1,hr,low
0.36,0.36,7,280,6,0,1,0,finance,low
0.19,0.67,6,111,3,0,1,0,product_mng,low
0.47,0.75,7,121,8,0,1,0,hr,medium
0.56,0.91,7,144,5,0,1,0,finance,low
0.55,0.77,2,261,10,0,0,0,hr,medium
0.55,0.69,7,178,7,0,0,0,technical,low
0.46,0.73,3,204,10,0,1,0,management,low
0.6,0.48,3,212,8,0,1,0,hr,medium
0.46,0.51,3,255,6,0,0,0,marketing,low
0.3,0.94,4,108,6,0,0,0,technical,low
0.06,0.8,4,160,8,0,0,0,management,low
0.69,0.76,6,155,10,0,1,0,finance,low
0.8,0.66,5,155,9,0,0,0,IT,low
0.3,0.82,7,151,9,1,1,0,technical,low
0.29,0.38,6,110,2,0,1,0,technical,medium
0.07,0.71,3,105,8,0,1,0,management,medium
0.31,0.74,7,305,2,0,0,0,product_mng,low
0.39,0.6,6,287,8,0,1,0,hr,medium
0.19,0.5,4,200,10,0,0,0,product_mng,low
0.19,0.51,4,190,3,0,0,0,marketing,low
0.39,0.77,7,225,4,0,0,0,product_mng,medium
0.35,0.72,5,293,6,1,0,0,technical,low
0.2,0.67,6,186,4,1,0,0,finance,low
0.68,0.43,6,268,8,0,1,0,technical,low
0.02,0.82,5,202,5,0,0,0,marketing,low
0.66,0.72,3,155,4,0,0,0,hr,medium
0.21,0.38,5,215,2,0,1,0,IT,low
0.36,0.6,5,238,4,0,0,0,hr,low
0.46,0.54,5,295,2,0,1,0,technical,low
0.39,0.83,4,281,3,0,0,0,hr,low
0.34,0.5,5,154,3,0,1,0,sales,medium
0.31,0.82,6,131,4,0,0,0,sales,low
0.37,0.72,7,129,2,0,0,0,marketing,medium
0.57,0.92,6,293,4,0,1,0,management,high
0.53,0.4,4,120,4,1,0,0,technical,low
0.16,0.36,4,213,2,0,0,0,finance,medium
0.7,0.84,2,278,5,1,0,0,management,low
0.14,0.38,3,283,8,0,0,0,product_mng,low
0.63,0.71,7,191,9,1,0,0,IT,medium
0.51,0.72,4,119,4,1,1,0,RandD,medium
0.13,0.82,7,185,5,0,0,0,product_mng,low
0.62,0.78,2,227,10,0,0,0,marketing,medium
0.51,0.8,7,196,8,0,0,0,RandD,medium
0.46,0.87,5,244,9,0,1,0,marketing,low
0.24,0.96,2,244,7,0,1,0,management,medium
0.42,0.64,2,111,4,0,1,0,management,medium
0.21,0.64,2,100,9,0,0,0,support,low
0.4,0.64,2,114,6,0,0,0,IT,low
0.15,0.81,5,138,4,0,0,0,marketing,low
0.74,0.71,3,267,4,0,0,0,finance,high
0.39,0.41,6,253,4,0,1,0,marketing,medium
0.32,0.67,2,143,6,0,0,0,sales,low
0.5,0.36,5,258,8,0,0,0,product_mng,low
0.75,0.74,6,152,4,0,0,0,management,medium
0.24,0.66,2,169,7,0,0,0,hr,medium
0.52,0.59,6,207,8,0,0,0,sales,medium
0.43,0.77,3,226,6,0,0,0,support,low
0.37,0.73,2,304,7,0,0,0,support,high
0.04,0.48,6,168,10,1,1,0,finance,medium
0.5,0.58,2,221,10,1,0,0,support,low
0.57,0.4,6,148,3,0,0,0,marketing,medium
0.66,0.86,2,139,5,0,0,0,technical,medium
0.56,0.8,5,106,6,0,0,0,RandD,medium
0.32,0.6,2,156,2,0,0,0,technical,medium
0.2,0.64,4,177,3,0,0,0,hr,low
0.05,0.93,4,147,5,0,0,0,support,medium
0.57,0.86,4,277,4,0,0,0,product_mng,medium
0.43,0.36,7,98,6,0,0,0,IT,low
0.38,0.7,7,137,4,0,0,1,technical,low
0.22,0.54,7,198,9,0,0,0,marketing,low
0.09,0.64,7,262,5,0,1,0,product_mng,medium
0.79,0.67,5,258,2,0,0,0,management,low
0.7,0.66,4,240,3,0,0,0,technical,low
0.74,0.68,4,193,7,0,0,0,IT,medium
0.74,0.73,3,232,10,0,1,0,finance,low
0.41,0.6,2,283,10,0,0,0,marketing,medium
0.26,0.61,6,295,6,0,1,0,IT,low
0.31,0.63,3,239,5,0,0,0,support,low
0.24,0.84,6,255,7,0,0,0,product_mng,low
0.26,0.62,3,211,5,0,1,0,management,low
0.48,0.4,7,205,5,0,0,0,technical,low
0.18,0.36,7,309,5,0,1,0,management,medium
0.43,0.36,7,223,5,0,1,0,hr,low
0.13,0.49,3,197,9,0,0,0,hr,medium
0.39,0.36,6,162,9,0,0,0,management,medium
0.4,0.46,3,198,3,1,0,0,support,medium
0.72,0.56,7,241,2,0,0,0,management,medium
0.16,0.95,7,295,4,0,0,0,product_mng,low
0.25,0.36,7,197,10,0,0,0,sales,low
0.28,0.59,6,193,6,1,0,1,IT,low
0.57,0.64,2,308,9,0,0,0,hr,low
0.5,0.59,7,175,6,0,0,0,management,low
0.51,0.53,2,302,6,0,0,0,hr,medium
0.43,0.58,5,300,2,0,0,0,marketing,low
0.18,0.36,2,154,10,0,0,0,marketing,medium
0.25,0.36,2,97,10,0,0,0,finance,medium
0.53,0.44,2,162,6,0,0,0,technical,medium
0.46,0.53,3,110,4,0,0,0,product_mng,low
0.3,0.87,6,262,9,0,0,0,RandD,medium
0.08,0.85,3,297,10,0,0,0,hr,high
0.19,0.6,3,151,8,0,0,0,technical,medium
0.53,0.73,7,301,4,0,1,0,marketing,medium
0.21,0.57,5,164,10,0,1,0,management,low
0.71,0.61,4,305,7,1,1,0,support,low
0.88,0.72,2,167,9,0,0,0,hr,low
0.35,0.93,5,160,10,0,0,0,hr,low
0.58,0.37,3,107,2,0,0,0,marketing,low
0.48,0.66,3,171,3,1,1,0,management,low
0.56,0.36,2,187,8,0,1,0,technical,low
0.78,0.36,3,262,4,0,0,0,finance,medium
0.38,0.7,6,134,2,0,0,0,finance,high
0.02,0.51,6,198,10,0,1,0,finance,medium
0.52,0.96,2,217,2,0,0,0,marketing,medium
0.67,0.36,5,102,4,0,0,0,sales,high
0.09,0.73,2,186,6,0,0,0,product_mng,low
0.77,0.36,6,150,3,0,0,0,product_mng,medium
0.83,0.7,7,229,7,0,0,0,RandD,medium
0.57,0.86,2,106,5,0,0,0,hr,medium
0.12,0.58,4,201,3,0,0,0,finance,medium
0.43,0.65,2,102,10,1,1,0,technical,low
0.21,0.7,3,233,6,1,0,0,management,medium
0.62,0.86,7,223,4,0,0,1,product_mng,low
0.17,0.36,5,131,3,0,0,0,RandD,low
0.67,0.94,4,166,6,0,0,0,sales,medium
0.37,0.41,4,231,4,0,1,0,sales,medium
0.34,0.42,3,254,2,0,0,0,support,medium
0.27,0.49,6,130,4,0,1,0,sales,high
0.31,0.53,7,223,2,1,1,0,sales,high
0.35,0.74,6,185,9,0,1,0,sales,low
0.06,0.92,4,265,3,1,1,0,RandD,medium
0.56,0.63,7,241,3,0,0,0,marketing,low
0.31,0.65,5,174,8,0,0,0,technical,medium
0.56,0.54,5,285,2,0,0,0,IT,medium
0.59,0.94,7,244,3,0,1,0,product_mng,medium
0.59,0.58,2,244,3,0,0,0,sales,medium
0.49,0.94,4,250,7,0,0,0,marketing,medium
0.49,0.61,2,233,2,0,1,0,sales,low
0.68,0.6,2,197,6,0,0,0,finance,low
0.49,0.6,2,258,6,0,0,0,hr,medium
0.48,0.83,5,301,2,0,0,0,marketing,medium
0.52,0.74,3,205,6,0,1,0,management,low
0.82,0.71,2,221,9,1,0,0,product_mng,low
0.82,0.36,7,252,3,0,0,0,management,high
0.1,0.44,3,160,2,0,0,0,technical,low
0.66,0.68,7,260,8,1,1,0,RandD,medium
0.17,0.72,3,225,4,0,1,0,IT,medium
0.41,0.8,7,245,4,0,0,0,marketing,low
0.18,0.59,2,196,5,1,0,0,hr,medium
0.29,0.48,4,192,4,0,0,0,management,medium
0.1,0.72,2,188,6,0,0,0,marketing,low
0.59,0.56,6,178,8,0,0,0,finance,low
0.54,0.37,2,160,7,0,1,0,RandD,medium
0.85,0.73,3,266,10,0,0,1,technical,low
0.56,0.91,4,241,8,1,1,0,marketing,low
0.1,0.43,3,175,2,1,0,0,hr,medium
0.63,0.72,7,205,2,0,0,0,marketing,medium
0.23,0.62,4,263,5,0,1,0,support,medium
0.43,0.93,2,171,4,1,0,0,finance,medium
0.16,0.36,7,217,10,0,0,0,support,medium
0.76,0.36,3,134,3,0,0,0,management,medium
0.25,0.51,7,109,10,1,1,0,management,low
0.25,0.59,5,168,9,0,1,0,technical,high
0.7,0.84,3,218,10,0,1,0,sales,medium
0.28,0.79,2,247,4,0,0,0,finance,medium
0.68,0.83,2,309,2,0,0,0,RandD,low
0.37,0.55,5,222,9,0,0,0,IT,low
0.31,0.74,5,277,3,1,0,0,support,low
0.1,0.73,3,204,6,0,1,0,support,low
0.62,0.36,3,144,3,0,1,0,management,low
0.8,0.42,3,258,2,0,0,0,finance,low
0.41,0.72,6,155,4,0,0,0,RandD,high
0.75,0.74,4,305,4,0,0,0,RandD,low
0.22,0.78,3,120,10,0,0,0,sales,high
0.47,0.42,7,240,2,1,0,0,technical,medium
0.27,0.63,3,118,2,0,0,0,hr,low
0.68,0.69,5,148,10,0,1,0,hr,high
0.3,0.67,3,193,7,0,1,0,management,medium
0.46,0.91,4,273,10,0,0,0,marketing,low
0.61,0.78,6,133,6,1,0,0,finance,medium
0.74,0.61,5,278,3,0,0,0,sales,low
0.76,0.54,7,161,6,0,1,0,technical,medium
0.08,0.72,2,216,4,1,1,0,product_mng,medium
0.59,0.43,5,101,3,0,0,0,marketing,high
0.42,0.51,7,267,10,1,0,0,sales,low
0.44,0.53,4,218,9,0,0,0,support,low
0.5,0.86,7,167,5,0,1,0,product_mng,low
0.17,0.36,6,227,10,0,0,0,hr,high
0.55,0.7,3,188,5,0,0,0,finance,medium
0.25,0.58,2,197,9,0,0,0,sales,low
0.14,0.8,6,289,8,0,0,0,sales,low
0.6,0.86,6,178,10,0,0,0,finance,medium
0.62,0.73,7,287,5,0,0,0,hr,low
0.66,0.74,2,271,3,0,0,0,product_mng,low
0.34,0.36,4,196,2,0,0,0,RandD,medium
0.74,0.51,5,98,2,0,0,0,marketing,low
0.47,0.62,3,127,8,0,0,0,technical,medium
0.67,0.74,6,122,3,0,1,0,hr,high
0.66,0.5,5,267,9,0,0,0,finance,low
0.3,0.83,6,200,6,0,0,0,technical,medium
0.29,0.71,7,281,3,0,0,0,marketing,low
0.45,0.36,6,158,5,0,0,0,hr,low
0.79,0.66,3,202,7,0,0,0,product_mng,medium
0.37,0.85,5,121,4,0,1,0,product_mng,medium
0.45,0.73,5,202,9,0,1,0,management,low
0.51,0.49,4,209,7,0,0,0,marketing,medium
0.3,0.64,5,225,8,0,0,0,finance,low
0.72,0.51,4,149,2,1,1,0,finance,low
0.3,0.42,7,138,6,1,1,1,sales,medium
0.54,0.42,6,150,4,0,0,0,technical,low
0.56,0.54,2,225,5,0,0,0,product_mng,medium
0.6,0.4,5,136,6,0,0,0,management,medium
0.49,0.94,2,121,2,0,0,0,marketing,medium
0.23,0.79,5,161,3,0,0,0,technical,low
0.73,0.51,3,192,5,0,0,0,hr,medium
0.02,0.81,5,110,7,0,0,0,support,medium
0.38,0.45,7,160,9,0,0,0,hr,low
0.46,0.4,3,255,7,0,1,0,IT,medium
0.49,0.68,2,219,3,0,1,0,technical,low
0.29,0.55,5,273,9,0,1,0,IT,medium
0.53,0.66,7,114,5,1,1,0,sales,medium
0.52,0.54,4,237,8,0,0,0,RandD,medium
0.59,0.4,5,284,6,1,0,0,management,medium
0.59,0.72,3,200,8,0,0,0,finance,low
0.53,0.44,2,286,5,0,0,0,RandD,medium
0.63,0.66,2,277,8,0,1,0,sales,medium
0.49,0.58,6,271,8,0,0,0,hr,medium
0.23,0.76,5,295,10,0,0,0,support,low
0.21,0.54,5,235,9,0,0,0,IT,low
0.47,0.81,3,238,9,0,0,1,finance,low
0.22,0.74,7,273,8,0,0,0,IT,low
0.06,0.58,4,283,5,0,0,0,IT,low
0.71,0.83,2,267,8,1,1,0,management,low
0.8,0.36,2,257,2,0,1,0,marketing,low
0.24,0.41,7,229,5,0,0,0,hr,medium
0.31,0.87,4,122,6,0,0,0,sales,medium
0.26,0.43,4,280,10,0,0,0,RandD,medium
0.48,0.74,3,250,8,0,0,0,IT,medium
0.23,0.46,6,186,2,0,0,0,technical,medium
0.3,0.97,3,284,8,0,0,0,sales,medium
0.57,0.87,4,133,7,0,0,0,hr,low
0.16,0.5,3,297,3,0,0,0,hr,medium
0.4,0.43,4,222,6,0,0,0,management,low
0.14,0.74,4,275,2,0,0,0,sales,medium
0.19,0.79,7,271,7,1,0,0,support,low
0.12,0.63,6,202,7,0,0,0,technical,medium
0.41,0.74,6,215,4,0,0,0,IT,low
0.39,0.36,2,217,10,0,0,0,marketing,medium
0.04,0.95,5,260,4,0,0,0,hr,low
0.37,0.9,2,280,5,0,0,0,IT,medium
0.12,0.63,4,140,9,0,0,0,IT,medium
0.78,0.9,6,187,9,0,1,0,IT,low
0.59,0.69,3,214,2,0,0,1,IT,low
0.54,0.71,6,104,2,0,0,0,IT,medium
0.59,0.54,7,126,7,0,1,0,product_mng,medium
0.34,0.42,7,155,5,0,0,0,marketing,low
0.58,0.42,3,227,8,1,0,0,sales,medium
0.23,0.65,6,207,8,0,1,0,technical,high
0.38,0.36,7,273,2,0,0,0,product_mng,low
0.18,0.51,4,181,6,0,0,0,hr,low
0.87,0.36,4,128,10,0,1,0,support,medium
0.07,0.44,5,307,2,0,0,0,RandD,low
0.18,0.43,5,96,7,0,0,0,technical,medium
0.22,0.79,4,111,4,0,0,0,IT,low
0.77,0.71,3,97,9,0,0,0,management,medium
0.36,0.72,2,168,10,0,0,0,technical,medium
0.23,0.92,6,275,3,0,0,0,hr,medium
0.53,0.36,6,300,6,0,0,0,IT,medium
0.76,0.84,3,101,5,1,0,0,IT,low
0.36,0.68,7,272,4,0,1,0,hr,medium
0.14,0.58,7,235,10,1,0,0,RandD,medium
0.17,0.36,6,200,9,1,1,0,sales,medium
0.63,0.54,5,300,3,1,0,0,management,low
0.58,0.6,5,167,2,1,1,0,product_mng,low
0.26,0.4,6,278,2,0,0,0,management,low
0.33,0.73,2,264,2,0,0,0,hr,medium
0.48,0.36,6,96,6,0,0,0,product_mng,high
0.56,0.95,4,169,5,0,0,0,finance,low
0.51,0.38,5,224,9,1,0,0,IT,low
0.58,0.93,2,176,10,0,0,0,product_mng,low
0.23,0.71,4,180,6,0,0,0,marketing,medium
0.67,0.58,7,287,4,0,0,0,marketing,low
0.78,0.7,7,266,6,0,1,0,RandD,low
0.46,0.69,5,218,10,0,1,0,product_mng,medium
0.4,0.83,4,299,4,0,0,0,technical,medium
0.09,0.88,7,101,6,0,0,0,sales,medium
0.3,0.38,6,225,6,0,0,0,marketing,low
0.63,0.36,5,217,2,0,0,0,sales,low
0.46,0.36,5,226,10,0,0,0,sales,medium
0.61,0.44,4,139,5,0,0,0,technical,medium
0.31,0.61,2,241,6,0,0,0,sales,low
0.66,0.61,7,189,3,0,0,0,product_mng,medium
0.29,0.59,6,286,3,0,0,0,sales,high
0.66,0.65,4,153,10,0,0,0,support,medium
0.53,0.76,4,307,2,0,1,0,marketing,low
0.34,0.43,4,191,3,0,0,0,marketing,low
0.04,0.63,5,211,3,0,0,0,support,low
0.69,0.96,3,116,9,0,0,0,support,medium
0.47,0.36,5,247,9,0,1,0,finance,low
0.37,0.62,6,307,10,0,0,0,hr,medium
0.42,0.72,3,197,7,0,0,0,IT,medium
0.1,0.93,7,169,2,0,1,0,marketing,low
0.2,0.76,6,205,6,0,0,0,RandD,high
0.68,0.36,3,285,7,0,0,0,sales,medium
0.73,0.48,4,293,10,1,1,0,sales,low
0.17,0.71,5,240,2,0,0,0,sales,medium
0.47,0.43,2,159,5,0,0,0,product_mng,medium
0.43,0.56,3,218,4,0,0,0,marketing,high
0.58,0.83,6,260,7,0,0,1,technical,medium
0.3,0.44,5,161,3,0,1,0,hr,medium
0.58,0.36,3,307,10,0,0,0,support,medium
0.61,0.36,4,221,4,0,0,0,support,medium
0.48,0.48,7,155,3,0,1,0,support,low
0.64,0.78,2,238,6,0,1,0,RandD,low
0.24,0.69,3,188,10,0,0,0,management,low
0.62,0.8,6,294,7,0,0,0,management,medium
0.15,0.78,2,131,7,0,1,0,management,medium
0.62,0.85,3,270,4,0,0,0,RandD,medium
0.61,0.48,4,143,6,0,0,0,product_mng,medium
0.48,0.64,4,184,2,0,0,0,IT,low
0.33,0.68,3,279,4,0,0,0,management,medium
0.28,0.74,7,292,3,0,0,0,RandD,medium
0.54,0.4,2,273,3,1,0,0,hr,medium
0.1,0.36,2,269,9,0,0,0,sales,medium
0.24,0.84,3,253,6,0,1,0,sales,low
0.55,0.36,5,125,10,0,0,0,finance,medium
0.26,0.36,2,193,8,1,0,0,management,medium
0.34,0.38,7,230,4,0,0,1,technical,medium
0.48,0.72,7,145,2,1,0,0,IT,medium
0.4,0.85,7,274,8,1,0,0,technical,medium
0.16,0.73,5,208,4,1,0,0,RandD,low
0.33,0.9,6,240,3,0,0,0,sales,medium
0.44,0.77,3,228,3,0,0,0,sales,medium
0.64,0.63,4,173,2,0,0,0,management,medium
0.79,0.75,7,159,6,0,0,0,management,low
0.53,0.63,4,104,6,1,0,0,management,medium
0.05,0.36,3,282,9,0,0,0,marketing,medium
0.84,0.62,2,288,8,0,0,1,product_mng,low
0.53,0.36,4,114,6,0,0,0,marketing,high
0.35,0.87,5,128,7,0,0,0,management,medium
0.37,0.8,6,273,10,0,1,0,management,low
0.52,0.78,5,208,4,1,1,0,IT,low
0.2,0.49,5,218,10,0,0,0,marketing,high
0.19,0.46,5,282,5,0,0,0,hr,low
0.4,0.59,7,241,4,0,0,0,IT,high
0.83,0.81,4,167,2,0,1,0,IT,low
0.52,0.67,6,97,7,0,0,0,support,low
0.18,0.62,3,293,8,0,0,0,technical,low
0.03,0.55,3,133,2,0,0,0,support,medium
0.18,0.44,7,252,2,0,1,0,finance,medium
0.45,0.49,2,227,6,0,1,0,RandD,medium
0.29,0.54,6,269,7,0,0,0,management,medium
0.62,0.76,4,155,9,0,0,0,finance,medium
0.21,0.44,7,102,4,0,0,0,IT,low
0.37,0.52,6,309,7,0,0,0,sales,low
0.73,0.83,7,222,4,0,0,0,sales,low
0.21,0.45,2,267,4,0,0,0,RandD,medium
0.28,0.78,7,160,2,0,0,0,marketing,medium
0.34,0.78,7,278,10,0,0,0,technical,low
0.41,0.43,6,240,5,0,0,0,IT,medium
0.39,0.51,2,265,6,0,1,0,RandD,medium
0.09,0.36,4,282,5,0,1,0,finance,high
0.19,0.88,4,263,5,0,0,0,support,medium
0.3,0.6,3,199,10,0,0,0,finance,medium
0.3,0.37,5,154,7,0,0,0,marketing,low
0.64,0.56,7,284,4,0,0,0,hr,low
0.74,0.81,6,267,8,0,0,0,finance,low
0.64,0.7,5,213,9,0,0,0,hr,low
0.18,0.46,5,188,5,0,1,0,finance,low
0.74,0.47,4,231,8,0,0,0,sales,medium
0.47,0.41,4,176,6,0,0,0,technical,low
0.35,0.38,2,276,4,0,0,0,hr,medium
0.36,0.54,7,304,8,0,0,0,IT,medium
0.59,0.36,7,133,6,0,0,0,marketing,medium
0.67,0.36,6,138,4,0,0,0,sales,medium
0.56,0.63,6,115,9,0,0,0,RandD,high
0.04,0.36,3,127,8,0,0,0,hr,medium
0.73,0.63,3,240,3,0,1,0,product_mng,low
0.1,0.68,4,274,5,0,0,0,product_mng,low
0.49,0.56,5,253,7,0,0,0,IT,medium
0.58,0.41,6,146,3,1,0,0,hr,medium
0.57,0.43,5,271,9,0,1,0,technical,low
0.13,0.36,6,116,7,0,0,0,hr,medium
0.63,0.85,3,118,2,0,0,0,IT,low
0.43,0.7,7,121,4,0,0,0,support,medium
0.33,0.36,5,108,10,0,0,0,support,medium
0.24,0.36,7,290,10,1,1,0,technical,medium
0.54,0.73,5,288,6,0,1,0,hr,medium
0.62,0.66,3,309,6,1,0,0,product_mng,low
0.18,0.86,7,204,8,0,1,0,support,low
0.46,0.58,6,308,5,0,1,0,sales,high
0.61,0.6,7,145,9,0,0,0,finance,low
0.13,0.46,6,215,9,0,0,0,management,low
0.59,0.47,4,202,8,1,0,0,support,medium
0.65,0.91,2,197,5,0,0,0,finance,medium
0.31,0.52,7,243,2,0,0,0,technical,low
0.78,0.92,7,184,4,0,0,0,support,medium
0.63,0.86,5,305,2,0,0,0,product_mng,low
0.27,0.73,4,204,8,0,1,0,technical,low
0.21,0.52,6,172,2,0,0,0,finance,low
0.18,0.36,3,114,9,1,0,0,technical,high
0.64,0.6,5,288,6,0,0,0,hr,high
0.69,0.89,2,134,6,0,0,0,sales,medium
0.37,0.81,3,177,2,0,0,0,marketing,low
0.24,0.68,5,246,2,0,0,0,management,medium
0.44,0.73,5,120,3,1,0,0,IT,low
0.61,0.58,2,140,4,1,0,0,sales,medium
0.53,0.86,3,263,2,0,1,0,marketing,low
0.91,0.8,6,304,2,0,0,0,marketing,low
0.58,0.59,3,137,2,0,0,0,sales,low
0.12,0.69,5,309,3,0,0,0,sales,low
0.45,0.36,4,131,9,0,0,0,IT,medium
0.58,0.36,2,260,2,0,0,0,RandD,low
0.31,0.84,5,111,9,0,0,0,support,low
0.43,0.6,4,211,7,0,1,0,finance,medium
0.07,0.78,4,305,6,0,0,0,product_mng,medium
0.32,0.87,4,217,10,0,1,0,product_mng,medium
0.25,0.66,7,215,2,0,0,0,RandD,medium
0.27,0.59,3,308,2,0,0,0,marketing,medium
0.41,0.99,7,184,5,0,0,0,technical,medium
0.54,0.36,3,156,10,0,0,0,finance,low
0.08,0.95,2,303,5,0,1,0,finance,low
0.83,0.51,2,296,10,0,0,0,support,medium
0.6,0.46,6,258,10,0,1,0,hr,medium
0.75,0.36,3,127,10,1,1,0,management,low
0.25,0.48,7,152,3,0,0,0,marketing,medium
0.65,0.63,4,280,4,0,0,0,RandD,medium
0.54,0.59,6,169,2,0,1,0,finance,medium
0.35,0.76,4,225,7,0,1,0,support,low
0.27,0.9,5,247,7,0,0,0,sales,medium
0.2,0.64,3,129,9,0,0,0,management,medium
0.52,0.49,3,252,2,0,0,0,marketing,medium
0.31,0.46,7,198,10,0,1,0,product_mng,medium
0.89,0.5,2,157,10,0,0,1,finance,medium
0.44,0.59,7,200,7,0,1,0,marketing,medium
0.05,0.55,6,254,10,0,0,0,management,low
0.36,0.81,2,285,4,0,0,0,RandD,low
0.31,0.36,5,199,5,0,1,0,support,low
0.33,0.36,2,175,5,1,0,0,hr,medium
0.81,0.61,7,189,6,0,0,0,technical,low
0.55,0.44,4,194,2,0,0,0,IT,low
0.46,0.68,5,133,4,0,0,0,technical,medium
0.43,0.42,5,153,3,0,0,0,finance,low
0.28,0.82,5,298,7,0,0,0,product_mng,low
0.59,0.42,4,138,6,0,0,0,IT,low
0.28,0.7,4,229,9,0,0,0,marketing,medium
0.63,0.87,3,113,8,0,0,0,product_mng,high
0.19,0.69,3,140,2,0,1,0,IT,low
0.48,0.54,4,102,5,0,0,0,finance,low
0.2,0.7,2,151,9,1,0,0,RandD,low
0.58,0.68,2,174,2,0,0,1,RandD,medium
0.73,0.92,4,202,3,0,0,0,IT,low
0.4,0.36,7,124,4,0,0,0,RandD,low
0.49,0.41,3,197,10,0,1,0,technical,medium
0.72,0.81,6,214,4,0,0,0,hr,medium
0.59,0.5,3,99,10,0,0,0,management,medium
0.24,0.37,5,124,2,0,0,0,finance,medium
0.34,0.71,7,111,4,0,1,0,sales,medium
0.73,0.36,2,283,9,0,1,0,sales,low
0.35,0.75,2,216,7,0,0,0,IT,low
0.51,0.58,7,158,2,0,0,0,hr,low
0.33,0.73,2,111,8,0,0,0,product_mng,medium
0.4,0.51,2,145,8,0,0,0,technical,medium
0.77,0.42,2,100,10,0,0,0,IT,medium
0.27,0.87,6,241,9,0,1,0,management,low
0.41,0.58,6,308,8,0,0,0,hr,low
0.35,0.48,6,184,9,1,0,0,sales,medium
0.69,0.73,7,160,3,0,0,0,finance,low
0.33,0.36,7,265,10,0,1,0,IT,medium
0.74,0.77,7,138,5,0,0,0,IT,medium
0.71,0.62,2,293,2,0,1,0,finance,medium
0.17,0.81,5,163,5,0,0,0,marketing,medium
0.3,0.43,6,99,10,0,0,0,hr,low
0.31,0.46,7,224,8,0,0,0,management,medium
0.4,0.62,5,98,2,0,1,0,support,medium
0.25,0.36,3,155,8,0,0,0,marketing,low
0.16,0.37,6,153,10,0,0,0,support,low
0.69,0.78,4,147,6,1,0,0,RandD,high
0.37,0.36,6,102,3,0,0,0,support,low
0.72,0.36,2,175,2,0,1,0,finance,medium
0.17,0.59,3,246,9,0,0,0,RandD,medium
0.7,0.72,3,303,9,0,0,0,support,low
0.44,0.5,2,160,4,0,0,0,IT,low
0.26,0.71,5,152,2,0,1,0,finance,low
0.56,0.82,4,289,7,0,0,0,sales,high
0.28,0.38,7,203,7,1,0,0,sales,low
0.73,0.96,4,298,2,0,1,0,finance,medium
0.5,0.88,7,224,7,1,0,0,hr,low
0.3,0.67,6,173,5,0,0,0,sales,low
0.34,0.91,3,225,8,1,0,0,sales,medium
0.49,0.36,2,191,2,0,1,0,technical,low
0.35,0.4,7,189,8,0,1,0,technical,medium
0.71,0.66,3,127,5,0,0,0,hr,low
0.63,0.4,6,111,6,1,0,0,management,medium
0.77,0.63,4,266,9,0,1,0,hr,medium
0.4,0.67,2,186,3,0,1,0,product_mng,low
0.48,0.92,7,132,6,0,0,0,support,medium
0.04,0.45,4,125,9,0,1,0,finance,medium
0.17,0.96,6,96,9,0,1,0,IT,low
0.46,0.51,7,170,8,0,0,0,product_mng,medium
0.55,0.36,4,192,9,0,1,0,sales,medium
0.34,0.98,2,124,7,0,0,0,sales,low
0.44,0.36,3,269,3,0,1,0,management,low
0.28,0.36,5,241,6,1,0,0,finance,medium
0.34,0.78,2,261,3,0,1,0,technical,medium
0.18,0.44,3,234,4,0,0,0,sales,high
0.74,0.58,7,241,8,0,1,0,hr,low
0.5,0.59,7,249,10,0,0,0,technical,medium
0.41,0.43,4,276,3,0,0,0,hr,medium
0.18,0.7,4,203,8,0,0,0,marketing,low
0.37,0.51,2,284,7,0,0,0,sales,high
0.15,0.36,7,118,6,0,0,0,finance,low
0.52,0.8,3,130,9,0,1,0,support,high
0.5,0.45,4,195,6,0,1,0,hr,medium
0.36,0.89,6,233,6,0,0,0,RandD,low
0.25,0.54,3,153,7,1,0,0,marketing,medium
0.95,0.77,3,118,10,0,0,0,IT,low
0.25,0.69,5,173,6,0,0,0,hr,low
0.42,0.59,3,141,2,0,0,0,hr,high
0.64,0.42,6,280,4,0,0,0,marketing,medium
0.31,0.45,4,281,8,0,0,0,hr,medium
0.77,0.61,2,113,8,0,1,0,hr,medium
0.19,0.68,3,255,4,0,0,0,RandD,low
0.13,0.57,5,230,4,0,0,0,hr,medium
0.5,0.64,3,302,5,1,0,0,RandD,low
0.3,0.72,5,139,4,0,0,0,support,low
0.74,0.54,2,256,4,0,0,0,sales,low
0.17,0.36,5,237,9,0,0,0,IT,medium
0.39,0.67,2,97,2,0,0,0,product_mng,medium
0.69,0.62,7,301,2,0,0,0,hr,low
0.23,0.43,3,148,3,0,0,0,hr,low
0.46,0.83,3,122,8,0,0,0,sales,medium
0.12,0.36,2,294,7,0,0,0,hr,low
0.18,0.44,5,187,8,0,1,0,marketing,medium
0.48,0.5,3,297,3,0,0,0,RandD,medium
0.18,0.36,3,165,7,0,0,0,hr,low
0.45,0.62,2,187,6,0,0,0,technical,low
0.21,0.5,6,215,2,0,0,0,RandD,medium
0.67,0.68,7,226,3,0,1,0,hr,low
0.38,0.36,5,141,9,0,1,0,RandD,high
0.43,0.67,4,189,9,0,1,0,product_mng,low
0.45,0.78,5,257,8,0,0,0,IT,low
0.29,0.84,2,263,4,0,1,0,RandD,medium
0.58,0.68,5,214,2,0,0,0,sales,low
0.73,0.73,5,149,3,0,1,0,hr,low
0.28,0.36,3,154,9,0,0,0,technical,medium
0.39,0.55,7,147,10,0,0,0,management,medium
0.24,0.36,4,273,7,0,1,0,management,low
0.04,0.55,5,131,5,0,1,0,IT,low
0.29,0.8,2,98,5,0,0,0,product_mng,low
0.67,0.54,3,210,7,1,0,0,finance,low
0.42,0.88,4,203,2,1,1,0,hr,low
0.11,0.61,2,139,7,0,0,0,IT,medium
0.52,0.61,4,290,3,0,1,0,product_mng,medium
0.64,0.61,6,290,6,0,0,0,support,medium
0.27,0.52,4,139,10,0,1,0,marketing,low
0.09,0.56,4,123,10,0,0,0,sales,medium
0.3,0.37,6,251,2,0,0,0,IT,medium
0.6,0.73,6,249,5,0,0,0,hr,medium
0.25,0.59,7,239,7,0,0,0,product_mng,low
0.33,0.66,7,106,9,0,0,0,product_mng,medium
0.49,0.36,2,127,5,0,0,0,sales,low
0.32,0.77,6,121,7,0,0,0,technical,high
0.38,0.69,3,230,6,0,0,0,product_mng,medium
0.59,0.78,2,269,8,0,1,0,support,medium
0.19,0.74,4,130,5,0,1,0,support,low
0.04,0.36,2,140,8,0,0,0,technical,high
0.3,0.53,6,129,3,1,0,0,finance,low
0.32,0.39,7,123,7,0,1,0,hr,low
0.52,0.77,5,154,4,0,0,0,hr,low
0.46,0.89,2,292,8,1,0,0,hr,high
0.25,0.62,2,171,9,0,0,0,management,low
0.18,0.4,5,186,2,0,1,0,IT,low
0.52,0.67,7,240,2,0,1,0,technical,low
0.07,0.72,3,310,7,0,0,0,product_mng,low
0.27,0.36,3,120,6,0,0,0,sales,medium
0.14,0.95,5,108,4,0,0,0,hr,medium
0.23,0.68,5,231,8,0,0,0,sales,low
0.12,0.36,2,305,6,1,0,0,finance,medium
0.15,0.57,7,175,3,0,0,0,technical,medium
0.18,0.54,6,300,2,0,0,0,technical,low
0.58,0.36,6,229,8,0,0,0,product_mng,low
0.28,0.91,3,119,5,0,0,0,hr,medium
0.25,0.36,7,187,10,0,0,0,management,low
0.28,0.86,4,185,3,0,0,0,finance,low
0.6,0.36,7,150,8,0,1,0,IT,medium
0.18,0.36,3,238,6,0,0,0,management,low
0.56,0.36,6,255,3,0,1,0,finance,medium
0.58,0.72,7,159,6,1,1,0,RandD,low
0.62,0.83,2,276,3,1,0,0,technical,low
0.15,0.88,2,268,9,0,0,0,sales,low
0.12,0.53,3,256,9,0,0,0,sales,medium
0.3,0.36,4,219,6,1,0,0,support,medium
0.51,0.51,5,249,7,0,0,0,finance,low
0.19,0.86,7,138,6,0,0,0,finance,low
0.08,0.44,3,259,4,0,0,0,sales,medium
0.41,0.68,2,106,6,0,0,0,product_mng,medium
0.19,0.36,2,131,2,0,0,0,product_mng,medium
0.54,0.88,6,251,5,0,0,0,RandD,medium
0.65,0.48,6,237,9,1,1,0,finance,low
0.21,0.39,5,254,4,0,0,0,marketing,low
0.25,0.36,3,277,5,0,0,0,marketing,medium
0.3,0.8,4,161,7,0,0,0,support,medium
0.51,0.72,3,299,6,0,1,0,management,medium
0.29,0.89,6,139,7,0,0,0,technical,low
0.74,0.36,4,240,7,1,0,0,product_mng,medium
0.2,0.69,2,188,3,0,1,0,support,low
0.5,0.62,3,168,2,0,1,0,management,medium
0.7,0.43,3,96,5,0,0,0,RandD,low
0.45,0.95,2,160,4,0,0,0,technical,low
0.22,0.41,6,159,2,1,0,0,hr,low
0.06,0.92,4,101,7,0,1,0,technical,medium
0.63,0.37,4,306,4,0,1,0,sales,low
0.35,0.56,6,277,8,0,1,0,marketing,high
0.31,0.84,5,185,10,0,1,0,finance,medium
0.9,0.68,5,210,10,0,1,0,management,medium
0.59,0.43,7,245,3,0,0,0,management,medium
0.45,0.36,3,288,10,0,0,0,finance,low
0.39,0.79,6,195,8,0,0,0,marketing,low
0.49,0.51,5,99,5,0,1,0,hr,low
0.28,0.36,2,111,5,0,0,0,hr,low
0.15,0.52,2,183,8,1,1,0,management,high
0.62,0.48,4,270,5,0,0,0,management,medium
0.42,0.64,7,176,6,0,0,0,RandD,medium
0.21,0.46,2,173,5,0,0,0,management,low
0.48,0.71,6,123,7,0,0,0,RandD,low
0.11,0.36,5,243,5,0,0,0,support,low
0.64,0.97,5,110,9,0,0,0,product_mng,medium
0.67,0.37,5,305,4,0,0,0,technical,low
0.44,0.63,7,192,2,0,0,0,support,low
0.19,0.46,3,116,3,0,0,0,IT,medium
0.17,0.67,4,129,2,1,0,0,marketing,medium
0.56,0.84,2,267,10,1,0,0,support,low
0.61,0.36,2,104,5,0,1,0,sales,medium
0.84,0.51,6,169,6,0,0,0,management,medium
0.43,0.72,3,227,7,0,1,0,RandD,low
0.31,0.72,6,189,6,0,1,0,RandD,medium
0.38,0.7,4,133,6,0,0,0,sales,low
0.31,0.36,4,176,10,1,1,0,sales,low
0.17,0.72,5,139,7,1,0,0,support,medium
0.5,0.97,2,152,3,0,0,0,IT,medium
0.39,0.6,2,118,10,0,0,0,marketing,low
0.56,0.62,6,292,6,0,0,0,product_mng,medium
0.32,0.36,5,194,10,0,0,0,IT,low
0.29,0.48,5,247,7,0,0,0,marketing,medium
0.62,0.39,2,120,2,0,0,0,RandD,high
0.33,0.45,4,246,10,0,0,0,marketing,low
0.24,0.41,6,193,9,0,0,0,IT,low
0.53,0.96,2,174,2,0,0,0,product_mng,low
0.4,0.61,2,106,8,0,0,0,finance,low
0.72,0.65,4,151,6,0,1,0,sales,low
0.53,0.55,6,258,4,0,0,0,hr,low
0.31,0.46,3,150,3,0,0,0,product_mng,medium
0.13,0.95,2,150,10,0,1,0,marketing,low
0.36,0.36,5,169,8,0,0,0,marketing,low
0.57,0.9,3,98,3,0,0,0,hr,medium
0.34,0.8,3,186,6,0,0,0,hr,medium
0.48,0.59,5,278,2,0,0,0,RandD,low
0.51,0.48,2,105,10,0,0,0,finance,medium
0.44,0.75,4,233,10,0,0,0,technical,low
0.37,0.71,5,96,7,0,0,0,marketing,medium
0.42,0.7,4,168,3,0,0,0,finance,medium
0.25,0.59,6,208,6,1,0,0,RandD,low
0.38,0.47,4,250,7,0,0,0,management,low
0.16,0.48,4,126,10,0,0,0,marketing,medium
0.72,0.84,6,102,2,0,0,0,product_mng,low
0.28,0.59,5,304,9,0,0,0,management,medium
0.65,0.66,7,262,3,1,1,0,marketing,low
0.8,0.84,5,306,4,1,0,0,marketing,low
0.72,0.75,7,98,2,0,0,0,IT,low
0.18,0.53,4,129,8,0,0,0,finance,medium
0.33,0.83,2,300,5,0,0,0,finance,low
0.35,0.69,6,303,8,0,0,0,technical,low
0.41,0.44,7,188,10,0,0,0,sales,low
0.68,0.72,3,277,4,0,0,0,IT,low
0.32,0.42,2,99,4,0,0,0,marketing,medium
0.39,0.75,2,175,7,0,0,0,management,medium
0.54,0.73,7,306,9,0,0,0,marketing,low
0.53,0.73,2,134,9,0,0,0,technical,low
0.51,0.46,5,256,6,0,1,0,product_mng,medium
0.25,0.52,6,303,7,0,0,0,finance,low
0.17,0.64,6,141,5,0,0,0,management,low
0.29,0.44,6,245,2,0,0,0,support,low
0.54,0.36,4,119,5,0,0,0,management,low
0.43,0.36,4,142,3,0,0,0,hr,low
0.4,0.54,6,174,6,1,1,0,sales,medium
0.3,0.51,7,298,10,0,0,0,technical,medium
0.77,0.57,3,184,7,0,0,0,RandD,medium
0.73,0.65,7,103,7,0,1,0,finance,low
0.37,0.86,2,175,6,0,0,0,hr,medium
0.14,0.97,7,156,5,0,0,0,hr,low
0.9,0.86,5,274,10,0,0,0,management,medium
0.93,0.5,7,286,2,0,1,0,IT,medium
0.69,0.61,7,176,10,0,1,0,hr,medium
0.32,0.63,4,134,7,0,0,0,technical,medium
0.39,0.68,5,258,7,0,0,0,finance,low
0.58,0.47,6,207,7,0,1,0,RandD,low
0.34,0.4,6,160,10,0,0,0,product_mng,low
0.46,0.61,2,209,7,0,0,0,management,low
0.17,0.74,4,117,7,1,0,0,IT,medium
0.62,0.68,2,251,4,0,0,0,management,medium
0.55,0.36,3,142,3,0,0,0,support,low
0.35,0.36,5,212,3,1,0,0,marketing,low
0.15,0.56,7,117,2,0,0,0,RandD,low
0.28,0.37,4,151,5,0,0,0,product_mng,medium
0.18,0.83,5,97,2,0,0,0,hr,low
0.57,0.7,4,293,8,0,0,0,technical,medium
0.36,0.63,4,213,2,1,0,0,finance,low
0.59,0.36,7,174,4,0,0,0,support,low
0.1,0.89,2,253,6,0,1,0,management,medium
0.58,0.91,6,213,3,0,0,0,management,low
0.46,0.41,3,181,8,0,0,0,management,low
0.51,0.67,6,221,9,0,0,0,finance,low
0.21,0.39,5,108,7,1,0,0,product_mng,high
0.37,0.42,4,196,3,0,1,0,RandD,medium
0.35,0.36,3,261,9,0,0,0,finance,low
0.57,0.62,6,308,6,1,0,0,sales,low
0.15,0.46,4,273,9,0,0,0,management,low
0.17,0.45,5,221,6,0,0,0,management,low
0.17,0.86,7,148,7,0,0,0,support,medium
0.15,0.4,3,253,6,0,0,0,technical,low
0.16,0.47,2,176,8,0,1,0,product_mng,medium
0.37,0.36,4,142,6,1,0,0,hr,medium
0.44,0.63,7,129,6,0,0,0,finance,medium
0.15,0.66,6,279,5,1,1,0,hr,medium
0.38,0.49,5,260,10,0,0,0,product_mng,high
0.44,0.6,2,191,10,0,0,0,technical,low
0.59,0.54,6,259,2,0,0,0,sales,medium
0.08,0.75,3,218,10,0,0,0,RandD,medium
0.45,0.7,2,102,8,0,0,0,product_mng,low
0.45,0.96,5,176,3,0,0,0,RandD,low
0.39,0.49,4,272,3,0,1,0,support,medium
0.24,0.48,5,135,8,0,0,0,product_mng,low
0.16,0.41,4,138,5,0,0,0,product_mng,low
0.12,0.58,6,252,7,1,1,1,sales,medium
0.55,0.64,5,143,9,0,0,1,sales,medium
0.13,0.85,5,260,10,0,0,0,product_mng,low
0.15,0.62,5,165,7,0,0,0,support,high
0.42,0.65,6,279,6,1,0,0,hr,medium
0.05,0.36,5,248,4,0,1,0,IT,medium
0.5,0.68,4,197,3,0,1,0,RandD,medium
0.28,0.83,6,210,10,1,0,0,management,low
0.54,0.36,5,302,2,0,0,0,RandD,high
0.24,0.72,2,148,7,0,0,0,marketing,low
0.34,0.81,7,310,4,0,0,0,sales,low
0.46,0.55,4,196,8,0,0,0,hr,low
0.69,0.4,3,275,10,0,0,0,hr,medium
0.26,0.54,4,119,7,0,0,0,finance,high
0.23,0.83,7,266,10,0,0,0,sales,low
0.17,0.36,2,192,2,0,1,0,RandD,medium
0.37,0.42,2,180,10,0,1,0,management,low
0.57,0.44,5,130,8,0,0,0,IT,low
0.52,0.77,6,189,10,0,0,0,marketing,low
0.56,0.81,3,263,10,0,1,0,marketing,medium
0.59,0.91,4,125,5,0,0,0,product_mng,medium
0.25,0.39,7,143,6,1,0,0,product_mng,low
0.02,0.79,4,310,4,0,0,0,product_mng,high
0.26,0.71,5,129,4,0,1,0,RandD,low
0.56,0.68,2,142,8,0,0,0,product_mng,low
0.19,0.36,5,120,10,0,0,0,technical,medium
0.56,0.83,7,169,2,0,0,0,product_mng,low
0.36,0.8,4,156,9,1,0,0,marketing,medium
0.39,0.95,7,235,5,0,0,0,finance,medium
0.56,0.63,6,166,10,0,0,0,hr,low
0.28,0.66,5,188,7,0,1,0,technical,high
0.7,0.9,4,254,8,0,0,0,hr,medium
0.4,0.97,4,257,2,0,0,0,IT,medium
0.75,0.77,2,175,6,1,0,0,support,medium
0.4,0.54,7,178,3,0,0,0,hr,medium
0.26,0.36,6,108,9,0,0,0,support,medium
0.58,0.53,6,120,6,0,1,0,support,medium
0.42,0.6,5,127,2,0,0,0,support,medium
0.13,0.45,4,120,9,0,0,0,management,medium
0.72,0.36,2,219,10,0,0,0,RandD,low
0.45,0.69,3,297,8,1,0,0,product_mng,low
0.7,0.65,4,142,3,0,0,0,finance,medium
0.42,0.78,2,147,6,1,1,0,hr,low
0.21,0.62,4,305,6,0,0,0,finance,low
0.45,0.89,6,197,6,0,0,0,sales,low
0.48,0.53,3,153,4,0,1,0,sales,low
0.24,0.77,6,118,3,0,0,0,finance,low
0.29,0.53,7,257,3,1,0,0,finance,medium
0.36,0.54,4,271,8,0,0,0,IT,medium
0.7,0.54,5,225,3,0,0,0,sales,high
0.08,0.5,2,251,6,0,0,0,technical,low
0.34,0.81,6,154,5,0,0,0,management,low
0.64,0.54,4,204,8,1,0,0,support,low
0.14,0.77,7,231,3,0,0,0,hr,medium
0.95,0.63,4,132,3,0,0,0,hr,medium
0.59,0.59,6,228,9,0,0,0,management,low
0.16,0.47,4,124,3,0,0,0,finance,medium
0.4,0.94,6,241,8,1,0,0,IT,low
0.23,0.36,5,196,2,0,0,0,IT,medium
0.24,0.82,6,273,6,0,0,0,product_mng,medium
0.42,0.36,3,282,4,0,0,0,finance,medium
0.06,0.51,5,148,7,0,0,0,marketing,high
0.07,0.51,2,114,8,0,0,0,management,medium
0.42,0.61,5,276,8,0,0,0,marketing,medium
0.3,0.76,7,178,7,0,0,0,hr,medium
0.45,0.43,2,290,10,0,0,0,IT,low
0.39,0.47,6,144,4,0,0,0,support,medium
0.22,0.93,5,101,5,0,0,0,RandD,medium
0.5,0.68,3,186,6,0,0,0,RandD,medium
0.44,0.36,2,231,5,0,0,0,IT,medium
0.88,0.38,5,105,2,0,0,0,marketing,medium
0.28,0.69,6,260,2,0,0,0,product_mng,low
0.17,0.52,5,232,3,0,0,0,hr,low
0.58,0.59,2,306,10,0,0,0,RandD,low
0.36,0.87,4,144,6,0,0,0,product_mng,low
0.19,0.98,5,218,3,0,1,0,support,medium
0.43,0.54,2,156,7,0,0,0,finance,low
0.46,0.74,2,194,9,0,0,0,sales,medium
0.38,0.85,5,190,5,0,0,0,IT,medium
0.49,0.36,7,204,10,0,0,0,sales,medium
0.25,0.36,6,175,9,0,0,0,product_mng,high
0.59,0.4,6,157,8,0,0,0,RandD,medium
0.47,0.96,4,237,6,0,0,0,IT,high
0.15,0.48,4,307,6,0,0,0,finance,high
0.51,0.37,4,129,7,0,1,0,product_mng,low
0.28,0.61,3,283,8,0,0,0,management,low
0.92,0.62,4,278,4,0,0,0,technical,medium
0.27,0.64,6,143,8,0,0,0,support,medium
0.17,0.81,5,196,9,0,0,0,IT,medium
0.24,0.59,7,231,6,0,0,0,sales,low
0.35,0.86,5,100,8,0,0,0,support,medium
0.31,0.67,3,213,7,0,0,0,RandD,medium
0.5,0.36,2,294,9,0,0,0,hr,low
0.12,0.76,6,288,5,0,1,0,marketing,medium
0.19,0.81,4,239,6,0,1,0,marketing,low
0.39,0.65,7,121,7,0,0,0,finance,low
0.13,0.65,5,296,10,0,0,0,hr,medium
0.56,0.54,7,124,7,0,0,0,hr,low
0.21,0.49,3,250,6,0,0,0,marketing,medium
0.3,0.38,6,137,10,0,1,0,management,low
0.13,0.41,6,141,9,1,0,0,support,medium
0.11,0.81,7,169,6,0,0,0,technical,low
0.65,0.58,7,230,7,0,0,0,management,low
0.31,0.73,4,187,9,0,0,0,IT,low
0.21,0.74,6,115,5,0,0,0,IT,medium
0.56,0.68,2,139,8,0,1,0,RandD,medium
0.86,0.77,3,193,5,0,0,0,hr,low
0.33,0.55,7,188,10,0,0,0,technical,low
0.58,0.72,6,208,4,0,0,0,marketing,low
0.6,0.67,4,149,4,0,0,0,sales,low
0.45,0.45,4,264,5,0,0,0,hr,low
0.32,0.6,7,97,10,0,0,0,sales,low
0.79,0.61,4,161,3,0,0,0,hr,medium
0.17,0.36,6,283,10,0,0,0,management,low
0.69,0.52,2,240,5,0,0,0,sales,medium
0.31,0.64,3,189,2,0,0,0,management,medium
0.28,0.58,6,169,2,1,0,0,hr,medium
0.12,0.36,3,127,9,0,0,0,hr,low
0.31,0.42,5,146,6,0,0,0,hr,medium
0.18,0.68,6,284,2,0,1,0,finance,medium
0.63,0.43,7,294,6,0,0,0,sales,medium
0.45,0.65,3,245,3,1,1,0,IT,medium
0.49,0.92,3,304,5,0,0,0,sales,medium
0.29,0.55,7,110,5,0,0,0,marketing,low
0.56,0.75,5,133,4,0,0,0,RandD,medium
0.19,0.79,2,281,6,0,0,0,hr,low
0.26,0.46,5,155,7,0,0,0,sales,medium
0.22,0.61,2,302,2,0,0,0,marketing,low
0.52,0.64,5,204,3,0,0,0,sales,medium
0.23,0.71,6,141,7,1,1,0,technical,low
0.51,0.6,2,224,8,0,0,0,IT,medium
0.04,0.45,6,138,6,0,0,0,hr,medium
0.76,0.52,5,125,8,1,0,0,hr,medium
0.3,0.58,3,140,3,0,0,0,finance,medium
0.55,0.76,7,104,4,0,1,0,product_mng,medium
0.03,0.54,7,199,10,0,0,0,product_mng,low
0.08,0.41,2,150,2,0,0,0,management,medium
0.76,0.36,5,247,5,1,0,0,hr,low
0.16,0.36,3,136,8,0,0,0,finance,low
0.48,0.51,6,231,9,0,0,0,hr,low
0.62,0.74,6,197,7,0,1,0,support,medium
0.19,0.56,5,106,4,0,0,0,management,low
0.69,0.49,4,252,2,0,1,0,marketing,medium
0.45,0.84,7,121,6,0,1,0,support,low
0.55,0.76,2,294,3,0,0,0,support,medium
0.31,0.45,3,263,10,0,0,0,marketing,low
0.17,0.48,5,105,4,1,0,0,hr,high
0.53,0.83,4,163,2,0,0,0,management,low
0.61,0.88,3,130,7,0,0,0,product_mng,medium
0.47,0.68,5,149,2,0,0,0,technical,low
0.76,0.89,4,196,4,0,0,0,RandD,low
0.58,0.88,4,119,5,0,0,0,product_mng,medium
0.75,0.89,3,283,9,0,0,0,hr,low
0.78,0.77,2,281,10,0,0,0,management,medium
0.62,0.43,7,249,10,0,0,0,support,low
0.51,0.88,5,282,8,0,0,0,sales,low
0.16,0.45,6,205,6,1,0,0,marketing,low
0.87,0.36,7,122,6,0,0,0,technical,medium
0.23,0.44,4,201,6,0,1,0,hr,medium
0.35,0.96,5,154,5,1,0,0,management,low
0.24,0.54,4,253,3,0,0,0,IT,low
0.36,0.52,7,255,5,0,0,0,support,medium
0.17,0.39,3,208,6,0,0,0,IT,low
0.49,0.72,7,282,2,0,0,1,product_mng,low
0.34,0.67,5,219,4,0,0,0,sales,low
0.43,0.67,7,121,3,0,0,0,IT,low
0.56,0.66,6,188,4,0,0,0,support,low
0.08,0.64,3,265,4,1,0,0,management,medium
0.52,0.66,3,179,8,1,0,0,finance,low
0.28,0.36,6,119,7,0,0,0,support,low
0.32,0.58,4,196,7,0,0,0,technical,low
0.4,0.64,5,257,5,0,1,0,management,low
0.21,0.42,6,224,5,0,0,0,IT,low
0.39,0.62,7,304,10,0,1,0,product_mng,low
0.46,0.46,3,222,8,0,0,0,hr,low
0.44,0.51,2,273,6,0,0,0,support,high
0.26,0.84,3,245,4,0,0,0,management,medium
0.3,0.68,4,182,7,0,1,0,support,low
0.07,0.4,6,248,4,1,1,0,hr,medium
0.19,0.78,5,197,3,0,0,0,product_mng,low
0.12,0.54,7,176,3,0,0,0,product_mng,low
0.55,0.41,7,309,7,0,1,0,RandD,medium
0.23,0.92,7,302,10,0,0,0,sales,medium
0.39,0.57,4,252,7,0,0,0,technical,low
0.39,0.41,4,206,7,0,0,0,hr,low
0.31,0.77,3,304,3,1,0,0,finance,medium
0.16,0.59,7,166,8,1,0,0,finance,low
0.29,0.95,4,159,8,0,0,0,RandD,medium
0.65,0.54,2,274,4,0,0,0,management,low
0.55,0.75,6,121,7,0,1,0,RandD,medium
0.69,0.92,3,144,3,0,0,0,sales,medium
0.74,0.5,7,202,8,0,0,0,support,low
0.33,0.64,5,259,6,0,0,0,IT,medium
0.65,0.56,3,165,6,0,0,0,hr,low
0.3,0.77,3,134,9,0,1,0,finance,medium
0.41,0.5,7,136,10,0,0,0,sales,low
0.37,0.76,3,99,10,1,0,0,technical,medium
0.51,0.61,5,109,2,1,0,0,technical,high
0.64,0.69,5,309,4,1,0,0,finance,low
0.36,0.46,2,309,3,0,1,0,management,low
0.4,0.36,5,212,9,0,0,0,IT,low
0.33,0.79,7,269,9,0,0,0,management,high
0.39,0.78,6,120,2,0,0,0,finance,low
0.43,0.71,4,148,9,0,1,0,hr,low
0.51,0.36,5,210,6,0,0,0,RandD,medium
0.2,0.54,3,126,4,0,0,0,sales,medium
0.22,0.87,6,207,8,0,1,0,marketing,medium
0.6,0.78,6,201,2,0,0,0,IT,medium
0.45,0.41,3,228,2,0,0,0,RandD,medium
0.31,0.6,2,264,5,0,1,0,support,low
0.78,0.36,7,158,6,0,1,0,product_mng,low
0.06,0.72,5,123,7,1,0,0,support,low
0.37,0.37,7,296,4,1,0,0,support,low
0.34,0.43,5,140,7,1,1,0,product_mng,low
0.59,0.73,2,143,5,0,0,0,RandD,medium
0.39,0.48,2,184,5,0,1,0,IT,low
0.37,0.5,3,286,2,0,0,0,marketing,medium
0.53,0.84,5,126,9,0,0,0,finance,low
0.16,0.36,4,159,9,1,0,0,technical,low
0.41,0.36,5,289,7,1,1,0,finance,high
0.41,0.54,6,301,2,0,1,0,marketing,low
0.67,0.47,5,283,10,0,0,0,support,medium
0.82,0.76,4,232,10,0,0,0,finance,low
0.66,0.68,6,189,2,0,0,0,support,medium
0.32,0.49,7,308,6,1,0,0,management,medium
0.2,0.36,4,187,6,0,0,0,IT,low
0.26,0.82,7,265,5,0,1,0,management,medium
0.23,0.91,7,130,2,0,1,0,IT,medium
0.14,0.4,3,169,8,1,1,0,RandD,high
0.64,0.36,6,195,3,0,0,0,marketing,low
0.6,0.48,2,300,7,0,1,0,finance,medium
0.38,0.76,2,193,9,1,0,0,finance,low
0.33,0.55,4,249,9,1,0,0,management,low
0.54,0.8,6,177,9,1,0,0,finance,low
0.38,0.76,7,168,9,0,0,0,sales,high
0.31,0.39,3,218,4,0,0,0,hr,medium
0.32,0.41,6,97,6,0,0,0,RandD,medium
0.64,0.64,5,271,5,1,0,0,IT,low
0.22,0.42,3,218,10,0,0,0,support,medium
0.59,0.5,3,271,6,0,0,0,sales,low
0.47,0.36,5,297,2,0,0,0,technical,medium
0.76,0.73,5,164,3,1,0,0,product_mng,low
0.29,0.36,3,187,3,1,0,0,technical,low
0.15,0.36,6,303,6,0,0,0,IT,low
0.45,0.65,5,198,10,0,0,0,hr,low
0.19,0.78,7,119,7,0,0,0,sales,medium
0.18,0.94,2,145,10,0,1,0,product_mng,medium
0.69,0.81,2,276,4,0,0,0,management,medium
0.69,0.47,5,297,8,0,0,0,finance,low
0.37,0.74,6,281,9,0,1,0,marketing,medium
0.37,0.96,5,196,10,0,0,1,RandD,medium
0.37,0.77,3,140,4,0,1,0,sales,medium
0.55,0.38,2,247,4,0,0,0,marketing,medium
0.29,0.36,6,132,5,0,1,0,technical,medium
0.02,0.57,7,249,6,0,0,0,marketing,medium
0.15,0.92,3,243,4,0,1,1,hr,low
0.24,0.81,5,236,9,0,0,0,sales,medium
0.3,0.49,6,309,4,0,0,0,support,medium
0.55,0.47,2,244,10,0,0,0,management,medium
0.67,0.43,7,204,8,0,0,0,product_mng,medium
0.24,0.7,6,163,8,0,0,0,support,medium
0.38,0.81,5,103,3,0,0,0,sales,medium
0.59,0.83,4,309,10,0,0,0,sales,low
0.24,0.75,2,280,6,0,0,0,support,low
0.65,0.61,7,208,10,0,0,0,hr,low
0.14,0.38,4,300,9,0,0,0,marketing,low
0.37,0.86,7,195,2,0,0,0,RandD,low
0.36,0.91,2,256,8,1,1,0,marketing,medium
0.52,0.75,6,173,2,0,0,0,RandD,medium
0.17,0.83,7,170,2,0,0,0,management,medium
0.62,0.42,5,294,3,0,1,0,sales,low
0.5,0.95,3,170,3,0,1,0,support,low
0.46,0.48,7,98,6,0,1,0,support,low
0.32,0.36,3,177,5,0,1,0,finance,medium
0.44,0.59,5,291,4,1,1,0,IT,low
0.56,0.74,2,233,9,0,0,0,support,low
0.56,0.67,5,107,7,0,0,0,IT,low
0.31,0.36,4,215,9,0,0,0,technical,low
0.21,0.61,6,147,7,0,1,0,support,high
0.24,0.4,4,129,10,0,1,0,marketing,low
0.57,0.8,4,244,7,0,1,0,marketing,low
0.34,0.45,7,239,7,0,0,0,support,low
0.17,0.54,2,123,10,0,0,0,hr,medium
0.52,0.36,5,157,10,0,0,0,management,low
0.51,0.53,6,124,10,0,0,0,product_mng,high
0.31,0.63,2,260,8,0,0,0,support,low
0.14,0.61,5,293,10,0,0,0,RandD,medium
0.87,0.43,3,154,8,0,1,0,sales,medium
0.37,0.84,3,122,2,0,0,0,sales,medium
0.49,0.62,2,179,7,1,0,0,marketing,medium
0.35,0.9,2,117,2,1,0,0,IT,low
0.22,0.61,4,225,4,0,1,0,RandD,medium
0.47,0.73,6,241,3,0,1,0,product_mng,low
0.17,0.57,6,223,9,1,0,0,sales,medium
0.49,0.4,5,222,4,0,0,0,support,low
0.76,0.78,5,308,8,0,0,0,management,low
0.35,0.55,5,101,8,0,0,0,management,medium
0.26,0.36,3,118,6,0,0,0,product_mng,medium
0.19,0.84,4,193,4,0,0,0,product_mng,medium
0.3,0.88,2,109,9,0,1,0,RandD,low
0.34,0.36,5,282,3,0,1,0,RandD,medium
0.68,0.7,5,291,8,1,0,0,support,medium
0.47,0.45,4,303,7,0,0,0,management,medium
0.55,0.37,6,116,4,0,0,0,hr,medium
0.26,0.44,5,306,3,0,0,0,IT,low
0.4,0.61,6,248,3,0,1,0,technical,low
0.48,0.75,6,223,3,0,0,0,hr,low
0.06,0.78,5,135,6,0,0,0,hr,low
0.07,0.85,6,178,2,0,1,0,technical,low
0.07,0.53,5,285,9,0,0,0,product_mng,medium
0.32,0.54,2,172,9,1,0,0,sales,low
0.58,0.56,4,117,7,0,0,0,finance,medium
0.21,0.54,5,251,6,0,0,0,RandD,medium
0.16,0.36,5,104,3,0,0,0,marketing,low
0.28,0.47,5,112,8,0,0,0,marketing,low
0.34,0.62,6,257,5,0,1,0,IT,medium
0.24,0.36,7,100,9,1,1,1,product_mng,low
0.17,0.48,2,230,6,0,1,0,hr,low
0.15,0.71,2,126,7,1,0,0,management,low
0.84,0.85,3,200,3,0,1,0,RandD,low
0.11,0.74,2,213,2,0,0,0,RandD,medium
0.5,0.85,3,166,6,1,1,0,sales,medium
0.79,0.7,4,295,5,1,1,0,sales,low
0.62,0.39,3,145,10,0,0,0,technical,medium
0.16,0.36,3,257,3,0,0,0,support,medium
0.72,0.88,2,198,9,0,0,0,support,low
0.13,0.47,7,304,3,0,0,0,support,medium
0.26,0.85,3,220,7,0,1,0,technical,low
0.34,0.36,2,99,10,1,0,0,support,low
0.17,0.83,7,141,2,0,1,0,marketing,high
0.4,0.92,5,119,5,0,0,0,RandD,medium
0.22,0.77,2,153,2,0,0,0,management,medium
0.81,0.79,5,254,5,0,0,0,management,medium
0.34,0.52,7,107,6,0,1,0,IT,medium
0.59,0.4,3,280,7,1,0,0,IT,medium
0.78,0.36,3,183,5,1,0,0,IT,medium
0.47,0.37,3,275,10,1,0,0,finance,low
0.8,0.42,6,154,6,0,0,0,IT,low
0.58,0.47,4,168,9,0,0,0,product_mng,medium
0.5,0.52,7,100,9,1,0,0,marketing,low
0.36,0.84,7,192,4,0,0,0,management,medium
0.11,0.77,2,256,8,0,0,0,marketing,medium
0.34,0.36,4,150,9,0,0,0,sales,medium
0.19,0.68,3,268,3,1,0,0,technical,medium
0.64,0.42,7,180,2,0,0,0,marketing,low
0.21,0.43,2,292,10,0,1,0,finance,medium
0.41,0.49,2,230,4,0,0,0,finance,low
0.54,0.66,3,295,3,0,0,0,finance,medium
0.19,0.72,4,221,10,0,0,0,IT,low
0.4,0.43,5,131,10,0,1,0,hr,low
0.27,0.74,4,109,8,0,1,0,finance,low
0.46,0.49,4,227,7,0,0,0,IT,medium
0.15,0.87,5,247,4,0,0,0,support,medium
0.82,0.87,5,131,3,0,0,0,management,medium
0.47,0.57,5,156,3,1,0,0,management,medium
0.81,0.63,3,231,5,0,0,0,technical,medium
0.59,0.85,7,193,2,0,0,0,RandD,low
0.28,0.6,6,128,2,0,1,0,hr,low
0.58,0.8,3,157,8,0,0,0,hr,low
0.67,0.95,6,246,7,0,1,0,support,medium
0.6,0.36,4,239,5,0,0,0,support,medium
0.42,0.62,4,307,2,0,0,0,product_mng,medium
0.22,0.36,4,113,3,0,0,0,marketing,low
0.59,0.93,7,195,3,0,0,0,technical,low
0.55,0.36,5,264,10,0,0,0,product_mng,medium
0.31,0.71,7,115,2,0,1,0,management,low
0.17,0.77,2,301,8,0,1,0,finance,high
0.52,0.54,2,176,8,0,0,0,marketing,low
0.21,0.75,5,102,4,0,0,0,product_mng,low
0.3,0.63,7,304,2,0,1,0,marketing,low
0.57,0.78,5,224,9,0,1,0,support,low
0.19,0.36,4,206,7,1,1,0,marketing,medium
0.12,0.46,6,136,3,0,1,0,product_mng,low
0.09,0.74,2,219,9,0,1,0,finance,low
0.53,0.82,3,264,4,0,1,0,management,medium
0.53,0.47,5,306,9,1,1,0,support,low
0.33,0.42,3,192,2,0,0,0,support,medium
0.61,0.36,5,303,3,0,0,0,IT,medium
0.32,0.79,2,222,4,0,0,0,finance,low
0.34,0.82,6,198,9,0,1,0,management,medium
0.31,0.74,7,163,10,1,1,0,technical,medium
0.08,0.55,2,130,5,0,1,0,hr,low
0.27,0.61,4,100,3,0,0,0,sales,medium
0.11,0.82,3,239,10,0,1,0,management,low
0.25,0.74,4,266,3,0,0,0,support,low
0.56,0.82,3,251,10,0,1,0,technical,low
0.07,0.92,7,97,2,0,1,0,marketing,low
0.26,0.36,2,211,4,0,0,0,technical,medium
0.26,0.6,5,237,5,0,0,0,support,medium
0.49,0.38,3,218,9,0,0,0,marketing,high
0.2,0.66,7,251,7,0,0,0,finance,medium
0.54,0.87,4,310,3,0,0,0,technical,medium
0.22,0.67,3,276,2,0,1,0,product_mng,medium
0.59,0.54,3,287,7,0,0,0,hr,low
0.51,0.36,7,159,5,0,0,0,IT,medium
0.41,0.46,7,262,10,0,0,0,sales,low
0.29,0.46,6,268,9,0,1,0,management,low
0.14,0.49,7,148,9,0,0,0,IT,medium
0.36,0.58,3,176,6,1,0,0,support,high
0.6,0.55,3,176,9,0,1,0,hr,medium
0.18,0.95,3,237,2,0,1,0,sales,medium
0.61,0.59,6,262,9,0,0,0,finance,low
0.63,0.56,5,219,8,1,0,0,product_mng,medium
0.21,0.81,7,121,6,0,1,0,IT,low
0.41,0.36,7,279,6,0,0,0,management,low
0.76,0.71,6,125,2,1,0,0,support,low
0.25,0.58,3,279,7,1,0,0,marketing,medium
0.54,0.58,6,267,3,0,0,0,IT,low
0.18,0.83,2,150,5,1,0,0,support,low
0.37,0.79,2,131,8,0,0,0,technical,low
0.24,0.88,6,108,8,0,0,0,sales,low
0.39,0.36,4,265,5,0,0,0,sales,high
0.59,0.78,3,172,9,0,1,0,product_mng,medium
0.38,0.79,3,196,4,0,0,0,sales,low
0.37,0.56,3,206,10,0,0,0,technical,medium
0.2,0.64,7,257,8,0,1,0,RandD,low
0.72,0.36,2,148,8,1,0,0,RandD,high
0.78,0.7,5,225,6,0,0,0,IT,medium
0.47,0.8,3,121,10,0,1,0,management,medium
0.83,0.36,2,251,10,0,0,0,support,low
0.55,0.41,7,282,6,0,0,0,RandD,low
0.05,0.49,7,140,3,0,0,0,management,low
0.15,0.7,3,160,4,0,1,0,technical,medium
0.27,0.57,6,276,6,0,0,0,finance,medium
0.51,0.4,5,214,9,1,0,0,management,medium
0.09,0.97,2,276,10,0,0,0,RandD,high
0.44,0.36,4,294,7,0,1,0,hr,low
0.62,0.54,2,98,9,0,0,0,IT,medium
0.3,0.73,2,272,5,0,0,0,product_mng,medium
0.42,0.37,5,162,5,0,0,0,technical,medium
0.48,0.7,5,264,4,0,1,0,hr,medium
0.48,0.61,7,110,7,0,0,0,product_mng,low
0.3,0.67,2,258,3,0,1,0,hr,low
0.58,0.54,5,192,8,0,0,0,sales,medium
0.29,0.56,5,177,8,0,0,0,RandD,medium
0.42,0.62,6,158,3,0,0,0,finance,low
0.36,0.57,2,238,6,0,0,0,management,medium
0.31,0.45,2,97,6,0,1,0,RandD,medium
0.44,0.36,2,174,7,0,0,0,IT,low
0.67,0.67,7,269,2,0,0,0,marketing,high
0.1,0.59,3,284,7,0,0,0,RandD,high
0.36,0.81,3,303,4,0,0,0,marketing,medium
0.14,0.62,3,119,5,0,0,0,finance,low
0.09,0.59,3,191,2,0,0,0,hr,low
0.22,0.56,7,267,10,0,0,0,hr,medium
0.72,0.45,2,100,2,0,0,0,hr,medium
0.44,0.99,6,151,7,0,0,0,finance,medium
0.3,0.93,2,214,6,1,0,0,management,medium
0.26,0.86,4,303,9,0,0,0,technical,low
0.51,0.58,5,149,4,0,0,0,IT,low
0.4,0.53,2,247,3,0,1,0,support,low
0.29,0.47,2,271,2,1,0,0,management,medium
0.13,0.54,6,117,5,1,1,0,hr,medium
0.2,0.49,4,301,5,0,1,0,marketing,low
0.71,0.5,6,174,5,0,1,0,finance,high
0.44,0.36,4,304,2,0,0,0,support,high
0.23,0.72,6,114,6,0,0,0,IT,low
0.48,0.82,7,237,4,0,0,0,marketing,low
0.58,0.46,3,245,9,1,0,0,IT,medium
0.26,0.83,5,106,6,0,0,0,RandD,high
0.32,0.6,5,137,5,0,0,0,IT,medium
0.36,0.85,7,257,3,1,0,0,marketing,low
0.17,0.36,3,276,6,0,1,0,product_mng,medium
0.43,0.77,4,209,7,0,1,0,hr,low
0.19,0.76,4,224,2,0,0,0,product_mng,low
0.11,0.62,2,181,4,1,0,0,management,low
0.19,0.36,2,109,9,0,1,0,IT,medium
0.42,0.69,5,281,5,0,0,0,sales,low
0.22,0.6,6,106,7,0,0,0,marketing,low
0.33,0.51,7,273,7,0,0,0,RandD,low
0.36,0.81,4,98,6,0,0,0,technical,medium
0.14,0.69,7,235,5,0,1,0,management,high
0.86,0.36,4,136,8,1,0,0,product_mng,medium
0.3,0.8,5,211,9,0,1,0,finance,low
0.56,0.78,6,165,3,1,0,0,marketing,low
0.34,0.53,4,229,8,0,0,0,RandD,medium
0.59,0.95,7,307,7,1,0,0,support,low
0.6,0.53,4,238,7,1,0,0,RandD,medium
0.43,0.43,5,179,10,1,0,0,technical,low
0.09,0.48,5,106,3,0,1,0,finance,low
0.72,0.59,4,233,2,0,0,0,hr,low
0.22,0.65,4,189,6,0,0,0,RandD,low
0.14,0.73,6,142,10,0,0,0,product_mng,medium
0.57,0.48,3,291,8,0,0,0,RandD,low
0.41,0.48,4,117,10,0,1,0,technical,medium
0.39,0.82,5,123,8,0,0,1,hr,medium
0.25,0.56,2,246,5,0,0,0,IT,medium
0.62,0.36,3,128,2,0,0,0,support,medium
0.16,0.62,7,231,10,0,1,0,technical,low
0.4,0.59,7,175,2,0,0,0,sales,medium
0.14,0.6,7,213,5,1,1,0,technical,high
0.57,0.53,2,171,9,0,0,0,technical,medium
0.81,0.6,3,209,7,0,0,0,management,low
0.49,0.57,2,222,10,1,0,0,hr,low
0.19,0.7,5,259,9,1,0,0,RandD,medium
0.56,0.89,4,161,9,0,0,0,finance,low
0.3,0.36,2,303,10,0,0,0,technical,low
0.23,0.52,5,126,10,1,0,0,finance,low
0.32,0.65,3,252,9,1,0,0,hr,medium
0.1,0.71,5,301,10,0,1,0,management,low
0.72,0.39,7,228,10,0,0,0,product_mng,low
0.35,0.86,5,292,6,0,1,0,finance,medium
0.45,0.81,7,118,2,0,0,0,management,medium
0.73,0.58,3,260,2,0,1,0,management,medium
0.69,0.59,2,168,8,0,0,0,marketing,low
0.26,0.69,3,133,8,0,0,0,sales,medium
0.39,0.49,3,276,3,0,0,0,finance,high
0.22,0.43,6,172,5,0,0,0,management,medium
0.62,0.41,3,131,5,0,0,0,support,medium
0.69,0.81,2,158,2,0,0,0,marketing,medium
0.1,0.73,6,293,8,1,1,0,support,high
0.73,0.79,5,145,2,0,0,0,IT,medium
0.17,0.53,3,285,6,0,1,0,management,low
0.34,0.75,6,157,5,0,0,0,hr,high
0.12,0.49,4,252,8,0,0,0,marketing,low
0.46,0.64,5,247,2,1,0,0,marketing,medium
0.17,0.41,4,131,6,0,0,0,hr,high
0.29,0.76,6,196,3,0,0,0,marketing,medium
0.36,0.65,3,233,7,0,1,0,RandD,low
0.07,0.49,2,180,8,0,0,0,RandD,medium
0.49,0.6,5,306,6,0,0,0,marketing,medium
0.04,0.42,6,230,9,0,0,0,IT,low
0.27,0.69,3,261,10,0,0,0,sales,medium
0.53,0.85,6,144,7,0,0,0,IT,medium
0.59,0.68,2,228,2,0,0,0,hr,medium
0.28,0.69,5,272,8,0,0,0,sales,medium
0.16,0.94,6,273,2,1,0,0,IT,medium
0.42,0.7,7,142,3,0,0,0,technical,low
0.51,0.59,3,207,4,0,0,1,finance,low
0.48,0.56,3,104,8,0,0,0,technical,medium
0.36,0.67,6,186,2,0,0,0,RandD,medium
0.65,0.7,2,98,7,0,0,0,sales,low
0.3,0.7,3,103,5,0,0,1,technical,low
0.33,0.78,2,281,5,0,1,0,marketing,low
0.31,0.36,7,115,4,0,0,0,support,medium
0.48,0.68,3,297,8,0,0,0,hr,medium
0.34,0.36,4,239,6,1,1,0,marketing,medium
0.74,0.48,2,107,9,0,0,0,IT,low
0.68,0.45,2,225,9,0,0,0,sales,low
0.39,0.95,5,149,2,0,0,0,finance,low
0.09,0.85,6,220,6,0,0,0,support,low
0.7,0.45,6,201,5,0,0,0,RandD,medium
0.53,0.87,2,222,7,0,0,0,hr,low
0.11,0.72,5,290,8,1,1,0,finance,low
0.57,0.77,4,120,6,0,0,0,management,low
0.08,0.47,5,232,6,0,1,0,technical,medium
0.11,0.39,3,269,10,0,0,0,support,medium
0.32,0.5,6,126,9,0,1,0,product_mng,medium
0.93,0.75,7,244,9,0,0,0,support,medium
0.22,0.75,7,166,6,0,0,0,RandD,medium
0.69,0.36,5,138,2,0,0,0,marketing,medium
0.67,0.89,6,307,9,0,0,0,support,low
0.2,0.41,5,260,3,0,0,0,management,medium
0.48,0.36,3,125,4,0,0,0,IT,low
0.71,0.44,2,142,4,1,0,0,support,medium
0.53,0.81,2,198,4,0,0,0,IT,low
0.13,0.63,7,257,6,0,0,0,finance,medium
0.09,0.67,3,99,9,0,0,0,hr,low
0.62,0.79,7,188,2,1,0,0,management,medium
0.26,0.48,2,101,9,1,0,0,sales,medium
0.46,0.4,7,215,7,0,0,0,support,low
0.26,0.36,5,135,2,0,0,0,IT,low
0.29,0.84,7,114,9,0,0,0,support,medium
0.31,0.63,6,208,7,0,1,0,finance,low
0.22,0.36,3,105,2,0,1,0,marketing,medium
0.49,0.8,6,129,2,1,0,0,RandD,low
0.54,0.76,5,111,5,0,0,0,technical,low
0.2,0.55,3,162,4,0,0,0,support,medium
0.21,0.67,6,309,4,0,0,0,management,medium
0.65,0.42,5,239,8,0,0,0,product_mng,medium
0.19,0.89,5,126,4,0,0,0,finance,high
0.47,0.67,2,304,2,0,1,0,hr,medium
0.71,0.7,5,196,3,0,0,0,support,low
0.17,0.36,4,118,8,0,0,0,management,high
0.26,0.86,7,133,6,0,1,0,support,high
0.26,0.36,6,186,9,0,0,0,product_mng,low
0.3,0.98,5,292,7,1,0,0,management,medium
0.41,0.79,3,248,8,0,0,0,support,medium
0.24,0.52,5,170,9,0,0,0,finance,high
0.5,0.56,7,210,9,0,0,0,technical,low
0.52,0.36,3,168,3,0,0,0,hr,medium
0.36,0.36,7,292,7,0,0,0,RandD,medium
0.21,0.58,2,147,8,0,0,0,support,high
0.63,0.71,2,183,3,0,0,0,marketing,low
0.36,0.69,5,303,4,0,0,0,sales,medium
0.11,0.7,4,161,2,0,0,0,marketing,high
0.18,0.36,2,289,2,1,0,0,product_mng,low
0.33,0.61,4,179,9,0,0,0,RandD,high
0.28,0.77,2,163,10,0,1,0,marketing,medium
0.2,0.45,6,129,7,0,0,0,finance,low
0.32,0.36,7,167,8,0,1,0,marketing,low
0.18,0.36,6,289,4,0,1,0,sales,low
0.4,0.57,4,110,3,0,0,0,marketing,low
0.3,0.86,7,201,5,0,0,0,support,low
0.42,0.78,3,167,5,0,0,0,product_mng,medium
0.38,0.88,3,183,9,0,0,0,finance,medium
0.53,0.36,3,221,3,1,0,0,management,low
0.43,0.53,7,287,9,0,1,0,finance,low
0.46,0.46,6,128,5,0,0,0,product_mng,low
0.44,0.48,7,223,3,0,0,0,technical,low
0.44,0.36,5,96,4,0,0,0,support,medium
0.48,0.77,5,185,10,0,0,0,hr,medium
0.37,0.53,4,271,4,0,0,0,management,low
0.8,0.85,2,163,9,0,0,0,RandD,low
0.39,0.62,7,225,5,0,1,0,support,medium
0.09,0.86,5,228,4,0,0,0,RandD,medium
0.21,0.63,6,165,6,0,0,0,IT,medium
0.44,0.72,4,280,7,0,0,0,product_mng,low
0.37,0.8,2,214,10,0,0,0,RandD,medium
0.36,0.86,7,122,3,1,0,0,management,low
0.09,0.41,5,144,9,0,1,0,hr,medium
0.46,0.84,3,127,8,0,0,0,IT,low
0.12,0.38,4,112,9,0,1,0,RandD,medium
0.68,0.54,5,131,3,0,0,0,IT,medium
0.26,0.89,2,112,7,0,0,0,hr,medium
0.46,0.36,5,157,8,1,0,0,marketing,low
0.23,0.89,5,212,4,0,0,0,marketing,medium
0.05,0.9,5,110,9,0,1,0,sales,high
0.18,0.78,2,192,6,0,0,0,support,medium
0.33,0.93,6,309,5,0,0,0,management,low
0.09,0.4,5,237,7,0,1,0,technical,low
0.78,0.88,6,185,7,0,0,0,finance,low
0.37,0.61,4,302,10,0,1,0,sales,medium
0.28,0.43,3,223,8,0,0,0,product_mng,low
0.61,0.59,2,284,9,0,1,0,technical,medium
0.32,0.5,2,161,10,0,0,0,finance,medium
0.51,0.46,3,251,7,0,0,0,hr,low
0.15,0.94,2,171,3,0,0,0,IT,low
0.6,0.36,2,155,6,0,0,0,technical,low
0.18,0.37,4,101,10,0,0,0,management,medium
0.34,0.68,7,265,2,0,0,0,management,medium
0.39,0.82,3,227,7,1,1,0,IT,medium
0.63,0.68,6,299,10,1,0,0,hr,medium
0.43,0.36,3,104,4,0,0,0,support,low
0.53,0.85,7,241,7,0,0,1,hr,medium
0.25,0.36,4,99,9,1,0,0,IT,low
0.56,0.37,5,100,9,0,0,0,support,low
0.5,0.82,5,187,4,0,0,0,sales,low
0.17,0.41,4,286,3,0,0,0,finance,low
0.46,0.51,4,289,2,0,0,0,IT,medium
0.2,0.38,4,183,4,0,0,0,IT,low
0.4,0.43,7,163,4,1,1,0,technical,low
0.73,0.77,4,135,7,0,0,0,marketing,medium
0.46,0.41,6,221,5,1,0,1,technical,medium
0.44,0.62,3,151,5,0,0,0,marketing,medium
0.35,0.53,7,174,3,1,0,0,IT,medium
0.38,0.36,5,149,8,0,0,0,sales,low
0.1,0.67,3,291,3,0,1,0,RandD,medium
0.27,0.57,4,127,6,0,1,0,management,low
0.45,0.36,3,178,2,0,0,0,IT,medium
0.14,0.55,6,309,5,0,1,0,marketing,low
0.46,0.82,7,289,7,0,0,0,finance,medium
0.44,0.49,4,167,10,0,1,0,IT,medium
0.12,0.83,2,221,8,1,1,0,management,low
0.61,0.42,7,131,3,0,1,0,support,low
0.11,0.46,6,153,7,0,0,0,product_mng,high
0.23,0.67,3,295,5,0,0,0,product_mng,low
0.19,0.73,3,119,10,0,1,0,marketing,medium
0.27,0.7,2,263,9,1,1,0,technical,low
0.29,0.51,2,164,7,1,0,0,management,high
0.57,0.72,4,169,5,0,0,0,hr,medium
0.51,0.54,5,299,10,0,0,0,marketing,low
0.66,0.52,6,237,6,0,1,0,sales,low
0.21,0.48,5,136,8,1,0,0,management,medium
0.29,0.41,3,120,7,0,1,0,finance,medium
0.04,0.49,2,276,10,1,1,0,hr,medium
0.08,0.83,2,271,6,0,0,0,IT,low
0.43,0.36,2,120,7,0,0,0,IT,low
0.71,0.39,6,267,10,0,0,0,sales,medium
0.22,0.76,4,181,2,0,1,0,sales,medium
0.75,0.69,7,269,10,0,1,0,hr,low
0.13,0.41,3,284,9,0,1,0,hr,high
0.28,0.87,2,163,7,0,0,0,finance,medium
0.23,0.36,3,114,7,1,0,0,support,low
0.35,0.36,2,115,7,0,0,0,management,low
0.48,0.49,3,122,4,1,0,0,management,low
0.23,0.54,5,246,10,0,1,0,sales,medium
0.88,0.56,7,134,5,0,0,0,hr,low
0.5,0.36,6,270,4,0,0,0,IT,medium
0.15,0.36,3,205,4,0,0,0,management,medium
0.14,0.57,7,300,6,0,0,0,RandD,medium
0.42,0.68,7,139,10,0,1,0,marketing,medium
0.06,0.37,6,142,4,0,0,0,IT,high
0.72,0.77,7,174,9,0,0,0,hr,medium
0.48,0.98,5,175,5,0,0,0,product_mng,low
0.39,0.53,3,262,3,0,1,0,sales,medium
0.27,0.86,6,157,6,0,0,0,management,low
0.37,0.88,2,265,9,1,0,0,sales,medium
0.35,0.38,7,143,10,0,0,0,RandD,medium
0.68,0.36,2,203,10,0,0,0,IT,low
0.28,0.56,3,185,3,0,1,0,sales,low
0.14,0.88,6,281,2,1,0,0,RandD,medium
0.22,0.83,7,203,3,0,0,0,IT,medium
0.4,0.36,4,214,9,0,0,0,sales,medium
0.31,0.61,4,221,7,0,0,0,technical,low
0.2,0.83,5,121,9,0,0,0,sales,medium
0.15,0.66,7,230,7,0,1,0,RandD,medium
0.36,0.83,2,288,10,0,0,0,IT,low
0.23,0.53,5,168,8,0,0,0,support,medium
0.25,0.58,4,295,10,0,0,0,technical,medium
0.47,0.68,4,219,2,0,1,0,RandD,medium
0.21,0.68,6,310,9,0,1,0,management,low
0.48,0.36,3,150,9,0,1,0,hr,low
0.57,0.81,7,208,7,0,0,0,technical,medium
0.43,0.62,2,158,5,0,0,0,product_mng,medium
0.12,0.37,7,174,10,0,1,0,product_mng,medium
0.34,0.36,5,113,6,0,0,0,support,high
0.37,0.54,2,277,9,0,0,0,support,medium
0.4,0.36,4,284,7,0,1,0,hr,low
0.13,0.54,2,151,8,0,0,0,product_mng,medium
0.56,0.89,4,214,7,0,0,0,finance,medium
0.68,0.36,7,203,4,0,1,0,RandD,medium
0.13,0.88,2,178,10,0,0,0,IT,low
0.19,0.77,6,198,9,1,0,0,support,low
0.28,0.67,4,121,9,0,0,0,RandD,low
0.15,0.42,3,299,9,1,0,0,product_mng,low
0.07,0.55,6,196,8,0,1,0,RandD,medium
0.59,0.89,2,216,7,0,0,0,finance,medium
0.13,0.52,7,259,6,0,0,0,technical,low
0.73,0.49,2,220,3,0,0,0,finance,medium
0.12,0.36,6,230,5,0,1,1,product_mng,low
0.55,0.81,7,296,2,0,1,0,management,medium
0.05,0.37,3,126,5,0,0,0,finance,medium
0.31,0.75,5,245,3,1,0,0,RandD,medium
0.49,0.36,5,158,9,1,1,0,support,low
0.24,0.36,3,138,6,1,1,0,management,low
0.15,0.91,5,171,6,0,0,0,finance,low
0.13,0.38,2,135,2,0,1,0,hr,low
0.22,0.77,5,225,2,0,0,0,sales,medium
0.72,0.51,6,148,5,0,0,0,sales,medium
0.78,0.65,6,203,4,0,1,0,marketing,low
0.2,0.68,5,127,3,0,1,0,technical,low
0.25,0.36,5,224,6,0,1,0,finance,low
0.27,0.58,4,291,6,0,0,1,technical,low
0.43,0.83,5,133,2,0,0,0,technical,low
0.57,0.8,3,140,5,1,1,0,sales,medium
0.83,0.43,7,227,6,0,0,0,finance,medium
0.28,0.74,2,168,7,0,0,0,management,low
0.52,0.57,3,177,7,0,0,0,marketing,medium
0.38,0.87,5,136,10,1,0,1,product_mng,medium
0.41,0.43,5,143,4,0,0,0,IT,medium
0.2,0.36,5,234,6,0,1,0,hr,low
0.33,0.75,5,284,6,0,0,1,finance,low
0.55,0.89,2,165,3,0,0,0,finance,low
0.48,0.45,3,303,3,0,0,0,technical,low
0.5,0.92,2,231,4,0,1,0,marketing,medium
0.5,0.84,4,242,2,1,0,0,IT,low
0.32,0.36,5,228,8,0,0,0,technical,medium
0.6,0.55,3,218,8,0,0,0,management,low
0.21,0.92,7,120,7,0,0,0,RandD,medium
0.37,0.74,6,232,9,0,0,0,support,medium
0.31,0.58,7,194,9,0,0,0,technical,medium
0.35,0.36,2,288,8,0,1,0,product_mng,medium
0.37,0.41,2,270,4,0,1,0,IT,low
0.18,0.79,5,161,4,1,0,0,hr,medium
0.34,0.63,6,139,6,0,1,0,RandD,medium
0.43,0.54,2,265,2,0,0,0,technical,medium
0.16,0.83,7,120,10,0,0,0,marketing,medium
0.34,0.88,6,195,10,0,0,0,hr,medium
0.64,0.62,7,235,4,1,1,0,finance,medium
0.43,0.46,2,124,2,1,1,0,RandD,low
0.21,0.38,6,235,7,0,1,0,sales,low
0.19,0.42,4,218,3,0,0,0,hr,low
0.42,0.83,4,223,10,0,1,0,RandD,medium
0.88,0.59,7,300,6,1,1,0,finance,low
0.24,0.36,6,298,4,0,0,0,IT,low
0.27,0.65,2,294,7,0,0,0,IT,medium
0.35,0.77,2,262,5,1,0,0,hr,medium
0.34,0.96,4,309,8,0,0,0,IT,low
0.31,0.39,5,150,4,0,0,0,product_mng,low
0.18,0.52,6,296,4,0,0,0,management,medium
0.28,0.58,6,134,5,1,0,0,hr,medium
0.68,0.56,6,301,7,0,0,0,marketing,medium
0.39,0.73,3,275,9,0,0,0,finance,high
0.1,0.62,4,252,6,0,0,0,sales,medium
0.46,0.83,2,265,2,0,0,1,management,low
0.83,0.61,6,235,6,0,1,0,RandD,medium
0.69,0.51,5,126,4,0,0,0,finance,high
0.31,0.95,2,261,8,0,0,0,support,medium
0.15,0.65,5,258,2,0,0,0,technical,medium
0.61,0.6,5,284,5,0,1,0,technical,low
0.57,0.69,7,213,10,0,0,0,IT,low
0.02,0.91,6,211,10,0,0,0,technical,medium
0.56,0.36,2,278,9,0,0,0,sales,medium
0.19,0.41,3,110,7,0,0,0,IT,medium
0.16,0.45,6,239,6,0,0,0,hr,medium
0.28,0.56,7,242,10,0,0,0,technical,low
0.43,0.66,4,281,6,0,0,0,product_mng,medium
0.22,0.47,3,175,10,0,0,0,technical,medium
0.67,0.65,2,252,8,0,0,0,management,medium
0.48,0.48,5,253,5,0,0,0,product_mng,medium
0.19,0.56,3,308,3,0,1,0,product_mng,medium
0.61,0.62,4,151,8,0,0,1,IT,medium
0.5,0.61,5,276,9,0,0,0,support,high
0.35,0.91,7,248,2,0,0,0,finance,low
0.34,0.42,4,167,7,0,0,0,sales,medium
0.62,0.7,4,237,5,0,1,0,IT,low
0.27,0.79,5,113,10,0,0,0,product_mng,low
0.76,0.61,6,103,8,0,1,0,finance,low
0.32,0.54,2,218,6,0,1,0,sales,low
0.35,0.9,4,255,7,0,0,0,marketing,medium
0.39,0.42,7,150,6,0,0,0,IT,low
0.26,0.87,2,198,10,0,0,0,management,high
0.19,0.51,3,208,10,1,0,0,finance,low
0.07,0.52,5,238,9,0,0,0,sales,low
0.52,0.59,7,113,8,0,1,0,finance,medium
0.59,0.46,3,235,6,0,0,0,technical,medium
0.72,0.36,4,109,9,0,0,0,finance,medium
0.69,0.79,2,153,4,0,0,0,finance,medium
0.19,0.69,6,198,2,0,0,0,sales,low
0.28,0.88,5,178,3,0,1,0,hr,medium
0.37,0.69,5,242,10,0,0,0,technical,medium
0.3,0.56,4,133,3,0,0,0,marketing,medium
0.52,0.69,5,159,8,0,0,0,support,low
0.65,0.82,6,142,3,0,0,0,technical,medium
0.2,0.86,2,163,6,0,0,0,management,low
0.05,0.36,6,251,3,0,0,0,management,low
0.64,0.53,3,244,6,0,0,0,technical,medium
0.56,0.68,2,131,10,0,1,0,sales,medium
0.18,0.36,3,303,5,0,0,0,management,medium
0.24,0.94,7,97,4,0,0,0,IT,high
0.08,0.63,3,112,3,0,0,0,management,medium
0.55,0.36,2,288,7,0,1,0,hr,low
0.43,0.91,5,250,6,0,1,0,RandD,low
0.65,0.44,2,210,10,0,1,0,product_mng,low
0.64,0.45,7,265,6,0,0,0,support,low
0.37,0.49,2,102,7,0,1,0,management,medium
0.15,0.76,4,304,3,0,0,0,product_mng,medium
0.09,0.9,2,289,10,1,1,0,product_mng,low
0.15,0.36,4,160,10,0,0,0,hr,low
0.26,0.63,7,198,5,0,0,0,RandD,low
0.32,0.72,2,139,10,0,0,1,finance,low
0.27,0.86,5,241,3,0,1,0,IT,low
0.65,0.36,6,254,5,1,0,0,finance,medium
0.5,0.73,6,302,8,0,1,0,finance,medium
0.73,0.52,2,223,5,0,1,0,finance,medium
0.32,0.73,5,174,7,0,0,0,IT,low
0.46,0.46,2,149,3,0,1,0,IT,low
0.74,0.64,2,265,9,1,1,0,hr,medium
0.74,0.92,6,298,8,1,0,0,hr,low
0.04,0.78,2,304,7,0,0,0,IT,low
0.21,0.36,4,161,5,0,0,0,management,low
0.08,0.88,2,186,3,0,0,0,finance,medium
0.44,0.69,5,233,6,1,0,0,RandD,medium
0.57,0.76,2,231,6,0,0,0,support,low
0.29,0.86,7,166,9,0,0,0,support,medium
0.6,0.37,5,100,3,0,0,0,hr,low
0.32,0.67,5,296,7,0,0,0,RandD,low
0.21,0.66,4,105,5,0,0,0,RandD,low
0.37,0.65,7,185,5,0,0,0,support,high
0.11,0.93,4,120,8,0,0,0,hr,low
0.62,0.36,2,231,2,0,0,0,management,low
0.77,0.66,7,150,6,0,1,0,IT,medium
0.61,0.42,3,253,8,0,1,0,sales,medium
0.56,0.74,3,214,7,0,0,0,support,high
0.57,0.36,5,274,6,0,1,0,finance,medium
0.33,0.52,2,216,5,0,0,0,product_mng,low
0.56,0.83,6,125,9,0,0,0,support,medium
0.27,0.36,5,105,10,0,0,0,management,low
0.34,0.44,7,204,10,0,0,0,marketing,medium
0.54,0.88,7,209,4,0,1,0,hr,high
0.34,0.53,6,139,10,0,0,0,marketing,medium
0.4,0.43,3,234,3,1,0,0,IT,low
0.29,0.65,4,141,2,0,0,0,hr,low
0.61,0.46,6,140,9,0,0,0,sales,low
0.44,0.36,7,134,10,0,0,0,RandD,low
0.63,0.69,5,274,9,0,1,0,technical,medium
0.17,0.36,2,289,4,0,0,0,finance,low
0.25,0.51,3,286,8,1,0,0,finance,medium
0.47,0.83,3,246,4,0,0,0,sales,low
0.62,0.36,6,100,2,0,0,0,support,medium
0.33,0.47,6,288,10,0,0,0,product_mng,medium
0.74,0.44,3,215,3,0,0,0,RandD,low
0.18,0.36,6,255,8,0,1,0,RandD,low
0.4,0.78,5,223,2,0,0,0,IT,medium
0.67,0.63,3,270,10,0,0,0,product_mng,medium
0.74,0.72,6,272,4,0,1,0,management,medium
0.37,0.84,6,185,10,0,0,0,hr,low
0.1,0.58,7,104,10,0,0,0,RandD,medium
0.35,0.36,4,150,3,0,0,0,sales,medium
0.19,0.65,7,235,5,0,0,0,management,low
0.4,0.71,6,219,9,1,0,0,hr,low
0.42,0.81,6,158,6,1,0,0,support,low
0.27,0.65,7,230,5,1,0,0,management,low
0.53,0.71,3,124,7,0,0,0,management,medium
0.54,0.39,3,266,5,0,0,0,marketing,medium
0.5,0.66,5,231,5,0,0,0,marketing,medium
0.48,0.72,7,163,8,1,0,0,product_mng,low
0.36,0.8,2,182,10,0,0,0,marketing,low
0.34,0.4,6,287,7,0,0,0,management,low
0.32,0.46,4,278,9,0,0,0,sales,medium
0.4,0.65,7,124,7,0,0,0,finance,low
0.23,0.64,7,271,6,0,1,1,technical,medium
0.55,0.68,2,262,6,0,0,0,product_mng,high
0.45,0.57,7,272,5,0,0,0,support,low
0.29,0.4,4,235,2,0,0,0,IT,medium
0.2,0.74,7,171,4,1,0,0,hr,medium
0.11,0.48,7,305,5,1,1,0,hr,low
0.33,0.9,7,308,3,0,0,0,product_mng,medium
0.31,0.86,4,306,6,0,0,0,management,low
0.69,0.4,3,163,5,0,0,0,technical,low
0.22,0.75,2,278,2,0,0,0,sales,medium
0.26,0.38,7,273,2,0,0,0,technical,medium
0.09,0.79,4,243,4,0,1,0,product_mng,medium
0.47,0.69,5,175,10,1,1,0,sales,medium
0.26,0.39,5,209,4,0,0,0,product_mng,medium
0.47,0.68,4,101,4,0,0,0,technical,low
0.37,0.83,2,181,4,1,0,0,hr,medium
0.54,0.77,2,146,5,0,0,0,support,medium
0.62,0.72,6,183,4,0,0,0,technical,low
0.26,0.36,5,198,3,0,0,0,hr,low
0.45,0.65,3,260,7,0,0,0,hr,medium
0.28,0.69,6,255,7,0,0,0,IT,low
0.72,0.94,2,192,9,0,0,0,marketing,medium
0.49,0.36,6,294,3,1,0,0,finance,low
0.23,0.93,4,283,5,0,0,0,IT,low
0.39,0.78,4,136,10,0,0,0,technical,high
0.31,0.59,5,188,3,0,0,0,finance,low
0.74,0.45,7,253,9,0,0,0,IT,medium
0.14,0.81,2,114,7,0,0,0,support,low
0.47,0.53,4,172,4,0,0,0,technical,medium
0.52,0.75,4,117,3,0,0,0,finance,medium
0.62,0.56,5,155,8,0,0,0,finance,low
0.08,0.58,2,252,4,1,0,0,finance,medium
0.61,0.72,3,137,4,0,0,0,product_mng,high
0.4,0.76,6,277,7,0,0,0,technical,medium
0.15,0.77,5,145,6,0,0,0,product_mng,medium
0.25,0.95,5,113,9,0,0,0,RandD,medium
0.43,0.77,7,103,2,0,0,0,support,medium
0.46,0.4,5,220,7,0,0,0,hr,medium
0.4,0.46,2,102,9,1,0,0,product_mng,low
0.54,0.6,5,280,8,0,1,0,RandD,medium
0.48,0.42,3,132,10,0,0,0,support,medium
0.71,0.82,4,257,4,0,0,0,sales,medium
0.38,0.66,3,200,9,0,0,0,product_mng,low
0.67,0.9,7,195,2,0,0,0,sales,low
0.21,0.66,6,297,4,0,0,0,product_mng,low
0.24,0.73,6,135,8,1,0,0,management,medium
0.26,0.36,7,130,5,0,1,0,RandD,low
0.67,0.89,5,228,6,0,1,0,hr,medium
0.17,0.65,3,185,9,1,0,0,technical,low
0.35,0.52,6,166,4,0,0,0,technical,low
0.02,0.45,3,230,9,0,0,0,IT,low
0.36,0.83,4,235,4,0,0,0,marketing,low
0.29,0.68,4,198,5,0,0,0,marketing,low
0.05,0.63,5,204,10,0,0,0,product_mng,low
0.52,0.83,3,217,7,0,0,0,IT,medium
0.54,0.43,2,263,4,0,0,0,product_mng,low
0.41,0.63,4,158,7,0,1,0,RandD,low
0.12,0.77,2,203,2,0,1,0,finance,low
0.51,0.84,2,137,3,0,1,0,support,low
0.46,0.72,5,201,7,0,0,0,product_mng,low
0.34,0.73,3,271,6,0,1,0,technical,medium
0.61,0.8,2,229,5,0,1,0,management,medium
0.27,0.46,4,231,3,0,0,0,sales,medium
0.32,0.58,5,232,10,1,1,0,support,medium
0.47,0.36,4,96,3,0,0,0,IT,high
0.49,0.52,4,151,2,0,0,0,marketing,low
0.39,0.82,6,134,6,0,0,0,RandD,low
0.61,0.43,3,296,2,0,0,0,product_mng,medium
0.08,0.99,2,256,6,0,0,0,IT,low
0.83,0.62,4,310,4,0,0,0,sales,medium
0.81,0.61,4,294,3,0,0,0,sales,low
0.55,0.45,5,157,2,0,1,0,IT,high
0.49,0.46,7,237,10,0,0,0,hr,medium
0.37,0.9,3,112,5,0,0,0,product_mng,low
0.18,0.46,6,198,4,0,0,0,technical,medium
0.62,0.8,3,146,8,0,0,0,management,low
0.22,0.71,3,229,5,0,0,0,technical,low
0.19,0.66,6,110,5,0,0,0,RandD,medium
0.8,0.7,7,203,4,0,0,0,sales,high
0.14,0.73,6,207,8,0,1,0,marketing,medium
0.22,0.79,4,159,4,1,0,0,marketing,medium
0.45,0.72,3,126,9,0,0,0,sales,high
0.3,0.88,5,134,5,0,0,0,management,low
0.59,0.56,4,271,10,1,0,0,marketing,medium
0.3,0.89,6,100,2,0,0,0,marketing,medium
0.24,0.69,7,261,2,1,0,0,sales,low
0.08,0.68,2,124,8,0,0,0,IT,high
0.55,0.46,7,231,2,0,0,0,management,low
0.72,0.52,4,135,3,0,0,0,marketing,medium
0.53,0.6,3,254,9,0,0,0,hr,low
0.67,0.58,6,206,8,1,1,0,support,low
0.06,0.78,4,210,10,0,1,0,marketing,low
0.44,0.55,4,253,3,0,0,0,IT,low
0.3,0.36,2,255,9,0,0,0,sales,medium
0.67,0.69,4,159,5,0,0,0,finance,medium
0.94,0.49,6,134,5,0,0,0,finance,medium
0.13,0.59,5,96,4,0,0,0,sales,low
0.45,0.48,3,273,2,1,0,0,support,medium
0.71,0.9,7,115,3,1,0,0,sales,medium
0.05,0.36,3,137,9,1,1,0,management,medium
0.18,0.36,3,150,3,0,1,0,RandD,low
0.68,0.75,7,210,2,0,1,0,IT,low
0.77,0.36,4,110,8,0,0,0,product_mng,low
0.11,0.36,3,98,9,0,0,0,sales,low
0.54,0.51,3,99,7,0,1,0,management,high
0.31,0.81,2,202,3,0,0,0,RandD,low
0.23,0.56,6,241,10,0,0,0,support,high
0.57,0.86,4,235,9,0,0,0,product_mng,low
0.15,0.49,6,236,9,0,0,0,sales,low
0.16,0.72,7,114,2,0,1,0,support,medium
0.38,0.78,5,274,2,0,0,0,IT,low
0.45,0.36,2,179,8,0,1,0,hr,low
0.73,0.58,5,198,7,0,0,0,hr,medium
0.25,0.71,7,258,4,0,0,0,finance,low
0.21,0.36,2,281,9,0,0,0,management,low
0.29,0.55,5,168,4,1,0,0,RandD,low
0.28,0.9,2,209,10,0,1,0,product_mng,low
0.57,0.74,4,162,10,0,0,0,technical,medium
0.42,0.54,3,212,2,0,1,0,sales,medium
0.14,0.69,3,227,3,0,0,0,hr,medium
0.47,0.61,7,172,10,0,0,0,IT,low
0.16,0.64,3,105,6,0,1,0,marketing,medium
0.54,0.85,2,297,10,1,0,0,support,medium
0.06,0.65,3,141,5,0,0,0,finance,low
0.68,0.79,5,253,5,0,0,0,finance,low
0.17,0.72,4,284,8,0,0,0,support,high
0.55,0.88,7,294,10,0,0,0,technical,low
0.56,0.61,4,121,9,0,0,0,support,low
0.19,0.5,5,309,10,0,0,0,finance,medium
0.51,0.59,6,268,2,0,1,0,management,medium
0.55,0.54,5,137,5,0,0,0,management,low
0.26,0.63,7,145,3,0,0,0,RandD,medium
0.66,0.62,7,192,8,1,0,0,technical,medium
0.35,0.8,3,293,4,0,0,0,technical,low
0.11,0.76,2,106,10,0,0,0,technical,low
0.23,0.71,7,137,6,0,0,0,technical,low
0.3,0.58,2,246,3,0,0,0,management,low
0.19,0.94,2,152,6,0,1,0,technical,medium
0.12,0.88,4,140,8,0,1,0,finance,low
0.26,0.36,2,152,6,0,0,0,RandD,low
0.5,0.36,3,136,5,0,0,0,sales,medium
0.5,0.61,4,122,8,0,0,0,sales,low
0.22,0.72,4,199,7,0,0,0,product_mng,medium
0.15,0.78,6,241,5,0,0,0,RandD,medium
0.26,0.81,7,146,8,0,0,0,hr,low
0.4,0.68,4,254,2,0,1,0,RandD,medium
0.14,0.84,3,164,5,0,0,0,sales,medium
0.32,0.65,7,159,2,1,0,0,IT,low
0.37,0.83,3,255,9,0,0,0,product_mng,low
0.42,0.36,5,310,5,1,0,0,management,medium
0.37,0.36,4,253,2,1,0,0,product_mng,medium
0.74,0.65,4,217,9,0,0,0,finance,medium
0.65,0.53,7,307,7,0,0,0,product_mng,low
0.89,0.6,3,232,3,0,0,0,IT,low
0.16,0.36,7,158,3,1,0,0,support,medium
0.13,0.36,7,289,9,0,0,0,sales,high
0.39,0.92,4,170,2,0,0,0,hr,medium
0.18,0.92,2,239,7,0,1,0,management,low
0.45,0.76,7,102,6,0,0,0,RandD,low
0.28,0.39,6,195,2,0,0,0,finance,low
0.1,0.51,4,145,9,0,0,0,support,medium
0.52,0.57,2,250,4,0,0,0,sales,low
0.75,0.81,5,267,2,0,0,0,marketing,low
0.33,0.96,5,158,8,0,0,0,RandD,medium
0.37,0.62,5,263,5,0,1,0,finance,low
0.44,0.61,6,139,6,0,0,0,hr,medium
0.45,0.78,4,300,5,0,1,0,support,low
0.68,0.58,4,235,3,0,0,0,marketing,medium
0.41,0.83,3,179,10,0,0,0,marketing,medium
0.88,0.61,7,209,3,0,0,0,management,low
0.55,0.36,2,261,8,1,0,0,hr,low
0.14,0.38,2,176,2,0,0,0,IT,medium
0.29,0.36,6,258,10,0,0,0,sales,low
0.23,0.47,2,244,8,0,0,0,RandD,low
0.9,0.42,5,259,8,0,0,0,marketing,medium
0.31,0.9,3,142,9,0,0,0,finance,low
0.67,0.61,3,212,2,0,0,0,sales,low
0.17,0.76,6,176,3,0,0,0,marketing,medium
0.4,0.52,3,195,2,0,1,0,finance,medium
0.29,0.72,2,102,4,0,1,0,technical,low
0.72,0.36,6,147,7,0,1,0,product_mng,low
0.17,0.54,2,174,9,0,1,0,hr,low
0.17,0.55,2,249,10,0,0,0,marketing,medium
0.18,0.71,3,177,9,0,1,0,support,medium
0.25,0.86,3,196,4,0,0,0,hr,medium
0.3,0.36,5,138,2,0,0,0,IT,medium
0.48,0.91,5,287,8,0,1,0,sales,high
0.52,0.4,2,235,3,0,0,0,marketing,low
0.22,0.58,6,285,8,0,0,0,marketing,medium
0.35,0.5,7,140,6,0,0,0,sales,medium
0.75,0.72,4,247,3,0,0,0,marketing,low
0.68,0.56,4,111,6,0,1,0,IT,medium
0.09,0.86,4,119,3,0,0,0,sales,medium
0.12,0.88,3,280,5,0,0,0,RandD,medium
0.2,0.59,2,229,7,0,0,0,technical,low
0.43,0.85,6,221,10,0,1,0,support,low
0.31,0.75,7,248,9,0,0,0,RandD,low
0.19,0.36,3,187,6,0,1,0,IT,low
0.13,0.75,4,114,4,0,1,1,management,medium
0.5,0.75,3,250,3,1,0,0,marketing,low
0.48,0.46,7,134,3,1,1,0,sales,low
0.5,0.36,3,229,9,0,0,0,sales,low
0.29,0.55,6,113,9,0,1,0,product_mng,low
0.7,0.9,7,160,2,0,1,0,finance,low
0.32,0.49,7,278,3,0,1,0,management,low
0.55,0.47,7,262,5,0,0,0,support,low
0.24,0.55,6,283,5,0,1,0,IT,medium
0.45,0.69,4,298,4,0,0,0,support,medium
0.71,0.36,6,296,7,0,0,0,support,medium
0.47,0.82,2,289,3,0,1,0,hr,low
0.48,0.82,5,211,2,1,0,0,finance,medium
0.23,0.51,3,196,9,0,0,0,RandD,low
0.67,0.49,2,295,6,0,1,0,finance,medium
0.46,0.65,2,293,6,0,1,0,hr,low
0.24,0.7,6,293,4,0,1,0,RandD,low
0.35,0.56,3,309,4,0,1,0,product_mng,medium
0.56,0.82,5,123,4,0,0,0,technical,low
0.63,0.64,5,293,8,0,0,0,product_mng,medium
0.66,0.78,3,291,7,1,1,0,hr,low
0.16,0.65,5,120,2,0,0,0,support,low
0.37,0.62,7,216,9,0,1,0,management,medium
0.32,0.78,3,181,9,0,0,0,support,medium
0.24,0.71,2,280,3,0,1,0,technical,low
0.51,0.87,7,113,7,0,0,0,management,low
0.75,0.36,4,296,3,0,0,0,RandD,medium
0.31,0.43,4,110,10,0,0,0,RandD,low
0.23,0.73,4,200,4,0,0,0,RandD,medium
0.54,0.95,7,210,5,0,0,0,finance,low
0.36,0.41,6,252,7,0,0,0,support,medium
0.09,0.85,3,130,7,0,0,0,product_mng,low
0.11,0.68,7,185,5,0,0,0,management,low
0.34,0.62,5,205,8,0,1,0,technical,low
0.25,0.73,3,132,6,0,0,0,management,low
0.23,0.71,3,118,3,0,0,0,technical,low
0.33,0.36,7,267,2,0,1,0,product_mng,medium
0.24,0.77,6,148,10,0,0,0,IT,low
0.25,0.36,3,263,4,0,0,0,support,low
0.12,0.87,7,217,6,0,1,0,IT,high
0.44,0.36,7,137,2,1,0,0,support,medium
0.76,0.36,6,279,10,0,1,0,management,medium
0.03,0.73,4,309,5,0,0,0,management,medium
0.33,0.69,3,307,6,0,0,0,support,medium
0.38,0.47,7,192,8,0,0,0,finance,medium
0.48,0.38,4,253,9,0,1,1,product_mng,low
0.15,0.36,6,180,8,1,0,0,sales,medium
0.36,0.47,2,143,4,0,0,0,hr,medium
0.44,0.36,3,205,9,0,1,0,management,high
0.62,0.52,5,140,9,0,0,0,support,medium
0.37,0.9,4,176,8,0,0,0,sales,high
0.54,0.59,6,209,7,0,0,0,management,high
0.51,0.36,5,266,8,0,0,0,marketing,low
0.62,0.71,4,285,5,0,0,0,sales,low
0.37,0.69,3,107,8,0,0,0,management,low
0.08,0.42,6,188,5,0,0,0,finance,medium
0.66,0.57,4,102,2,1,0,0,IT,medium
0.12,0.42,6,185,3,0,0,0,support,medium
0.32,0.36,6,266,10,0,1,0,support,medium
0.56,0.94,3,232,4,0,0,0,sales,low
0.31,0.62,7,293,3,0,0,0,finance,medium
0.75,0.55,5,275,5,0,1,0,RandD,medium
0.28,0.43,2,306,3,0,0,0,management,medium
0.42,0.39,6,284,7,0,1,0,RandD,low
0.37,0.49,5,206,10,0,0,0,support,low
0.42,0.67,3,291,3,0,0,0,technical,low
0.18,0.42,5,191,8,0,0,0,support,low
0.54,0.48,3,274,10,0,1,0,support,high
0.36,0.74,6,110,8,0,0,0,sales,medium
0.58,0.52,6,226,10,0,0,0,sales,low
0.23,0.68,4,161,3,0,1,0,IT,low
0.62,0.37,3,137,3,1,1,0,RandD,medium
0.09,0.75,5,173,3,0,1,0,marketing,low
0.62,0.43,4,145,10,0,1,0,product_mng,high
0.33,0.74,6,114,4,0,0,0,technical,medium
0.38,0.64,2,268,4,0,0,0,finance,low
0.26,0.36,4,170,7,0,0,0,product_mng,low
0.4,0.74,5,210,8,0,0,0,marketing,low
0.18,0.67,2,244,4,0,0,0,support,medium
0.43,0.38,2,151,10,0,0,0,support,medium
0.31,0.53,6,308,4,0,0,0,RandD,low
0.46,0.5,4,279,3,0,1,0,sales,low
0.26,0.36,6,211,8,0,0,0,support,low
0.56,0.36,5,306,9,0,0,0,technical,low
0.79,0.95,3,145,8,0,0,0,sales,low
0.42,0.79,3,188,6,0,0,1,product_mng,low
0.47,0.68,4,133,8,0,1,0,management,high
0.22,0.88,4,103,10,0,1,0,marketing,low
0.36,0.65,3,135,4,0,0,0,management,low
0.31,0.48,2,127,4,1,0,0,RandD,high
0.57,0.8,6,213,6,0,0,0,finance,low
0.41,0.74,6,207,10,0,0,0,finance,low
0.11,0.68,7,218,3,0,0,0,IT,medium
0.26,0.67,4,150,10,0,1,0,IT,low
0.87,0.48,7,139,8,0,0,0,management,low
0.54,0.78,4,129,2,0,0,0,sales,medium
0.07,0.82,5,244,5,0,0,0,IT,low
0.58,0.41,6,115,2,1,0,0,marketing,low
0.26,0.36,3,250,2,0,0,0,IT,medium
0.56,0.39,2,145,2,1,0,0,product_mng,low
0.58,0.87,6,151,10,1,1,0,product_mng,low
0.3,0.89,5,118,7,0,0,0,hr,medium
0.62,0.64,7,212,2,0,0,0,support,medium
0.4,0.8,4,286,8,0,0,0,product_mng,medium
0.31,0.46,4,281,7,0,1,0,marketing,low
0.46,0.36,4,175,6,0,1,0,RandD,low
0.39,0.41,5,172,4,0,0,0,management,low
0.64,0.41,3,308,10,0,0,0,marketing,medium
0.29,0.68,3,102,8,0,0,0,management,low
0.2,0.9,2,184,5,0,0,0,hr,medium
0.66,1.0,3,175,10,1,0,0,support,low
0.54,0.74,7,180,2,0,0,0,RandD,low
0.4,0.73,2,124,9,0,0,0,finance,medium
0.27,0.36,3,144,3,1,0,0,IT,low
0.47,0.62,5,259,4,0,0,0,RandD,medium
0.36,0.74,4,125,2,0,1,0,technical,medium
0.53,0.65,6,308,9,0,0,0,finance,low
0.16,0.91,7,257,4,1,0,0,product_mng,low
0.52,0.7,7,276,6,0,0,0,hr,low
0.51,0.46,6,272,10,0,1,0,RandD,medium
0.39,0.5,5,123,6,0,1,0,support,low
0.31,0.79,6,179,8,0,1,0,RandD,low
0.26,0.59,5,98,6,0,0,0,sales,low
0.21,0.36,7,247,8,0,0,0,sales,medium
0.57,0.44,3,173,10,0,1,0,RandD,low
0.54,0.96,5,115,2,0,1,0,management,low
0.46,0.99,4,103,9,0,1,0,support,low
0.7,0.74,2,113,8,1,0,0,technical,medium
0.4,0.71,6,144,5,0,0,0,marketing,high
0.39,0.45,7,240,6,0,0,0,management,low
0.35,0.61,4,159,5,0,0,0,product_mng,low
0.47,0.54,5,211,9,0,0,0,finance,low
0.63,0.62,6,99,4,0,0,0,IT,low
0.29,0.6,6,246,3,0,0,0,marketing,low
0.44,0.61,5,145,6,0,0,0,hr,low
0.27,0.36,5,299,7,0,0,0,sales,medium
0.35,0.5,4,257,7,1,0,0,support,low
0.14,0.53,6,273,7,0,1,0,technical,low
0.13,0.46,6,96,7,0,0,0,hr,low
0.4,0.36,2,130,5,0,0,0,technical,medium
0.4,0.48,2,244,6,0,0,0,marketing,low
0.3,0.83,5,209,3,1,0,0,marketing,medium
0.5,0.43,3,130,5,0,1,0,hr,medium
0.33,0.74,3,310,6,1,0,1,IT,medium
0.35,0.45,2,302,6,0,1,0,product_mng,low
0.19,0.36,4,118,3,0,0,0,hr,low
0.45,0.63,4,282,9,0,0,0,hr,medium
0.63,0.93,7,160,8,0,0,0,finance,low
0.42,0.55,7,254,3,0,0,0,sales,low
0.24,0.66,5,122,5,0,0,0,finance,medium
0.35,0.51,2,310,9,0,0,0,hr,low
0.26,0.67,6,179,10,0,0,0,technical,low
0.41,0.66,4,255,5,0,0,0,hr,low
0.23,0.69,4,204,5,0,0,0,management,medium
0.33,0.47,6,307,4,0,0,1,technical,low
0.57,0.86,2,251,9,0,0,0,support,low
0.3,0.49,4,117,6,0,0,0,RandD,high
0.26,0.45,7,100,2,0,0,0,IT,high
0.41,0.36,4,226,4,0,0,0,management,medium
0.68,0.46,3,206,8,0,0,0,product_mng,low
0.69,0.4,4,192,2,0,0,0,technical,low
0.23,0.94,7,196,7,1,1,0,IT,medium
0.54,0.76,6,176,5,0,1,0,IT,medium
0.22,0.36,4,285,3,0,0,0,finance,low
0.65,0.68,2,274,10,0,0,0,marketing,medium
0.8,0.69,7,194,5,0,1,0,RandD,low
0.57,0.87,3,170,6,0,0,0,IT,low
0.51,0.57,6,195,5,0,0,0,support,medium
0.32,0.85,7,296,5,1,0,0,RandD,low
0.41,0.45,7,143,2,0,1,0,RandD,medium
0.75,0.64,4,162,4,0,0,0,support,medium
0.35,0.41,6,198,3,1,1,1,hr,low
0.09,0.71,2,246,2,0,0,0,support,low
0.43,0.36,2,154,8,0,0,0,finance,low
0.45,0.36,7,102,6,0,0,0,finance,low
0.11,0.54,4,146,5,0,1,0,marketing,low
0.03,0.77,4,234,8,0,0,0,management,low
0.29,0.72,6,281,9,0,1,0,IT,low
0.16,0.72,6,264,6,0,0,0,sales,low
0.19,0.36,4,142,10,1,0,0,hr,low
0.29,0.64,2,197,6,0,0,0,hr,medium
0.35,0.49,5,280,5,1,0,0,sales,low
0.54,0.85,5,222,6,0,0,0,IT,low
0.55,0.79,3,265,6,0,1,0,product_mng,low
0.29,0.61,2,178,6,0,0,0,support,low
0.5,0.88,2,169,4,1,0,0,IT,low
0.27,0.8,2,200,7,0,1,0,hr,high
0.65,0.76,7,251,5,0,0,1,technical,low
0.55,0.58,7,141,5,0,1,0,support,low
0.15,0.38,3,296,6,1,1,0,support,low
0.38,0.67,4,292,2,0,1,0,support,low
0.15,0.82,7,206,9,0,0,0,technical,medium
0.47,0.86,6,178,3,0,0,0,RandD,low
0.9,0.67,3,238,9,0,0,0,RandD,medium
0.24,0.67,4,143,7,1,1,0,marketing,medium
0.42,0.67,6,156,2,0,0,0,sales,low
0.4,0.88,4,273,7,0,0,0,marketing,low
0.26,0.81,4,209,3,0,0,0,RandD,medium
0.52,0.42,5,269,2,1,0,0,management,medium
0.91,0.65,2,148,10,0,1,0,marketing,low
0.32,0.6,5,122,9,0,0,0,IT,low
0.31,0.95,3,210,2,0,0,0,product_mng,medium
0.7,0.46,6,160,8,0,1,0,IT,medium
0.34,0.44,5,277,10,0,0,0,finance,low
0.48,0.36,5,123,8,0,1,0,technical,medium
0.14,0.77,7,227,9,0,0,0,product_mng,low
0.33,0.73,4,108,10,1,0,0,support,medium
0.12,0.57,5,283,5,1,0,0,technical,medium
0.26,0.64,3,154,10,0,1,0,RandD,medium
0.26,0.78,2,174,6,0,0,0,technical,low
0.45,0.36,5,158,9,0,0,0,hr,low
0.56,0.73,6,139,10,0,1,0,management,low
0.47,0.99,6,210,10,0,0,0,sales,low
0.08,0.37,4,107,10,0,1,0,finance,low
0.21,0.89,5,140,9,0,0,0,finance,low
0.32,0.55,3,235,10,0,0,0,sales,medium
0.4,0.75,6,200,2,0,1,0,technical,medium
0.07,0.36,3,127,3,0,0,0,RandD,medium
0.67,0.36,5,148,5,0,0,0,RandD,medium
0.27,0.63,2,305,2,0,0,0,technical,low
0.22,0.81,5,159,7,0,1,0,management,low
0.42,0.5,6,126,2,0,0,0,marketing,low
0.11,0.58,6,299,4,0,0,0,finance,low
0.15,0.46,4,241,7,0,0,0,finance,medium
0.39,0.55,5,229,6,0,0,0,hr,low
0.38,0.51,5,226,2,0,1,0,RandD,low
0.63,0.88,6,236,8,0,0,0,management,low
0.1,0.47,4,156,10,0,0,0,IT,low
0.7,0.66,5,165,9,0,0,0,sales,medium
0.36,0.77,2,107,7,0,1,0,hr,medium
0.27,0.62,7,230,6,0,0,0,marketing,low
0.35,0.73,4,308,7,0,1,0,finance,high
0.75,0.64,2,277,6,0,0,0,sales,high
0.33,0.83,3,227,4,0,0,0,IT,medium
0.48,0.6,5,191,8,0,1,0,RandD,medium
0.15,0.58,5,235,2,0,0,0,support,low
0.29,0.82,2,213,8,0,1,0,technical,low
0.59,0.5,7,284,8,0,1,0,IT,medium
0.25,0.5,4,220,3,0,1,0,hr,low
0.55,0.65,3,166,6,0,0,0,finance,low
0.34,0.36,5,138,3,0,0,0,product_mng,low
0.78,0.98,3,125,7,0,1,0,IT,medium
0.73,0.6,2,200,10,0,0,0,product_mng,low
0.48,0.39,6,146,8,0,0,0,sales,high
0.15,0.55,4,242,5,0,0,0,sales,medium
0.07,0.72,4,192,2,0,0,0,marketing,low
0.13,0.73,4,124,8,0,0,0,sales,medium
0.26,0.66,3,140,8,0,1,0,finance,medium
0.57,0.43,5,299,4,0,0,0,RandD,medium
0.2,0.36,4,244,4,0,0,0,marketing,medium
0.46,0.73,2,216,10,0,1,0,sales,low
0.28,0.73,5,162,10,0,0,0,IT,low
0.45,0.77,2,201,4,1,1,0,hr,low
0.42,0.72,5,118,10,0,1,0,management,medium
0.27,0.73,7,301,10,0,0,0,RandD,low
0.1,0.96,3,286,6,0,0,0,RandD,medium
0.3,0.42,6,284,7,1,0,0,hr,medium
0.45,0.73,4,284,6,0,0,0,technical,medium
0.32,0.48,2,310,9,0,0,0,finance,low
0.19,0.55,2,171,10,0,0,0,sales,medium
0.28,0.36,3,113,3,0,1,0,RandD,high
0.72,0.56,3,140,10,0,0,0,product_mng,low
0.48,0.36,7,121,9,0,1,0,product_mng,medium
0.36,0.54,6,112,7,0,0,0,product_mng,medium
0.14,0.4,2,114,7,0,1,0,technical,low
0.53,0.36,7,200,8,0,1,0,product_mng,medium
0.57,0.83,5,218,8,0,1,0,product_mng,low
0.58,0.63,6,112,9,0,1,0,RandD,low
0.33,0.36,2,296,4,0,0,0,IT,medium
0.79,0.57,5,235,5,1,1,0,finance,low
0.52,0.8,6,264,9,0,0,0,hr,medium
0.25,0.77,7,230,8,0,0,0,technical,high
0.22,0.75,4,206,10,0,0,0,IT,medium
0.3,0.66,5,289,9,0,0,0,marketing,low
0.32,0.76,2,226,7,0,0,0,RandD,low
0.21,0.78,6,222,2,0,0,0,support,low
0.64,0.68,4,148,6,0,0,0,RandD,low
0.21,0.53,3,259,5,0,0,0,marketing,medium
0.41,0.84,7,296,9,1,0,0,hr,low
0.53,0.58,3,277,4,0,0,0,support,high
0.33,0.8,7,135,10,0,1,0,RandD,medium
0.43,0.76,6,205,8,0,0,0,product_mng,low
0.62,0.57,4,292,6,0,0,0,hr,low
0.09,0.44,6,118,3,0,0,0,sales,medium
0.23,0.52,7,101,6,1,0,0,technical,medium
0.66,0.7,4,264,9,1,1,0,technical,medium
0.05,0.48,7,258,10,0,0,0,marketing,medium
0.55,0.66,4,128,2,1,0,0,marketing,medium
0.82,0.36,3,245,10,1,0,0,product_mng,low
0.08,0.74,5,204,9,1,0,0,management,medium
0.22,0.85,6,227,2,0,1,0,sales,medium
0.64,0.76,4,210,5,0,1,0,product_mng,low
0.24,0.5,2,131,5,0,0,0,product_mng,medium
0.29,0.55,3,282,2,0,0,0,marketing,medium
0.51,0.37,2,132,9,0,0,0,hr,low
0.36,0.39,4,179,2,0,0,0,technical,low
0.23,0.75,4,153,3,0,0,0,management,low
0.34,0.72,5,127,4,1,0,0,support,medium
0.12,0.95,3,194,8,0,1,0,RandD,medium
0.07,0.63,7,238,10,0,0,0,RandD,low
0.43,0.38,3,209,4,0,1,0,hr,high
0.33,0.95,3,283,5,0,0,0,technical,medium
0.08,0.49,6,243,2,0,0,0,hr,low
0.22,0.82,3,246,10,0,0,0,technical,medium
0.16,0.86,5,193,3,0,0,0,product_mng,medium
0.62,0.91,6,117,2,0,0,0,product_mng,medium
0.12,0.92,2,213,3,0,0,0,marketing,low
0.53,0.46,6,231,9,1,0,0,IT,medium
0.33,0.59,2,104,6,0,0,0,finance,low
0.43,0.69,4,162,8,1,0,0,technical,low
0.44,0.64,2,138,10,0,0,0,IT,low
0.24,0.73,3,242,10,0,1,0,sales,low
0.73,0.72,2,108,5,0,1,0,RandD,medium
0.28,0.77,3,213,7,0,1,0,RandD,medium
0.37,0.74,6,189,7,0,0,0,finance,low
0.17,0.64,2,134,6,1,1,0,support,low
0.5,0.75,4,123,6,0,0,0,marketing,medium
0.09,0.36,3,182,10,1,1,0,sales,medium
0.34,0.75,2,204,8,1,0,0,RandD,low
0.37,0.58,6,202,10,0,0,0,product_mng,medium
0.26,0.48,3,258,9,0,1,0,IT,low
0.43,0.64,2,279,3,0,0,0,technical,medium
0.63,0.57,3,282,3,0,0,0,technical,low
0.02,0.42,5,194,4,0,0,0,technical,low
0.44,0.93,5,120,4,1,1,0,technical,low
0.55,0.4,6,159,3,0,0,0,hr,low
0.14,0.8,4,188,4,0,0,0,marketing,medium
0.37,0.36,7,207,8,0,0,0,marketing,medium
0.24,0.92,5,305,9,0,0,1,management,medium
0.6,0.54,6,214,5,0,0,0,support,low
0.24,0.36,5,268,5,0,1,0,technical,medium
0.45,0.49,6,129,5,0,0,0,product_mng,medium
0.4,0.75,4,139,3,0,0,0,management,low
0.46,0.55,5,170,4,0,1,0,marketing,medium
0.51,0.45,5,148,5,0,0,0,sales,low
0.38,0.51,2,211,6,0,1,0,RandD,medium
0.43,0.46,6,216,6,0,1,0,support,medium
0.54,0.67,3,193,2,0,0,0,support,medium
0.48,0.55,6,102,7,0,0,0,IT,medium
0.6,0.76,7,110,2,1,0,0,sales,medium
0.15,0.72,7,138,10,0,1,0,finance,high
0.44,0.36,6,307,7,1,0,0,support,low
0.19,0.36,5,133,5,1,0,0,technical,low
0.58,0.67,5,173,10,1,1,0,sales,low
0.18,0.94,6,297,3,0,1,0,RandD,medium
0.62,0.77,6,264,8,0,0,0,hr,low
0.39,0.41,6,251,8,0,0,0,product_mng,medium
0.6,0.51,7,239,3,0,0,0,hr,low
0.71,0.57,4,246,4,1,0,0,RandD,medium
0.38,0.66,5,276,5,0,0,0,marketing,medium
0.33,0.58,3,220,6,1,0,0,finance,low
0.45,0.74,3,190,7,0,0,0,IT,medium
0.43,0.46,3,119,2,0,0,0,RandD,low
0.36,0.87,3,216,10,0,0,0,technical,medium
0.63,0.71,3,147,10,0,0,0,finance,medium
0.58,0.6,3,274,8,1,0,0,marketing,low
0.16,0.65,4,96,8,0,0,0,support,medium
0.62,0.57,2,293,9,0,0,0,product_mng,medium
0.05,0.75,3,103,8,0,0,0,IT,medium
0.24,0.42,4,125,7,1,0,0,technical,medium
0.46,0.49,4,304,10,0,1,0,sales,low
0.17,0.36,7,133,4,0,0,0,finance,low
0.41,0.6,4,295,7,0,0,0,support,low
0.57,0.92,3,185,4,0,0,0,technical,medium
0.6,0.68,5,184,8,0,0,0,IT,low
0.36,0.62,2,204,6,0,0,0,hr,medium
0.43,0.48,2,135,7,0,0,0,RandD,low
0.74,0.63,2,285,9,0,0,0,technical,low
0.21,0.75,3,116,10,0,0,0,finance,medium
0.49,0.36,3,100,4,0,1,0,marketing,high
0.29,0.68,7,160,4,0,0,0,RandD,high
0.48,0.96,6,154,9,1,0,0,IT,medium
0.72,0.49,7,222,7,0,0,0,finance,low
0.19,0.36,4,297,9,0,0,0,RandD,medium
0.31,0.36,3,98,3,0,1,0,sales,medium
0.35,0.53,2,310,5,0,0,1,management,medium
0.17,0.78,2,209,6,0,0,0,management,medium
0.09,0.37,3,205,8,0,0,0,management,medium
0.61,0.61,3,199,2,0,0,0,finance,low
0.35,0.55,5,157,5,1,0,0,technical,medium
0.66,0.54,7,189,9,0,0,0,marketing,medium
0.51,0.76,6,229,4,0,1,0,product_mng,medium
0.21,0.73,3,128,3,0,0,0,management,medium
0.22,0.78,7,217,4,0,0,0,sales,medium
0.29,0.62,3,158,7,0,1,0,marketing,low
0.27,0.55,6,129,3,1,0,0,product_mng,low
0.43,0.74,6,281,3,0,0,0,support,medium
0.07,0.98,2,251,2,0,0,0,finance,medium
0.48,0.38,7,229,5,0,0,0,technical,low
0.78,0.61,4,167,4,0,0,0,management,low
0.57,0.36,7,107,5,0,0,0,product_mng,low
0.48,0.59,3,131,7,0,1,0,management,low
0.16,0.68,3,100,8,0,0,0,support,medium
0.4,0.62,5,189,3,0,0,0,hr,low
0.44,0.8,5,219,5,0,0,0,RandD,low
0.44,0.36,6,161,6,0,0,0,hr,high
0.56,0.4,6,256,3,1,0,0,sales,low
0.41,0.56,6,290,4,0,0,0,IT,low
0.68,0.36,2,191,9,0,0,0,IT,medium
0.82,0.92,6,215,5,0,0,0,management,medium
0.65,0.7,5,105,10,0,0,0,support,medium
0.28,0.7,7,238,7,0,0,0,hr,medium
0.28,0.81,2,293,6,0,0,0,finance,high
0.72,0.56,4,210,9,0,0,0,management,low
0.46,0.74,2,187,6,0,0,0,IT,low
0.16,0.62,5,270,6,0,1,0,finance,low
0.12,0.45,2,117,9,0,0,0,technical,low
0.5,0.77,7,261,10,1,1,1,management,high
0.21,0.82,3,240,10,0,0,0,sales,medium
0.14,0.36,3,119,3,0,0,0,sales,low
0.37,0.81,3,157,2,0,0,0,product_mng,medium
0.35,0.36,2,298,6,0,0,0,product_mng,high
0.63,0.4,4,179,2,0,0,0,technical,medium
0.51,0.36,2,214,2,0,1,0,technical,medium
0.43,0.61,7,142,8,0,0,0,product_mng,low
0.18,0.45,4,169,3,0,0,0,finance,medium
0.7,0.63,5,271,10,1,0,0,product_mng,medium
0.62,0.69,7,310,3,1,0,0,product_mng,low
0.84,0.37,4,157,5,0,0,0,technical,medium
0.56,0.72,7,307,2,0,0,0,marketing,high
0.33,0.89,5,146,3,0,0,0,product_mng,low
0.23,0.58,5,154,2,0,0,1,marketing,low
0.51,0.8,4,126,5,0,0,0,product_mng,high
0.57,0.72,5,273,5,0,1,0,hr,low
0.08,0.85,7,279,8,0,0,0,RandD,low
0.36,0.75,5,128,4,1,0,0,sales,low
0.08,0.93,5,220,9,0,0,0,management,low
0.36,0.36,3,225,4,0,0,0,product_mng,medium
0.62,0.83,7,157,8,1,0,0,sales,low
0.55,0.93,6,193,10,0,0,0,RandD,low
0.05,0.82,7,228,8,0,0,0,hr,medium
0.46,0.49,2,168,3,0,0,0,RandD,medium
0.15,0.72,5,304,10,0,0,0,marketing,low
0.18,0.54,4,184,6,1,0,0,IT,medium
0.52,0.48,2,109,6,0,0,0,technical,low
0.32,0.36,3,281,8,1,1,0,hr,medium
0.15,0.82,7,120,6,0,0,0,marketing,low
0.39,0.7,6,255,4,1,0,0,RandD,medium
0.42,0.39,7,200,2,0,0,0,product_mng,medium
0.14,0.81,6,148,9,0,0,0,RandD,medium
0.4,0.86,6,205,9,1,0,0,marketing,low
0.43,0.6,6,233,5,0,1,0,support,medium
0.59,0.89,4,116,3,0,0,0,support,low
0.7,0.46,6,303,6,0,1,0,support,medium
0.36,0.98,5,278,5,0,0,0,technical,medium
0.5,0.55,5,103,2,1,0,0,support,medium
0.32,0.85,4,192,8,0,0,0,product_mng,low
0.38,0.36,7,257,9,0,0,0,finance,medium
0.6,0.38,4,146,2,0,0,0,product_mng,medium
0.62,0.7,2,174,10,0,0,0,product_mng,medium
0.49,0.75,3,184,8,0,0,0,sales,low
0.65,0.73,7,248,2,0,0,0,technical,medium
0.38,0.73,5,279,10,0,0,0,finance,medium
0.18,0.62,2,113,6,0,0,0,hr,low
0.36,0.69,2,243,5,1,0,0,IT,medium
0.36,0.88,5,195,2,0,0,0,technical,low
0.47,0.84,5,187,3,1,0,0,marketing,medium
0.27,0.8,6,237,9,0,0,0,marketing,medium
0.44,0.51,2,275,2,0,1,0,RandD,low
0.36,0.36,5,261,7,0,0,0,sales,medium
0.54,0.5,3,234,5,0,1,0,product_mng,medium
0.38,0.43,3,222,6,0,1,0,marketing,high
0.02,0.7,5,123,10,0,1,0,IT,low
0.35,0.66,5,302,5,1,0,0,IT,medium
0.3,0.65,6,253,2,0,0,0,support,medium
0.85,0.71,5,100,4,0,1,0,product_mng,low
0.63,0.88,5,291,5,1,0,0,management,low
0.35,0.72,4,166,10,0,0,0,technical,low
0.56,0.81,4,262,8,0,0,0,management,medium
0.21,0.84,2,263,3,1,0,0,IT,low
0.29,0.54,4,258,5,0,0,0,product_mng,medium
0.39,0.44,7,226,6,0,0,0,sales,low
0.81,0.47,6,187,9,0,0,0,hr,low
0.16,0.74,3,132,7,0,0,0,product_mng,low
0.57,0.72,5,163,5,1,0,0,sales,low
0.51,0.49,7,153,9,0,0,0,finance,low
0.23,0.86,5,209,10,0,0,0,finance,medium
0.72,0.61,6,106,4,0,0,0,management,medium
0.52,0.71,7,99,7,0,0,0,RandD,high
0.51,0.81,7,163,2,0,0,0,IT,low
0.48,0.43,7,267,7,0,0,0,product_mng,medium
0.53,0.36,4,185,10,0,0,0,sales,low
0.24,0.9,5,273,10,0,0,0,technical,low
0.52,0.36,7,168,10,1,0,0,finance,high
0.66,0.66,7,172,4,0,0,0,management,low
0.26,0.65,2,275,7,0,1,0,marketing,medium
0.55,0.78,2,174,4,0,0,0,technical,low
0.3,0.4,7,202,2,0,0,0,management,low
0.41,0.83,5,250,2,0,0,0,hr,medium
0.22,0.36,6,104,3,0,0,0,RandD,low
0.24,0.52,4,113,7,0,0,0,support,low
0.32,0.95,4,233,7,0,1,0,RandD,medium
0.4,0.46,3,261,8,0,0,0,technical,low
0.22,0.42,7,259,9,0,0,0,product_mng,medium
0.47,0.56,2,133,10,0,0,0,hr,medium
0.2,0.67,4,264,10,0,1,0,RandD,high
0.45,0.84,3,105,5,0,1,0,IT,low
0.52,0.49,5,230,8,0,1,0,marketing,medium
0.28,0.71,7,174,5,0,0,0,finance,medium
0.64,0.85,6,234,8,0,1,0,hr,medium
0.38,0.36,3,287,9,0,0,0,IT,low
0.39,0.37,7,138,9,0,0,0,hr,low
0.57,0.99,5,233,6,0,0,0,support,high
0.51,0.66,5,228,5,0,1,0,marketing,medium
0.43,0.47,2,178,6,0,0,0,product_mng,medium
0.12,0.53,3,255,3,0,0,0,product_mng,low
0.46,0.36,7,300,3,0,1,0,hr,low
0.08,0.42,7,264,4,0,1,0,IT,medium
0.21,0.36,2,167,2,0,0,0,support,medium
0.16,0.46,3,146,5,0,0,0,support,medium
0.5,0.52,3,234,10,0,1,0,technical,low
0.3,0.63,2,225,6,0,0,0,RandD,medium
0.48,0.39,4,269,6,0,1,0,support,low
0.18,0.49,2,299,5,0,0,0,sales,medium
0.28,0.66,6,157,8,0,0,0,support,low
0.19,0.77,2,240,9,0,1,0,IT,medium
0.69,0.86,2,105,6,1,0,0,hr,medium
0.23,0.58,3,107,8,0,0,0,sales,low
0.25,0.36,2,219,8,0,0,0,management,medium
0.63,0.36,7,266,4,0,1,0,technical,low
0.45,0.69,4,273,7,0,0,0,RandD,low
0.45,0.36,2,260,5,0,1,0,marketing,low
0.25,0.63,6,131,5,0,1,0,IT,low
0.48,0.77,4,140,8,0,0,0,product_mng,medium
0.3,0.68,7,269,10,0,1,0,technical,medium
0.47,0.66,5,176,10,0,0,0,sales,low
0.57,0.85,2,259,7,0,0,0,product_mng,medium
0.41,0.39,3,265,3,0,0,0,IT,low
0.73,0.79,7,191,6,0,0,0,RandD,low
0.52,0.45,4,244,5,0,1,0,marketing,medium
0.37,0.72,5,183,3,0,0,0,sales,medium
0.79,0.62,6,180,9,1,0,0,finance,medium
0.1,0.54,6,228,8,0,0,0,RandD,medium
0.29,0.72,4,266,7,0,1,0,technical,medium
0.48,0.36,5,191,4,0,0,0,sales,low
0.47,0.78,6,271,2,0,0,0,product_mng,low
0.04,0.45,4,149,9,0,0,0,support,medium
0.32,0.51,4,110,9,0,0,0,hr,medium
0.5,0.7,3,254,8,0,0,0,hr,low
0.43,0.71,3,114,6,0,0,0,IT,low
0.65,0.42,2,287,4,0,0,0,marketing,low
0.3,0.84,4,297,8,0,0,0,sales,low
0.71,0.77,6,168,8,0,1,0,RandD,medium
0.33,0.36,2,211,3,1,0,0,RandD,low
0.58,0.43,2,234,10,0,0,0,sales,low
0.26,0.76,6,247,3,0,0,0,technical,medium
0.82,0.39,6,291,7,0,0,0,support,low
0.32,0.75,4,157,4,1,1,0,hr,medium
0.66,0.46,2,143,2,0,0,0,management,low
0.4,0.53,5,273,4,1,1,0,hr,low
0.77,0.79,5,190,2,0,0,0,technical,low
0.21,0.73,4,247,2,0,0,0,product_mng,medium
0.55,0.46,4,161,8,0,1,0,finance,low
0.79,0.7,6,101,3,0,0,0,marketing,low
0.42,0.36,6,128,5,0,1,0,RandD,low
0.47,0.66,4,279,2,0,0,0,IT,medium
0.34,0.47,7,146,5,0,0,0,technical,low
0.07,0.42,5,162,6,0,0,0,finance,low
0.11,0.47,7,259,6,0,0,0,finance,medium
0.6,0.6,2,256,2,1,0,0,technical,low
0.33,0.86,3,99,9,1,0,0,support,high
0.23,0.62,2,261,4,0,1,0,finance,medium
0.95,0.72,3,102,10,0,0,0,finance,low
0.14,0.36,3,136,7,1,0,0,sales,medium
0.3,0.46,5,293,4,0,0,0,RandD,medium
0.03,0.94,5,214,3,0,0,0,hr,medium
0.16,0.6,2,167,3,0,0,0,technical,medium
0.69,0.86,4,234,7,0,0,0,product_mng,low
0.34,0.84,5,214,10,0,0,0,management,medium
0.57,0.62,2,100,2,0,0,0,sales,low
0.64,0.67,7,171,8,0,0,0,hr,high
0.28,0.73,6,223,3,0,0,0,finance,low
0.13,0.63,5,254,9,0,1,0,IT,low
0.37,0.36,5,179,5,0,1,0,sales,low
0.5,0.62,7,238,4,0,0,0,management,medium
0.49,0.45,6,160,7,0,0,0,management,medium
0.85,0.59,6,276,7,0,0,0,sales,low
0.84,0.82,7,222,8,0,0,0,hr,low
0.49,0.9,7,129,8,1,0,0,hr,low
0.32,0.45,3,182,8,0,0,0,finance,low
0.22,0.98,7,185,3,0,0,0,management,medium
0.71,0.36,3,177,2,0,0,0,finance,medium
0.25,0.79,7,229,10,0,1,0,product_mng,medium
0.55,0.64,3,282,9,0,0,0,technical,medium
0.54,0.72,2,134,4,0,0,0,sales,medium
0.25,0.6,3,182,3,0,0,0,IT,low
0.47,0.78,3,214,3,0,0,0,technical,low
0.34,0.42,5,165,2,0,0,0,IT,medium
0.27,0.36,6,139,2,0,0,0,IT,medium
0.23,0.36,2,113,4,0,0,0,technical,low
0.49,0.43,6,307,10,0,1,0,IT,low
0.27,0.55,7,213,9,0,0,0,finance,medium
0.27,0.36,3,273,3,0,1,0,product_mng,medium
0.28,0.77,7,222,5,1,0,0,management,medium
0.38,0.56,4,139,7,0,0,0,support,low
0.71,0.55,3,281,6,0,1,0,technical,medium
0.27,0.61,3,240,8,1,0,0,RandD,low
0.38,0.39,3,150,5,0,0,0,management,low
0.69,0.54,3,272,4,0,0,0,finance,high
0.3,0.66,6,131,2,0,0,0,technical,medium
0.21,0.85,2,272,7,0,0,0,hr,low
0.34,0.74,5,151,9,0,0,0,marketing,low
0.49,0.7,5,268,8,1,0,0,hr,low
0.27,0.55,3,155,2,1,0,0,IT,low
0.45,0.82,3,98,3,0,0,0,product_mng,medium
0.55,0.36,4,209,7,0,0,0,hr,medium
0.47,0.86,4,141,5,0,0,0,sales,low
0.06,0.36,7,155,2,1,1,0,finance,medium
0.69,0.51,5,128,8,0,0,0,RandD,medium
0.21,0.73,7,201,6,0,0,0,marketing,low
0.26,0.59,2,176,10,0,0,0,RandD,medium
0.46,0.78,3,121,4,0,0,0,IT,low
0.54,0.81,6,236,7,1,1,0,technical,low
0.82,0.85,7,310,4,0,0,0,finance,medium
0.2,0.46,5,125,10,1,0,0,RandD,low
0.49,0.52,4,291,7,0,0,1,marketing,high
0.55,0.44,2,295,2,0,1,0,hr,low
0.31,0.9,6,283,10,0,1,0,RandD,medium
0.69,0.36,2,103,9,0,1,0,sales,low
0.36,0.5,2,163,8,1,1,0,IT,medium
0.5,0.66,5,184,10,0,0,0,IT,high
0.71,0.92,2,174,3,0,1,0,support,medium
0.51,0.93,4,129,4,0,0,1,management,low
0.55,0.73,2,207,5,0,0,0,product_mng,low
0.05,0.66,2,281,5,1,1,0,marketing,low
0.2,0.62,3,256,3,0,0,0,technical,medium
0.49,0.43,4,219,6,0,0,1,marketing,medium
0.37,0.77,5,263,6,1,0,0,marketing,low
0.56,0.49,4,273,3,0,0,0,marketing,medium
0.19,0.39,7,145,10,0,0,0,RandD,medium
0.18,0.37,6,305,2,1,0,0,hr,medium
0.09,0.36,7,206,4,0,0,0,RandD,medium
0.76,0.8,2,276,7,0,0,0,IT,medium
0.69,0.75,3,238,3,0,0,0,support,low
0.19,0.66,2,99,3,0,0,0,hr,medium
0.42,0.72,3,293,7,0,1,0,finance,low
0.34,0.81,3,123,5,0,0,0,product_mng,low
0.24,0.92,3,136,3,0,0,0,RandD,medium
0.19,0.73,6,301,5,0,0,0,product_mng,medium
0.22,0.68,7,100,6,0,0,0,management,low
0.65,0.74,5,293,3,0,1,0,support,medium
0.71,0.59,4,238,8,0,0,0,IT,medium
0.6,0.36,7,219,6,0,0,0,support,low
0.44,0.7,5,128,8,0,1,0,support,medium
0.18,0.65,3,164,2,0,0,0,technical,medium
0.38,0.8,4,133,9,0,0,0,technical,medium
0.74,0.69,5,239,9,0,0,0,RandD,low
0.52,0.5,2,160,2,0,0,0,marketing,medium
0.13,0.36,6,166,9,0,1,0,marketing,low
0.39,0.85,2,291,8,1,0,0,finance,low
0.15,0.36,5,245,3,0,0,0,marketing,medium
0.55,0.66,4,271,5,0,1,0,IT,low
0.22,0.71,2,189,3,0,0,0,marketing,low
0.24,0.59,6,300,3,0,0,0,hr,high
0.52,0.73,2,186,4,0,1,0,finance,medium
0.04,0.42,4,148,8,0,1,0,marketing,low
0.25,0.97,7,269,10,0,1,0,product_mng,medium
0.18,0.62,4,219,3,0,0,0,IT,medium
0.27,0.36,6,171,8,0,0,0,hr,medium
0.45,0.68,4,99,5,0,0,0,sales,medium
0.59,0.45,3,106,9,0,0,0,hr,low
0.71,0.39,6,210,8,0,1,0,product_mng,medium
0.45,0.94,7,240,5,0,0,0,IT,medium
0.56,0.66,7,232,7,0,1,0,management,low
0.26,0.36,6,238,4,0,0,0,support,low
0.03,0.44,4,228,2,0,0,0,IT,low
0.39,0.66,5,166,3,0,0,0,management,high
0.43,0.65,3,297,9,0,0,0,RandD,medium
0.3,0.71,4,278,4,0,0,0,IT,low
0.39,0.36,6,126,7,0,1,0,management,medium
0.36,0.36,7,163,10,1,0,0,support,medium
0.29,0.85,5,300,9,0,0,0,RandD,low
0.5,0.4,3,137,8,0,0,0,technical,medium
0.58,0.77,5,127,9,0,0,0,RandD,medium
0.53,0.46,7,97,2,0,0,0,finance,low
0.42,0.58,7,268,10,0,0,0,support,medium
0.3,0.89,2,217,4,0,0,0,technical,medium
0.14,0.36,4,102,4,1,0,0,technical,low
0.45,0.64,3,241,8,0,0,0,sales,medium
0.56,0.44,7,225,7,0,1,0,support,low
0.22,0.72,7,197,8,0,0,0,sales,low
0.52,0.95,5,260,5,0,0,0,management,low
0.25,0.36,3,260,3,0,0,0,RandD,medium
0.83,0.69,6,107,3,0,0,0,RandD,low
0.2,0.74,6,102,9,0,0,0,sales,low
0.21,0.56,4,235,7,0,0,0,finance,low
0.58,0.48,6,173,4,0,1,0,hr,medium
0.27,0.44,7,119,6,0,0,0,management,high
0.7,0.74,7,192,5,0,0,1,sales,low
0.48,0.87,3,147,9,0,0,0,product_mng,medium
0.65,0.62,3,169,7,0,0,0,sales,medium
0.21,0.46,7,269,10,0,0,0,marketing,medium
0.24,0.36,3,293,7,0,0,0,RandD,medium
0.42,0.71,2,123,4,0,0,0,support,low
0.57,0.65,4,160,6,1,0,0,RandD,medium
0.08,0.36,2,133,5,0,0,0,sales,low
0.58,0.42,3,135,9,0,0,0,management,low
0.45,0.41,2,197,3,0,0,0,hr,medium
0.52,0.36,4,226,4,0,0,0,technical,low
0.29,0.56,6,188,3,0,0,0,technical,low
0.68,0.36,2,273,2,0,0,0,finance,high
0.13,0.36,7,259,9,0,0,0,finance,low
0.48,0.36,4,273,6,0,1,0,support,medium
0.65,0.69,7,165,4,0,0,1,RandD,low
0.19,0.5,3,157,5,0,0,0,management,low
0.08,0.38,7,99,5,0,0,0,technical,medium
0.63,0.81,7,201,9,0,1,0,IT,low
0.58,0.54,4,174,4,0,0,0,marketing,medium
0.33,0.36,6,205,4,0,0,0,IT,low
0.41,0.67,2,279,10,0,0,0,IT,high
0.44,0.86,4,122,3,0,0,0,sales,medium
0.61,0.48,7,299,3,0,1,0,product_mng,low
0.43,0.36,5,121,5,0,0,0,product_mng,low
0.2,0.78,2,215,2,0,0,0,marketing,medium
0.19,0.7,7,122,7,0,1,0,product_mng,low
0.67,0.36,2,271,8,1,1,0,technical,low
0.12,0.46,2,175,5,0,0,0,sales,medium
0.56,0.36,7,301,10,1,0,0,technical,medium
0.27,0.47,2,279,4,0,0,0,product_mng,low
0.06,0.36,6,127,2,0,0,0,RandD,low
0.54,0.48,3,268,9,0,0,0,marketing,medium
0.45,0.77,2,203,9,0,1,0,hr,low
0.39,0.89,5,115,10,0,0,0,management,low
0.27,0.36,7,220,9,0,1,0,RandD,medium
0.77,0.81,5,278,10,0,0,0,marketing,medium
0.4,0.69,5,236,10,0,0,0,hr,medium
0.33,0.95,6,196,5,1,0,0,product_mng,medium
0.22,0.77,4,196,10,0,0,0,RandD,low
0.18,0.87,2,130,8,0,0,0,marketing,low
0.52,0.82,5,134,6,0,1,0,IT,low
0.31,0.83,3,274,3,0,1,0,support,medium
0.02,0.59,5,282,2,0,0,0,marketing,medium
0.24,0.6,4,298,5,0,0,1,hr,medium
0.62,0.84,3,228,10,1,0,1,technical,low
0.54,0.36,2,104,9,0,0,0,technical,low
0.25,0.39,7,101,7,0,1,0,finance,medium
0.6,0.64,5,136,7,0,0,0,management,low
0.67,0.36,3,206,7,0,0,0,marketing,low
0.74,0.61,2,189,9,0,1,0,support,medium
0.64,0.57,7,188,3,0,0,0,hr,medium
0.36,0.82,6,246,2,0,1,0,product_mng,medium
0.49,0.68,5,249,9,0,1,0,technical,low
0.45,0.36,5,117,6,0,0,0,product_mng,medium
0.66,0.91,6,180,5,1,1,0,RandD,medium
0.47,0.66,5,293,8,0,0,0,IT,low
0.12,0.36,5,246,2,1,0,0,management,medium
0.06,0.71,2,221,2,0,0,0,finance,low
0.58,0.83,7,309,7,0,0,0,technical,medium
0.3,0.38,3,241,3,0,0,0,management,low
0.38,0.36,5,158,9,0,0,1,product_mng,low
0.13,0.54,7,141,8,0,0,0,technical,low
0.07,0.46,2,134,5,0,0,0,RandD,high
0.54,0.67,7,241,7,0,0,1,finance,low
0.7,0.65,5,256,4,0,1,1,marketing,low
0.41,0.53,7,165,7,0,0,0,management,medium
0.5,0.91,4,306,9,0,0,0,IT,medium
0.35,0.65,4,299,5,0,0,0,IT,low
0.58,0.78,2,260,10,1,0,0,sales,medium
0.59,0.71,5,305,6,0,0,0,marketing,medium
0.6,0.69,2,267,10,1,0,0,marketing,medium
0.45,0.45,5,301,5,0,0,0,finance,medium
0.23,0.45,2,299,4,0,1,1,sales,medium
0.36,0.57,7,163,4,0,0,0,IT,medium
0.56,0.57,5,260,5,0,1,0,sales,low
0.45,0.38,4,208,7,0,0,0,management,low
0.28,0.52,2,230,5,0,0,0,finance,low
0.52,0.71,2,192,10,0,0,0,marketing,medium
0.29,0.66,4,197,10,0,0,0,technical,low
0.33,0.63,3,257,10,0,1,0,technical,medium
0.55,0.51,7,268,8,1,0,0,sales,medium
0.58,0.74,2,169,6,0,0,0,hr,low
0.19,0.81,4,158,3,0,0,0,support,low
0.5,0.88,5,173,8,0,1,0,marketing,medium
0.25,0.58,2,173,8,0,1,0,technical,high
0.32,0.36,3,299,3,0,0,0,marketing,medium
0.07,0.83,7,232,8,1,0,0,technical,low
0.72,0.87,3,294,8,0,0,0,RandD,low
0.67,0.42,4,303,3,1,0,0,marketing,low
0.75,0.76,4,216,6,0,0,0,support,medium
0.54,0.64,6,292,2,0,0,0,IT,low
0.28,0.36,7,262,9,1,1,0,technical,low
0.39,0.39,7,123,10,0,0,0,product_mng,low
0.16,0.55,2,135,3,0,0,0,management,high
0.65,0.82,7,281,10,0,0,0,finance,low
0.43,0.76,3,263,2,0,0,0,support,low
0.41,0.44,4,230,10,0,0,0,hr,medium
0.55,0.61,5,258,7,1,1,0,technical,low
0.27,0.4,3,255,10,0,0,0,RandD,low
0.25,0.71,6,143,9,0,0,0,hr,medium
0.22,0.39,6,281,6,0,0,0,marketing,medium
0.35,0.36,3,275,5,0,0,0,technical,medium
0.31,0.47,6,214,10,0,1,0,technical,medium
0.33,0.9,5,154,8,0,0,0,hr,low
0.49,0.8,5,109,3,0,0,0,IT,high
0.65,0.67,2,176,8,0,0,0,marketing,low
0.58,0.6,3,244,7,0,0,0,technical,medium
0.63,0.53,3,279,3,0,0,0,support,low
0.38,0.62,5,224,8,0,0,0,marketing,medium
0.51,0.85,3,282,7,0,0,0,RandD,low
0.28,0.69,6,269,3,0,1,0,product_mng,medium
0.73,0.43,4,274,9,0,0,0,technical,high
0.35,0.48,4,200,4,0,0,0,hr,low
0.66,0.57,4,269,3,0,1,0,RandD,low
0.42,0.36,3,97,2,0,0,0,marketing,medium
0.34,0.82,5,258,7,1,0,0,sales,medium
0.52,0.36,3,188,9,0,0,0,support,low
0.7,0.36,6,186,6,0,0,0,management,medium
0.26,0.77,6,133,3,0,1,0,sales,medium
0.34,0.36,3,251,2,0,0,0,finance,medium
0.16,0.73,6,249,10,0,0,0,management,medium
0.67,0.36,7,294,3,0,0,0,hr,medium
0.19,0.42,4,115,9,0,1,0,marketing,low
0.76,0.68,3,196,3,0,0,0,management,low
0.69,0.36,3,257,2,0,0,0,RandD,medium
0.21,0.84,6,209,9,0,1,0,product_mng,medium
0.26,0.41,2,268,8,0,0,0,marketing,low
0.62,0.46,7,216,4,0,0,0,finance,low
0.41,0.48,5,275,3,1,0,0,sales,low
0.03,0.58,5,112,5,1,0,0,RandD,medium
0.36,0.45,7,111,10,0,1,0,IT,low
0.4,0.83,2,142,5,0,0,0,product_mng,medium
0.58,0.47,7,97,8,0,0,0,RandD,low
0.19,0.65,3,306,3,0,0,0,technical,low
0.86,0.36,7,254,8,0,0,0,finance,high
0.6,0.45,6,263,10,0,1,0,management,medium
0.82,0.9,6,216,5,0,0,0,finance,medium
0.48,0.84,4,119,6,0,1,0,finance,medium
0.03,0.88,5,186,6,0,0,0,sales,high
0.37,0.49,7,163,6,0,0,0,finance,medium
0.48,0.65,4,255,3,1,0,0,product_mng,medium
0.1,0.66,5,105,7,0,0,0,product_mng,low
0.09,0.81,2,117,9,0,0,0,marketing,low
0.59,0.36,3,177,6,0,0,0,hr,low
0.16,0.47,6,201,8,1,0,0,RandD,medium
0.58,0.62,2,149,5,0,0,0,marketing,medium
0.36,0.58,6,124,3,0,0,0,product_mng,low
0.62,0.66,6,115,8,0,0,0,sales,medium
0.43,0.79,5,234,8,0,0,0,finance,medium
0.51,0.73,2,192,2,0,1,0,finance,low
0.15,0.36,3,266,8,0,0,0,hr,high
0.62,0.66,2,285,9,1,1,0,marketing,low
0.85,0.64,4,223,5,0,0,0,product_mng,low
0.53,0.36,3,176,6,0,0,0,management,low
0.1,0.81,5,260,5,0,0,0,finance,low
0.24,0.36,2,184,9,0,1,0,marketing,medium
0.59,0.79,2,222,4,0,1,0,marketing,low
0.57,0.64,4,164,10,0,0,0,support,low
0.67,0.63,2,201,4,0,0,0,RandD,low
0.23,0.76,5,171,8,0,0,0,RandD,low
0.18,0.36,7,241,3,0,0,0,finance,medium
0.16,0.92,6,112,4,0,0,0,marketing,low
0.32,0.49,3,220,5,1,0,0,sales,low
0.34,0.55,5,276,3,0,0,0,sales,medium
0.68,0.57,4,187,10,0,0,0,RandD,medium
0.37,0.36,2,178,6,0,1,0,finance,low
0.49,0.85,4,112,8,0,0,0,sales,medium
0.58,0.58,5,109,7,0,1,0,technical,medium
0.45,0.67,6,130,9,1,0,0,product_mng,low
0.49,0.59,6,168,2,0,0,0,marketing,medium
0.11,0.41,3,297,7,1,1,0,sales,medium
0.41,0.71,5,256,7,0,0,0,product_mng,low
0.76,0.73,4,250,7,1,0,0,management,low
0.39,0.88,5,102,7,0,1,0,RandD,low
0.25,0.41,5,305,9,0,0,0,hr,medium
0.31,0.79,2,211,7,0,0,0,hr,medium
0.44,0.49,3,120,6,1,1,0,finance,medium
0.49,0.36,3,166,6,0,0,0,finance,medium
0.44,0.43,5,143,6,0,1,0,IT,low
0.5,0.47,7,119,3,0,0,0,support,low
0.69,0.63,4,242,6,0,0,0,hr,medium
0.33,0.58,3,195,2,0,0,0,marketing,medium
0.66,0.46,4,233,10,0,0,0,technical,low
0.47,0.91,5,284,6,0,1,0,management,medium
0.43,0.79,3,167,10,1,0,0,finance,low
0.4,0.73,4,147,2,0,0,0,marketing,medium
0.16,0.47,3,278,3,0,0,0,sales,medium
0.73,0.53,2,283,2,0,0,0,management,high
0.28,0.62,5,129,4,0,0,0,marketing,medium
0.34,0.6,4,293,10,1,0,0,support,medium
0.93,0.65,3,127,6,1,1,0,support,low
0.38,0.62,5,287,9,0,0,0,hr,low
0.4,0.79,5,309,3,0,1,0,support,low
0.2,0.5,5,270,7,0,1,0,technical,medium
0.17,0.5,7,255,2,0,1,0,marketing,low
0.05,0.42,6,305,9,0,0,0,product_mng,medium
0.04,0.71,6,149,3,0,0,0,RandD,low
0.52,0.48,7,103,9,0,1,0,support,medium
0.3,0.36,5,179,6,0,0,0,support,low
0.01,0.94,4,301,4,0,0,0,marketing,low
0.78,0.57,5,116,2,0,0,0,product_mng,low
0.62,0.65,6,287,9,0,0,0,product_mng,medium
0.31,0.74,4,295,10,1,1,0,technical,medium
0.7,0.88,4,172,8,0,0,0,product_mng,medium
0.58,0.42,7,121,9,0,0,0,technical,medium
0.39,0.52,5,296,6,0,0,0,support,low
0.12,0.81,4,195,6,0,0,0,marketing,medium
0.35,0.76,3,181,2,0,0,0,product_mng,medium
0.33,0.55,2,305,9,0,0,0,hr,low
0.23,0.94,2,254,10,1,1,0,IT,low
0.45,0.36,7,138,2,0,1,0,sales,low
0.57,0.36,5,106,5,0,0,0,sales,low
0.38,0.73,3,174,10,0,0,0,RandD,low
0.11,0.64,5,283,3,0,0,0,marketing,medium
0.18,0.4,6,244,10,0,0,0,RandD,low
0.79,0.63,2,254,7,0,1,0,hr,medium
0.07,0.68,3,304,5,0,0,0,support,low
0.4,0.36,5,99,5,0,1,0,RandD,high
0.3,0.59,2,160,2,0,0,0,management,low
0.48,0.82,5,108,3,0,0,0,finance,low
0.47,0.68,7,150,9,1,0,0,technical,medium
0.41,0.62,7,110,9,0,0,0,RandD,high
0.62,0.57,4,136,7,0,0,0,hr,low
0.5,0.59,4,284,9,1,1,0,technical,high
0.4,0.55,7,271,6,0,0,0,technical,medium
0.47,0.79,4,204,9,0,1,0,RandD,medium
0.68,0.64,2,261,9,0,0,0,sales,low
0.39,0.79,4,290,5,0,0,0,finance,low
0.65,0.72,6,172,5,0,0,0,IT,low
0.63,0.75,3,122,2,1,1,0,sales,low
0.18,0.71,2,283,2,0,0,0,management,medium
0.19,0.81,3,228,4,0,1,0,hr,low
0.49,0.36,5,114,5,0,0,0,finance,medium
0.69,0.74,5,287,8,0,0,0,IT,low
0.25,0.77,2,244,7,0,0,0,management,medium
0.44,0.98,2,201,8,1,1,0,technical,low
0.51,0.64,6,259,2,1,0,0,marketing,low
0.04,0.42,4,146,5,0,1,0,finance,low
0.51,0.62,6,187,7,0,0,0,finance,low
0.24,0.36,3,112,8,0,0,0,management,high
0.4,0.47,6,118,10,1,1,0,hr,low
0.08,0.67,7,214,7,0,0,0,IT,high
0.23,0.85,4,286,8,0,0,0,finance,medium
0.41,0.45,2,302,2,0,0,0,support,medium
0.39,0.36,3,287,6,0,0,0,finance,medium
0.28,0.86,7,177,2,0,0,0,RandD,low
0.36,0.64,4,143,10,0,1,0,finance,medium
0.5,0.63,4,134,8,0,0,0,IT,medium
0.42,0.36,2,161,10,1,1,0,product_mng,medium
0.16,0.68,7,221,7,0,0,0,marketing,medium
0.13,0.47,4,121,8,0,0,0,management,medium
0.59,0.64,5,240,9,0,0,0,finance,low
0.47,0.89,4,258,4,0,0,0,product_mng,low
0.48,0.36,6,290,6,0,0,0,product_mng,high
0.34,0.44,5,167,5,0,0,0,product_mng,low
0.23,0.85,4,245,3,0,1,0,sales,low
0.22,0.58,3,98,5,0,0,0,finance,low
0.54,0.5,2,229,9,0,0,0,technical,low
0.2,0.68,5,274,6,0,0,0,IT,low
0.45,0.97,5,288,6,0,0,0,management,low
0.46,0.56,5,218,5,1,0,0,sales,medium
0.15,0.82,4,290,7,0,0,0,sales,medium
0.33,0.95,6,109,7,1,0,0,hr,low
0.53,0.36,4,176,5,0,1,0,product_mng,low
0.36,0.51,5,192,10,0,0,0,sales,medium
0.08,0.85,2,206,6,0,1,0,technical,low
0.71,0.53,5,252,4,0,0,0,sales,low
0.36,0.57,5,219,6,0,0,0,finance,medium
0.17,0.36,3,155,10,0,0,0,product_mng,high
0.75,0.79,3,233,9,1,1,0,product_mng,low
0.14,0.96,6,134,9,0,1,0,marketing,medium
0.49,0.71,7,116,4,0,0,0,finance,low
0.42,0.37,3,128,5,0,0,0,sales,medium
0.26,0.69,2,215,3,0,1,0,management,medium
0.15,0.53,6,211,9,0,0,0,support,low
0.63,0.56,7,272,3,0,1,0,management,medium
0.32,0.76,4,108,8,0,0,0,marketing,medium
0.53,0.39,5,289,7,0,0,0,marketing,medium
0.05,0.91,6,131,2,0,0,0,management,medium
0.58,0.59,5,108,5,1,0,0,hr,low
0.65,0.85,3,225,5,0,0,0,sales,low
0.51,0.82,4,225,4,0,0,0,IT,low
0.22,0.36,6,188,9,0,1,0,sales,medium
0.33,0.71,3,296,10,0,0,0,marketing,medium
0.44,0.62,3,125,4,0,0,0,RandD,medium
0.34,0.67,7,129,10,0,0,0,management,low
0.28,0.52,4,259,5,0,0,0,finance,medium
0.65,0.4,6,134,3,0,1,0,sales,high
0.23,0.78,5,249,8,1,0,0,hr,high
0.67,0.36,2,151,4,0,1,0,hr,medium
0.29,0.42,2,214,6,0,0,0,product_mng,low
0.44,0.56,4,158,5,0,1,0,sales,medium
0.64,0.6,5,255,5,0,0,0,management,low
0.19,0.38,3,147,7,0,0,0,management,medium
0.24,0.64,7,251,8,0,1,0,sales,low
0.31,0.44,2,307,9,0,0,0,finance,high
0.38,0.8,6,235,9,0,0,0,IT,low
0.76,0.76,5,111,6,0,0,0,product_mng,low
0.09,0.36,3,141,4,0,0,0,RandD,medium
0.31,0.41,3,215,5,0,0,0,RandD,medium
0.33,0.57,2,289,9,0,0,0,IT,medium
0.53,0.36,2,187,9,0,0,0,sales,low
0.33,0.54,7,111,3,0,1,0,product_mng,medium
0.16,0.69,4,170,8,0,1,0,management,low
0.37,0.78,3,204,5,0,0,0,hr,low
0.2,0.37,6,97,5,0,0,0,technical,medium
0.61,0.66,5,204,8,0,1,0,marketing,low
0.78,0.36,2,262,9,0,1,0,RandD,low
0.46,0.66,3,237,3,0,0,0,marketing,medium
0.14,0.97,7,297,8,0,1,0,hr,medium
0.18,0.36,7,184,4,1,1,0,support,low
0.32,0.85,2,306,7,0,0,0,sales,medium
0.69,0.6,4,243,6,1,0,0,hr,low
0.17,0.75,2,254,10,0,0,0,marketing,medium
0.32,0.54,5,191,4,1,1,0,finance,low
0.07,0.37,5,181,6,0,0,0,finance,medium
0.42,0.6,4,237,7,1,1,0,marketing,low
0.13,0.56,6,176,9,0,0,0,support,medium
0.14,0.47,7,282,3,0,0,0,management,medium
0.64,0.84,4,264,8,0,0,0,product_mng,low
0.42,0.81,2,273,10,0,1,0,hr,medium
0.5,0.85,4,203,7,0,0,0,hr,low
0.21,0.87,5,169,4,0,0,0,management,low
0.66,0.72,7,181,6,0,0,0,RandD,low
0.57,0.36,6,240,2,0,0,0,finance,medium
0.4,0.77,7,280,5,0,0,0,product_mng,low
0.18,0.65,4,251,2,0,1,0,finance,high
0.67,0.76,7,257,9,0,1,0,sales,medium
0.15,0.39,7,309,5,0,0,0,marketing,low
0.44,0.87,3,231,3,0,1,0,management,low
0.1,0.36,7,269,6,0,0,0,marketing,low
0.76,0.99,7,233,3,0,1,0,RandD,medium
0.36,0.56,2,305,4,0,0,0,support,medium
0.13,0.73,6,194,7,0,1,0,hr,medium
0.1,0.47,2,245,3,0,0,0,management,low
0.62,0.6,6,139,6,0,1,0,RandD,low
0.28,0.91,2,287,2,0,0,0,finance,low
0.04,0.64,3,249,7,0,0,0,management,low
0.34,0.48,7,181,5,0,1,0,sales,low
0.88,0.36,6,134,9,1,1,0,technical,low
0.26,0.41,2,121,8,0,0,0,finance,medium
0.86,0.36,5,213,3,0,1,0,support,medium
0.72,0.57,4,308,4,0,1,0,IT,medium
0.53,0.45,5,247,6,0,1,0,management,low
0.2,0.53,5,273,8,0,0,0,hr,low
0.54,0.77,3,135,3,0,0,0,management,medium
0.35,0.58,7,140,9,0,1,0,management,medium
0.4,0.57,2,275,8,0,0,0,management,low
0.24,0.45,5,135,3,0,0,0,technical,medium
0.27,0.63,5,125,4,0,1,0,IT,medium
0.46,0.94,4,147,7,0,1,0,marketing,medium
0.45,0.36,6,239,3,0,0,0,marketing,medium
0.06,0.58,3,213,3,1,0,0,sales,medium
0.61,0.5,2,201,3,0,0,0,hr,high
0.33,0.44,7,151,6,1,1,0,finance,low
0.22,0.97,3,214,5,0,0,0,sales,medium
0.65,0.43,3,189,7,1,0,0,IT,medium
0.35,0.6,2,136,4,0,1,0,product_mng,low
0.32,0.8,6,261,6,0,0,0,technical,medium
0.51,0.61,5,230,6,0,0,0,hr,medium
0.3,0.65,3,130,9,0,0,0,product_mng,medium
0.06,0.69,2,293,5,0,0,0,IT,low
0.18,0.39,6,213,5,0,0,0,finance,low
0.65,0.36,4,263,7,0,0,0,support,medium
0.14,0.59,5,301,7,0,0,0,technical,medium
0.52,0.58,3,106,7,0,0,0,finance,low
0.49,0.36,3,126,2,0,0,0,finance,low
0.56,0.68,2,153,9,0,0,0,product_mng,low
0.36,0.36,6,125,6,0,0,0,support,medium
0.17,0.45,7,125,7,0,0,0,marketing,low
0.31,0.36,6,181,5,0,0,0,finance,medium
0.33,0.76,3,233,7,0,1,0,management,low
0.71,0.53,3,97,5,0,0,0,sales,medium
0.58,0.62,7,193,2,0,1,0,hr,low
0.2,0.36,3,240,9,0,0,0,marketing,low
0.54,0.71,3,283,7,0,0,0,product_mng,high
0.09,0.45,6,191,5,0,0,0,IT,medium
0.43,0.44,4,96,5,0,0,0,product_mng,low
0.39,0.36,7,203,10,0,1,0,sales,medium
0.2,0.61,7,153,8,0,0,0,hr,low
0.1,0.39,7,140,10,0,1,0,sales,medium
0.18,0.91,6,210,9,0,0,0,support,medium
0.19,0.81,3,154,3,0,0,0,management,low
0.17,0.51,4,255,5,0,1,0,product_mng,low
0.52,0.51,3,133,8,0,1,0,sales,medium
0.06,0.36,4,155,4,0,1,0,sales,medium
0.64,0.84,7,267,4,0,0,0,finance,medium
0.17,0.42,6,163,7,0,0,0,IT,medium
0.46,0.49,2,305,8,0,0,0,technical,low
0.52,0.54,6,172,8,0,0,0,management,medium
0.63,0.4,4,282,4,0,0,0,hr,high
0.53,0.64,6,98,5,0,0,0,RandD,low
0.24,0.5,6,260,8,0,0,0,RandD,high
0.21,0.89,3,124,4,0,1,0,management,low
0.52,0.64,4,280,4,0,0,0,product_mng,medium
0.57,0.5,2,295,10,0,0,0,RandD,low
0.37,0.36,2,191,10,0,1,0,sales,high
0.16,0.83,3,270,10,0,1,0,IT,medium
0.37,0.6,6,125,5,0,0,0,IT,medium
0.46,0.73,3,268,9,1,1,0,IT,low
0.15,0.75,5,309,4,0,0,0,finance,low
0.46,0.51,7,136,6,0,0,0,finance,low
0.27,0.78,2,163,5,1,1,0,hr,medium
0.25,0.63,2,239,9,1,0,0,finance,low
0.42,0.72,3,119,5,0,0,1,finance,medium
0.62,0.94,5,141,10,0,0,0,management,high
0.54,0.8,6,124,7,0,0,0,hr,low
0.5,0.36,6,269,2,0,0,0,management,low
0.9,0.94,6,108,2,0,0,0,hr,low
0.63,0.45,5,199,3,0,0,0,technical,low
0.42,0.68,7,186,6,0,0,0,IT,medium
0.31,0.68,3,199,8,0,0,0,IT,high
0.57,0.5,3,258,2,0,0,0,RandD,low
0.51,0.52,4,188,2,1,1,0,product_mng,low
0.13,0.83,2,161,3,0,0,1,finance,medium
0.31,0.36,5,202,6,0,0,0,technical,medium
0.13,0.42,4,105,4,0,1,0,hr,medium
0.16,0.42,6,111,7,0,0,0,product_mng,high
0.24,0.67,3,100,6,0,0,0,RandD,medium
0.3,0.36,5,255,3,0,0,0,marketing,high
0.27,0.77,6,170,6,0,1,0,RandD,low
0.26,0.48,5,133,7,0,1,0,product_mng,high
0.43,0.81,7,195,5,0,0,0,management,medium
0.39,0.69,4,191,4,0,0,0,RandD,low
0.68,0.37,6,257,2,0,0,0,management,medium
0.52,0.86,2,179,7,0,0,0,management,medium
0.45,0.36,6,125,7,0,0,0,IT,high
0.61,0.36,4,181,2,0,1,0,management,medium
0.18,0.83,4,209,3,0,0,0,hr,low
0.52,0.9,2,122,3,1,1,0,IT,low
0.25,0.4,6,302,7,0,0,0,technical,low
0.64,0.36,5,198,2,0,1,0,RandD,low
0.45,0.36,2,176,10,0,0,0,product_mng,low
0.24,0.44,3,156,10,0,0,0,product_mng,medium
0.7,0.8,4,140,4,0,0,0,management,low
0.52,0.83,2,239,10,0,0,0,marketing,medium
0.33,0.44,2,288,10,0,0,0,product_mng,low
0.84,0.83,5,225,8,0,0,0,sales,low
0.73,0.42,4,241,6,1,0,0,IT,low
0.37,0.36,4,109,2,0,1,0,technical,high
0.06,0.74,5,276,4,1,0,0,management,medium
0.32,0.62,7,219,3,0,0,0,sales,high
0.53,0.54,4,152,9,0,1,0,hr,low
0.29,0.73,4,185,6,0,0,0,hr,medium
0.18,0.52,4,201,9,0,0,0,finance,high
0.43,0.36,2,272,3,0,0,0,support,medium
0.26,0.8,6,241,3,0,0,1,IT,low
0.55,0.62,6,277,4,1,1,0,RandD,medium
0.08,0.79,4,282,4,0,0,0,product_mng,low
0.68,0.72,6,127,6,1,0,0,support,medium
0.59,0.36,6,141,10,0,0,0,management,low
0.1,0.5,2,216,7,0,0,0,management,low
0.19,0.36,6,164,4,0,0,0,technical,high
0.33,0.57,7,243,3,0,0,0,hr,low
0.67,0.51,5,204,10,0,0,0,technical,medium
0.25,0.7,5,145,4,0,0,0,support,low
0.38,0.81,5,211,10,0,0,0,finance,low
0.56,0.93,6,241,3,0,0,0,finance,medium
0.43,0.47,5,117,6,0,0,0,finance,low
0.33,0.8,4,228,4,0,1,0,RandD,low
0.19,0.39,5,223,8,0,0,0,hr,medium
0.52,0.7,2,292,4,0,0,0,RandD,low
0.71,0.52,4,144,3,0,0,0,management,medium
0.52,0.36,7,169,10,0,0,0,hr,medium
0.35,0.68,6,128,2,0,0,0,sales,medium
0.49,0.83,2,136,4,0,0,0,finance,medium
0.35,0.94,6,231,9,0,1,0,RandD,low
0.53,0.56,3,106,3,0,0,0,technical,low
0.46,0.66,7,297,9,0,0,0,IT,low
0.44,0.51,4,172,3,0,0,0,IT,low
0.33,0.74,4,297,2,1,0,0,RandD,medium
0.41,0.87,5,254,8,0,0,0,hr,high
0.24,0.54,6,181,8,0,0,0,technical,low
0.47,0.61,5,278,8,0,0,0,marketing,medium
0.33,0.89,4,220,5,1,0,0,technical,low
0.31,0.69,7,183,7,0,0,0,support,low
0.89,0.71,3,274,4,0,0,0,finance,low
0.06,0.43,2,190,3,0,0,0,support,medium
0.48,0.67,3,157,4,0,0,0,management,high
0.11,0.89,5,244,6,0,0,0,IT,medium
0.37,0.9,6,300,10,0,1,0,RandD,low
0.56,0.63,6,218,6,0,0,0,hr,low
0.18,0.88,4,121,5,1,1,0,finance,low
0.09,0.36,2,175,10,0,0,0,RandD,low
0.5,0.65,7,236,7,0,0,0,IT,medium
0.21,0.9,3,290,9,0,0,0,IT,low
0.17,0.44,7,307,7,0,1,0,management,low
0.3,0.36,2,267,5,0,0,0,finance,high
0.81,0.82,4,171,2,0,0,0,marketing,medium
0.32,0.48,3,301,9,0,0,1,sales,medium
0.28,0.73,7,226,4,0,0,0,management,medium
0.29,0.79,7,243,4,0,1,0,finance,low
0.16,0.36,2,101,2,0,0,0,product_mng,low
0.29,0.69,6,99,5,0,0,0,IT,medium
0.67,0.54,4,118,8,0,0,0,RandD,medium
0.18,0.62,6,100,8,1,0,0,support,low
0.19,0.85,2,235,2,0,0,0,IT,medium
0.2,0.66,6,155,5,0,1,0,RandD,medium
0.14,0.7,4,191,6,0,0,0,marketing,low
0.66,0.76,2,249,4,0,0,0,hr,medium
0.58,0.55,6,188,7,1,0,0,technical,low
0.36,0.66,7,282,7,1,0,0,IT,low
0.63,0.6,3,203,5,0,0,0,IT,low
0.25,0.48,5,236,10,0,0,0,support,medium
0.31,0.67,4,232,9,1,1,0,marketing,low
0.47,0.48,7,168,6,0,0,0,management,low
0.35,0.61,6,266,2,0,1,0,RandD,medium
0.56,0.63,7,246,5,1,0,0,technical,medium
0.63,0.36,5,117,9,0,0,0,management,low
0.12,0.97,2,177,5,0,0,0,marketing,medium
0.7,0.4,2,137,5,0,0,0,sales,low
0.4,0.36,4,272,9,0,0,0,IT,low
0.26,0.56,7,255,5,1,0,0,RandD,medium
0.35,0.36,3,307,9,0,0,0,IT,low
0.49,0.49,3,231,4,1,1,0,management,low
0.26,0.83,2,116,5,0,1,0,marketing,low
0.53,0.61,6,174,2,0,0,0,RandD,medium
0.3,0.81,4,160,7,0,0,0,support,low
0.79,0.8,5,122,10,0,0,0,RandD,medium
0.23,0.56,4,241,2,0,0,0,management,low
0.35,0.76,6,173,7,0,0,0,product_mng,low
0.66,0.96,5,140,9,0,1,0,IT,low
0.61,0.45,6,169,6,0,0,0,hr,low
0.34,0.37,3,144,7,0,1,0,RandD,low
0.74,0.36,6,144,9,0,0,0,marketing,low
0.11,0.36,6,191,3,0,0,0,management,medium
0.41,0.83,2,228,5,0,0,0,sales,low
0.31,0.86,6,160,10,0,1,0,marketing,low
0.35,0.83,2,271,7,0,0,0,product_mng,medium
0.25,0.77,2,281,2,0,0,1,sales,medium
0.39,0.82,5,118,10,0,0,0,IT,low
0.14,0.91,7,206,10,0,0,0,product_mng,high
0.4,0.75,7,138,6,0,0,0,management,low
0.32,0.38,7,143,4,0,0,0,support,low
0.42,0.47,7,107,10,0,0,0,hr,low
0.36,0.57,5,256,10,0,1,0,sales,low
0.28,0.36,4,207,7,1,0,0,support,low
0.17,0.56,2,295,2,0,0,0,product_mng,low
0.48,0.48,3,231,2,0,0,0,marketing,medium
0.32,0.83,6,234,3,1,0,0,RandD,medium
0.54,0.57,2,202,5,0,0,0,support,medium
0.26,0.58,6,180,5,0,1,0,technical,high
0.19,0.86,5,204,2,1,1,0,marketing,low
0.12,0.75,5,192,4,0,0,0,sales,medium
0.29,0.86,5,303,10,0,1,0,RandD,medium
0.73,0.36,6,169,5,0,0,0,RandD,low
0.12,0.63,7,113,2,0,0,0,finance,medium
0.18,0.36,6,154,5,0,1,0,RandD,high
0.34,0.56,6,129,10,0,0,0,hr,medium
0.28,0.98,6,238,9,0,0,0,marketing,low
0.38,0.36,5,155,2,0,0,0,IT,low
0.47,0.67,4,180,6,0,0,0,IT,low
0.73,0.93,2,291,2,0,0,0,hr,low
0.25,0.45,7,271,10,0,0,0,management,low
0.76,0.36,2,182,8,1,0,0,finance,high
0.66,0.87,6,151,5,0,0,0,technical,medium
0.29,0.8,6,285,3,0,0,0,support,low
0.66,0.54,6,127,4,0,0,0,marketing,medium
0.2,0.36,4,168,7,1,0,0,hr,medium
0.13,0.6,5,267,10,0,0,0,support,medium
0.16,0.53,5,228,4,0,0,0,IT,medium
0.33,0.55,7,154,7,0,1,0,IT,medium
0.05,0.37,5,132,3,1,0,0,RandD,low
0.16,0.45,4,121,4,0,0,0,IT,low
0.09,0.54,6,243,4,0,0,0,finance,low
0.77,0.9,6,271,3,0,0,0,product_mng,medium
0.26,0.41,3,241,8,0,0,0,IT,high
0.58,0.6,7,260,9,0,0,0,RandD,low
0.26,0.36,7,193,4,0,0,0,technical,low
0.34,0.62,2,293,6,0,0,0,finance,low
0.1,0.68,7,179,6,0,0,0,RandD,medium
0.23,0.47,7,218,8,0,1,0,product_mng,low
0.41,0.89,5,237,3,1,0,1,marketing,low
0.1,0.41,2,295,10,0,0,0,support,medium
0.24,0.46,6,187,9,0,0,0,sales,low
0.39,0.63,2,237,7,0,0,0,sales,medium
0.17,0.57,4,121,6,0,0,0,IT,low
0.71,0.36,4,245,9,0,0,0,management,medium
0.33,0.84,5,183,3,0,0,0,RandD,low
0.48,0.95,3,213,7,1,0,1,management,low
0.32,0.63,6,135,6,0,0,0,finance,low
0.48,0.38,5,224,8,0,1,0,sales,low
0.25,0.6,2,298,7,0,0,0,finance,medium
0.13,0.9,3,200,6,0,1,0,IT,low
0.15,0.36,7,238,5,0,1,0,product_mng,low
0.47,0.36,2,184,4,0,0,0,marketing,low
0.33,0.39,3,206,9,0,1,0,product_mng,medium
0.21,0.8,6,176,3,0,1,0,support,medium
0.16,0.48,6,216,6,0,0,0,marketing,high
0.3,0.84,6,113,4,0,1,0,IT,low
0.39,0.82,2,124,2,0,0,0,marketing,low
0.5,0.84,2,102,8,0,0,0,sales,medium
0.5,0.75,2,226,7,0,0,0,marketing,medium
0.64,0.74,6,238,7,0,0,0,finance,low
0.08,0.74,6,225,10,0,0,0,product_mng,low
0.45,0.88,6,257,4,1,0,0,sales,medium
0.3,0.64,6,202,10,0,1,0,RandD,low
0.38,0.95,6,131,6,0,0,0,product_mng,low
0.27,0.85,3,206,6,0,1,0,sales,medium
0.11,0.69,7,148,7,0,0,0,marketing,low
0.23,0.74,5,166,4,0,0,0,sales,medium
0.31,0.78,2,268,4,1,0,0,sales,medium
0.39,0.7,4,143,7,0,0,0,RandD,medium
0.44,0.75,4,296,6,0,0,0,hr,medium
0.16,0.61,6,127,8,0,1,0,marketing,high
0.37,0.66,2,280,5,1,0,0,hr,low
0.48,0.61,6,215,2,0,0,0,finance,low
0.41,0.36,6,264,4,0,0,0,IT,low
0.05,0.43,5,126,2,0,1,0,IT,medium
0.38,0.88,2,183,6,0,0,0,support,medium
0.25,0.62,4,225,7,0,0,0,finance,medium
0.25,0.85,7,106,3,0,0,0,technical,medium
0.61,0.81,5,289,9,0,0,0,hr,low
0.54,0.42,5,295,7,0,1,0,sales,low
0.26,0.54,2,209,3,0,0,0,product_mng,low
0.3,0.51,7,284,3,0,1,0,support,low
0.17,0.66,7,285,4,0,1,0,support,low
0.11,0.79,6,226,8,0,1,0,marketing,medium
0.57,0.85,7,214,7,0,0,0,IT,medium
0.68,0.54,5,179,10,0,1,0,management,low
0.66,0.36,6,296,4,0,0,0,product_mng,low
0.83,0.36,5,170,6,0,1,0,technical,low
0.48,0.61,3,123,2,0,0,0,support,low
0.31,0.57,3,121,9,0,0,0,product_mng,low
0.44,0.92,6,156,6,0,0,0,IT,low
0.41,0.87,4,153,7,1,0,0,finance,medium
0.48,0.36,2,183,6,0,0,0,finance,low
0.36,0.77,6,260,4,0,0,0,RandD,medium
0.38,0.79,4,266,9,1,0,0,technical,high
0.5,0.74,5,108,4,0,0,0,product_mng,medium
0.18,0.64,6,115,3,0,0,0,marketing,low
0.55,0.85,6,126,6,0,0,0,marketing,medium
0.48,0.37,4,305,7,0,0,0,RandD,low
0.07,0.69,7,185,4,0,0,0,product_mng,medium
0.48,0.92,3,223,8,0,0,0,management,medium
0.68,0.77,5,273,6,0,0,1,technical,high
0.19,0.81,3,211,2,0,0,0,sales,low
0.55,0.54,6,275,8,1,0,0,hr,low
0.73,0.64,7,276,10,0,1,0,RandD,low
0.43,0.56,5,273,4,0,1,0,management,low
0.5,0.4,5,161,5,0,1,0,hr,low
0.14,0.38,2,285,10,0,0,0,management,high
0.54,0.65,6,209,4,0,0,0,hr,medium
0.42,0.36,6,186,5,0,1,0,technical,low
0.6,0.79,6,306,10,0,0,0,product_mng,high
0.6,0.9,6,305,2,0,0,0,support,medium
0.45,0.5,6,226,9,0,0,0,support,medium
0.42,0.36,7,185,9,0,0,0,product_mng,medium
0.27,0.41,3,271,10,0,0,0,product_mng,medium
0.38,0.82,2,273,3,1,1,0,finance,low
0.69,0.55,2,268,10,0,0,0,support,medium
0.39,0.37,4,184,6,1,0,0,management,low
0.7,0.96,4,224,2,0,0,0,management,low
0.68,0.77,6,96,2,0,0,0,marketing,low
0.23,0.66,2,289,6,1,0,0,finance,low
0.35,0.78,4,251,4,0,0,0,finance,medium
0.23,0.36,5,250,2,0,0,0,sales,low
0.63,0.84,4,152,5,0,0,0,support,medium
0.4,0.36,2,167,4,0,0,0,hr,low
0.41,0.5,3,248,7,0,0,0,RandD,low
0.54,0.64,4,306,7,1,0,0,hr,low
0.82,0.76,3,236,6,0,1,0,product_mng,low
0.8,0.58,2,227,8,0,0,0,RandD,medium
0.35,0.98,3,165,9,0,0,0,RandD,low
0.71,0.56,3,222,5,0,0,0,IT,low
0.58,0.61,3,284,5,0,0,0,product_mng,medium
0.55,0.36,4,258,2,1,0,0,marketing,low
0.86,0.61,6,215,5,0,0,0,hr,low
0.17,0.82,7,108,9,0,0,0,product_mng,medium
0.31,0.46,2,295,5,0,0,0,RandD,medium
0.68,0.87,2,310,10,0,0,0,marketing,high
0.31,0.89,4,258,8,0,1,0,sales,low
0.49,0.45,7,172,5,0,0,0,IT,medium
0.26,0.76,2,153,8,0,0,0,finance,medium
0.31,0.63,5,309,7,0,0,0,technical,low
0.53,0.36,2,285,8,0,0,0,support,low
0.56,0.59,3,137,3,1,1,0,marketing,low
0.29,0.78,5,252,6,0,0,0,marketing,medium
0.55,0.66,6,229,10,0,0,0,support,low
0.35,0.55,4,111,4,0,1,0,sales,low
0.55,0.53,6,154,6,1,0,0,sales,low
0.41,0.53,5,118,5,0,0,0,support,medium
0.47,0.61,4,262,4,0,1,0,technical,medium
0.38,0.84,2,135,5,0,0,0,management,medium
0.13,0.46,5,127,4,0,1,0,marketing,medium
0.33,0.37,3,310,10,0,1,0,sales,medium
0.46,0.36,7,98,8,0,0,0,product_mng,medium
0.36,0.51,7,296,2,0,0,0,finance,high
0.79,0.38,7,101,9,0,0,0,hr,medium
0.57,0.85,3,227,8,0,1,0,management,low
0.45,0.56,6,243,2,0,0,0,hr,medium
0.46,0.52,6,196,4,0,0,0,management,low
0.09,0.76,7,228,10,0,0,0,hr,medium
0.47,0.96,7,265,8,0,0,0,marketing,low
0.54,0.84,5,237,4,1,0,0,marketing,medium
0.26,0.49,7,98,4,0,0,0,technical,low
0.26,0.41,6,114,2,0,0,0,marketing,low
0.16,0.73,5,189,6,0,0,0,marketing,medium
0.2,0.84,2,161,10,0,0,0,hr,low
0.94,0.82,3,289,3,0,0,0,sales,medium
0.58,0.64,7,238,9,0,0,0,management,medium
0.47,0.42,3,295,5,0,0,0,sales,low
0.48,0.61,5,253,4,0,1,0,RandD,low
0.78,0.49,6,272,4,1,0,0,IT,medium
0.64,0.73,2,150,9,0,0,0,technical,low
0.09,0.36,7,280,2,0,0,1,management,low
0.22,0.5,3,310,9,0,0,0,product_mng,low
0.5,0.54,6,190,2,0,0,0,RandD,low
0.43,0.61,5,128,5,0,0,0,finance,low
0.42,0.4,5,163,9,0,0,0,support,medium
0.15,0.43,4,198,2,0,0,0,management,high
0.34,0.54,6,233,10,0,0,0,finance,low
0.54,0.48,6,96,5,0,0,0,IT,low
0.26,0.85,4,249,5,0,0,0,RandD,medium
0.13,0.88,5,262,7,1,1,0,RandD,medium
0.59,0.46,7,192,3,0,0,0,marketing,low
0.12,0.61,6,274,5,0,0,0,product_mng,medium
0.57,0.36,5,251,3,1,1,0,RandD,low
0.38,0.87,7,154,10,0,0,0,product_mng,medium
0.37,0.91,6,189,2,0,0,0,product_mng,high
0.56,0.4,2,156,10,0,1,0,management,low
0.31,0.87,3,104,7,1,0,0,RandD,low
0.66,0.6,6,137,8,0,0,0,RandD,medium
0.26,0.56,4,193,6,0,0,0,finance,medium
0.48,0.76,4,211,5,0,0,0,sales,medium
0.26,0.72,2,205,6,0,0,0,hr,high
0.45,0.77,3,293,10,0,0,0,IT,low
0.52,0.45,7,242,6,0,1,0,IT,low
0.47,0.58,7,125,9,1,1,0,technical,medium
0.16,0.77,5,178,5,0,0,0,IT,medium
0.6,0.85,2,298,6,0,0,0,technical,low
0.62,0.59,3,305,8,0,0,0,product_mng,low
0.51,0.56,3,158,2,0,0,0,hr,medium
0.25,0.47,4,176,9,1,1,0,IT,medium
0.34,0.82,5,169,2,0,0,0,finance,low
0.54,0.51,3,303,2,0,0,0,technical,low
0.3,0.54,2,102,6,0,0,0,support,low
0.47,0.82,6,255,9,0,0,0,support,low
0.12,0.36,2,212,6,0,0,0,support,medium
0.38,0.36,4,199,8,1,0,0,support,low
0.66,0.7,2,232,9,0,0,0,sales,low
0.13,0.49,5,178,2,0,0,0,hr,low
0.17,0.66,6,277,8,0,0,0,finance,low
0.25,0.82,3,215,6,0,0,0,support,low
0.09,0.56,5,288,2,0,0,0,marketing,high
0.19,0.36,2,207,9,0,0,0,IT,medium
0.43,0.65,4,98,5,0,0,0,hr,low
0.15,0.43,2,303,7,0,0,0,sales,medium
0.3,0.47,3,117,5,0,1,0,support,medium
0.54,0.74,2,164,7,1,0,0,marketing,medium
0.15,0.67,5,166,5,0,0,0,support,low
0.48,0.47,6,218,7,0,1,0,IT,medium
0.65,0.7,5,257,7,0,0,0,support,low
0.38,0.54,2,200,8,0,1,0,marketing,low
0.49,0.66,3,302,8,0,0,0,support,low
0.12,0.82,4,141,9,0,0,0,technical,medium
0.17,0.77,6,194,9,0,1,0,IT,high
0.6,0.69,3,271,5,0,1,0,hr,medium
0.12,0.45,2,205,2,0,0,0,hr,low
0.34,0.82,5,199,3,1,0,0,technical,medium
0.27,0.66,2,244,10,0,0,0,product_mng,low
0.51,0.61,7,264,5,0,0,0,sales,high
0.44,0.44,2,174,6,0,1,0,product_mng,medium
0.69,0.82,4,189,8,0,0,0,marketing,medium
0.71,0.78,2,237,4,0,1,0,product_mng,low
0.31,0.75,7,125,3,0,0,0,finance,medium
0.26,0.36,6,246,4,0,0,0,marketing,medium
0.27,0.74,3,99,2,0,0,0,finance,medium
0.12,0.81,3,186,8,1,0,0,management,medium
0.69,0.56,4,119,8,0,0,0,sales,high
0.42,0.93,4,173,7,0,1,0,marketing,medium
0.73,0.36,5,295,5,0,0,0,sales,medium
0.24,0.49,7,227,7,0,0,0,marketing,low
0.08,0.58,6,255,7,0,0,0,RandD,low
0.16,0.44,4,264,8,0,0,0,technical,low
0.35,0.36,4,235,8,0,1,0,finance,medium
0.36,0.51,2,301,8,1,0,0,IT,medium
0.59,0.76,7,100,2,0,0,0,marketing,high
0.85,0.63,7,250,8,0,0,0,IT,low
0.33,0.72,4,208,10,1,0,0,product_mng,low
0.21,0.42,7,195,7,1,0,0,support,low
0.28,0.52,3,234,2,0,0,0,hr,high
0.71,0.37,7,296,5,0,0,0,hr,medium
0.52,0.37,4,221,3,0,1,0,support,medium
0.26,0.36,4,287,3,0,0,0,sales,low
0.19,0.96,2,205,4,0,0,0,support,low
0.39,0.51,7,112,8,0,1,0,hr,medium
0.52,0.76,4,102,2,1,1,0,management,medium
0.4,0.71,7,263,9,0,0,0,technical,low
0.18,0.65,6,231,10,0,0,0,marketing,low
0.35,0.59,7,121,7,0,1,0,sales,medium
0.07,0.88,4,162,2,0,0,0,hr,medium
0.35,0.52,6,181,10,0,0,0,management,medium
0.19,0.8,4,241,5,0,0,0,marketing,medium
0.28,0.81,3,168,10,0,0,0,technical,low
0.24,0.76,7,273,8,0,0,0,technical,medium
0.54,0.6,7,188,5,0,0,0,support,medium
0.72,0.63,6,215,3,0,1,0,technical,low
0.33,0.44,6,192,2,1,0,0,management,low
0.33,0.67,3,140,7,0,1,0,management,medium
0.71,0.62,2,102,8,0,0,0,finance,medium
0.43,0.54,2,192,9,0,0,0,marketing,medium
0.33,0.59,3,164,10,0,0,0,finance,medium
0.7,0.85,7,260,5,1,1,0,RandD,low
0.09,0.66,4,169,2,0,0,0,support,medium
0.27,0.72,4,207,4,0,0,1,product_mng,low
0.23,0.84,7,103,5,0,0,0,RandD,medium
0.56,0.52,5,96,4,0,0,0,product_mng,medium
0.67,0.81,3,218,10,0,0,0,technical,low
0.69,0.36,7,135,3,0,0,0,IT,medium
0.19,0.56,3,240,9,0,1,0,IT,medium
0.62,0.62,7,301,3,0,0,0,management,low
0.23,0.9,5,125,8,1,0,0,finance,low
0.36,0.74,6,116,4,0,0,0,product_mng,low
0.54,0.51,2,149,5,1,0,0,management,low
0.51,0.64,3,180,10,0,0,0,IT,low
0.17,0.9,3,168,9,0,0,0,finance,high
0.29,0.56,5,307,3,0,0,0,sales,medium
0.25,0.36,2,235,9,0,0,0,IT,low
0.22,0.69,5,189,10,0,0,0,product_mng,medium
0.47,0.67,5,161,6,1,1,0,IT,low
0.11,0.58,3,291,6,0,0,0,marketing,medium
0.26,0.71,4,191,7,0,0,0,IT,low
0.37,0.69,6,226,7,0,0,0,technical,low
0.19,0.56,3,190,10,0,1,0,management,medium
0.39,0.69,3,124,9,1,0,0,marketing,low
0.64,0.41,2,207,7,0,0,0,sales,low
0.24,0.36,7,173,3,0,0,0,IT,low
0.37,0.42,7,191,9,0,1,0,marketing,low
0.57,0.43,6,236,2,0,0,0,finance,medium
0.15,0.38,7,241,4,0,0,0,hr,medium
0.46,0.74,2,245,4,1,1,0,product_mng,low
0.4,0.71,2,158,2,0,0,0,hr,medium
0.26,0.86,3,298,6,0,0,0,product_mng,low
0.36,0.52,7,159,7,1,0,0,technical,low
0.54,0.64,6,126,10,0,1,0,RandD,medium
0.26,0.54,6,205,3,0,0,0,product_mng,medium
0.55,0.78,5,151,5,0,0,0,management,medium
0.14,0.72,3,247,2,0,0,0,sales,low
0.28,0.47,6,100,7,0,0,0,IT,low
0.57,0.7,7,103,8,0,0,0,finance,medium
0.13,0.94,4,300,6,0,0,0,marketing,low
0.35,0.77,3,267,8,0,0,0,management,low
0.42,0.74,6,109,4,0,1,0,RandD,low
0.35,0.64,5,169,4,1,0,0,support,medium
0.7,0.67,2,246,8,0,0,0,RandD,medium
0.33,0.64,5,236,10,0,0,0,hr,low
0.66,0.7,6,98,7,0,1,0,RandD,low
0.46,0.94,7,105,2,0,0,0,marketing,medium
0.23,0.65,7,198,9,0,1,0,management,medium
0.44,0.63,2,249,10,0,0,0,marketing,medium
0.29,0.74,5,282,3,0,0,0,finance,medium
0.57,0.57,2,123,8,0,0,0,technical,high
0.65,0.93,5,269,7,0,0,0,hr,low
0.63,0.64,7,265,3,1,0,0,sales,low
0.56,0.85,6,180,4,0,0,0,management,medium
0.29,0.36,4,204,8,0,0,0,management,low
0.41,0.51,2,234,6,0,1,0,IT,low
0.18,0.39,3,115,9,0,0,0,RandD,low
0.79,0.55,7,119,10,1,1,0,marketing,low
0.31,0.47,7,117,10,0,0,0,support,low
0.57,0.65,3,232,8,0,0,0,product_mng,medium
0.1,0.9,4,195,9,1,0,0,IT,medium
0.4,0.64,4,148,3,0,0,0,marketing,medium
0.11,0.57,3,145,7,0,0,0,product_mng,medium
0.73,0.88,5,245,2,1,0,0,hr,medium
0.32,0.72,2,126,4,0,0,0,support,medium
0.52,0.48,2,196,7,0,0,0,marketing,low
0.48,0.36,2,243,3,0,0,0,IT,low
0.15,0.39,6,272,6,0,0,0,product_mng,medium
0.29,0.68,5,308,7,0,1,0,support,low
0.34,0.89,3,156,7,0,0,0,management,low
0.06,0.78,7,275,3,0,1,0,technical,low
0.5,0.63,6,104,3,0,0,0,support,medium
0.08,0.66,5,132,2,0,0,0,IT,high
0.56,0.69,4,132,10,1,1,0,hr,low
0.47,0.68,7,284,9,0,0,0,RandD,low
0.65,0.68,4,233,5,1,0,0,RandD,medium
0.05,0.89,6,152,8,0,0,1,technical,medium
0.77,0.86,2,169,6,0,0,0,technical,low
0.04,0.95,3,288,9,0,0,0,hr,low
0.51,0.61,3,171,6,1,0,0,technical,low
0.1,0.36,4,201,8,0,0,0,technical,medium
0.32,0.79,5,287,6,0,0,0,finance,low
0.1,0.65,4,217,2,0,0,0,sales,low
0.25,0.7,3,116,2,1,0,1,technical,medium
0.48,0.82,3,279,2,0,1,0,product_mng,low
0.48,0.51,5,152,2,0,1,0,finance,high
0.29,0.68,6,255,2,0,0,0,sales,high
0.65,0.76,4,174,6,0,0,0,technical,medium
0.12,0.81,6,307,8,0,0,0,hr,medium
0.11,0.53,3,257,7,0,0,0,finance,medium
0.11,0.66,2,230,9,0,1,0,finance,medium
0.35,0.79,3,210,4,0,0,0,technical,high
0.08,0.91,5,199,4,0,0,0,sales,medium
0.39,0.99,7,213,8,0,0,0,IT,high
0.43,0.84,4,187,7,0,1,0,management,low
0.3,0.73,6,98,6,0,0,0,support,medium
0.11,0.64,3,297,3,0,0,0,finance,medium
0.57,0.36,7,274,9,0,1,0,RandD,high
0.42,0.36,3,215,6,0,0,0,finance,medium
0.34,0.96,3,309,3,0,0,0,marketing,low
0.25,0.64,4,217,10,0,0,0,management,medium
0.46,0.73,7,204,4,0,0,0,hr,medium
0.77,0.67,2,215,2,0,0,0,technical,low
0.24,0.41,4,115,4,0,0,0,marketing,low
0.21,0.86,4,241,9,0,1,0,IT,low
0.16,0.77,5,191,5,0,1,0,product_mng,low
0.41,0.61,4,163,9,1,0,0,hr,medium
0.54,0.36,3,256,4,0,0,0,marketing,low
0.16,0.36,2,289,6,1,1,0,marketing,low
0.38,0.58,6,239,2,0,0,0,support,low
0.35,0.5,4,277,5,0,0,0,RandD,low
0.41,0.36,6,215,8,0,1,0,RandD,medium
0.45,0.46,5,295,3,0,0,0,product_mng,medium
0.3,0.72,2,260,9,0,0,0,management,low
0.14,0.36,5,148,2,0,1,0,marketing,medium
0.15,0.61,6,102,10,0,0,0,product_mng,medium
0.23,0.37,2,112,6,0,0,0,marketing,medium
0.51,0.74,2,138,4,1,0,0,technical,medium
0.17,0.63,4,223,5,0,0,0,IT,low
0.41,0.6,4,301,6,0,0,0,IT,low
0.41,0.78,3,103,7,0,0,0,technical,medium
0.86,0.36,4,242,5,0,0,0,marketing,low
0.66,0.92,4,123,10,0,0,0,sales,medium
0.51,0.76,7,236,6,0,0,0,RandD,low
0.29,0.5,4,132,7,0,0,0,support,low
0.31,0.61,5,162,6,0,0,0,marketing,high
0.44,0.51,6,168,7,0,1,0,support,low
0.16,0.92,6,271,2,0,0,0,support,low
0.35,0.6,6,265,9,0,0,0,product_mng,low
0.66,0.74,6,237,4,0,0,0,RandD,low
0.08,0.37,7,234,7,0,1,0,technical,medium
0.18,0.53,2,301,9,0,1,0,support,medium
0.76,0.73,3,309,6,1,0,0,IT,low
0.54,0.36,3,121,5,0,1,0,management,low
0.54,0.71,5,154,10,0,0,0,RandD,low
0.51,0.4,6,222,5,0,0,0,RandD,medium
0.17,0.48,3,255,6,1,0,0,support,medium
0.5,0.5,3,207,4,0,0,0,RandD,medium
0.23,0.47,7,131,5,0,0,0,IT,low
0.51,0.71,5,210,2,1,0,0,marketing,medium
0.27,0.42,6,250,10,1,1,0,product_mng,low
0.77,0.74,4,235,2,0,1,0,technical,medium
0.12,0.63,2,221,9,0,1,0,product_mng,low
0.18,0.85,6,259,6,1,0,0,management,medium
0.57,0.65,7,308,6,0,1,0,management,medium
0.34,0.69,7,150,9,0,0,0,management,medium
0.44,0.36,5,221,9,0,0,0,sales,medium
0.53,0.45,2,98,2,0,0,0,finance,low
0.41,0.86,2,190,10,0,0,0,marketing,medium
0.23,0.63,3,220,6,1,1,0,product_mng,low
0.27,0.36,3,114,9,1,0,0,technical,medium
0.17,0.36,4,241,2,1,0,0,finance,medium
0.57,0.67,2,173,10,0,1,0,management,low
0.6,0.82,5,146,3,0,0,0,technical,low
0.17,0.55,7,259,2,0,0,0,IT,low
0.33,0.67,3,153,8,0,0,0,product_mng,medium
0.72,0.79,4,186,10,0,0,0,management,medium
0.41,0.44,5,163,9,0,0,0,sales,medium
0.61,0.73,3,224,8,0,0,0,technical,low
0.27,0.86,4,269,4,0,1,0,finance,low
0.5,0.87,6,307,7,0,0,0,management,medium
0.5,0.46,2,291,8,1,1,0,sales,low
0.77,0.45,4,160,4,0,0,0,RandD,low
0.12,0.46,3,242,5,0,0,0,product_mng,low
0.87,0.67,2,138,7,1,0,0,finance,medium
0.69,0.73,7,118,8,0,0,0,IT,high
0.41,0.45,4,128,7,1,1,0,sales,medium
0.55,0.62,5,240,7,0,0,0,technical,low
0.32,0.82,4,282,7,0,0,0,technical,high
0.57,0.77,5,128,5,0,0,0,sales,medium
0.19,0.46,5,298,2,0,1,0,finance,low
0.44,0.88,4,261,9,0,0,1,sales,medium
0.44,0.6,5,134,7,0,0,0,sales,low
0.64,0.36,7,203,5,0,1,0,hr,medium
0.29,0.62,4,294,3,0,0,0,hr,low
0.17,0.9,7,116,2,0,0,0,sales,medium
0.73,0.82,4,120,7,1,1,1,marketing,medium
0.49,0.65,6,221,4,0,0,0,IT,low
0.35,0.54,6,103,7,1,0,0,management,medium
0.39,0.73,6,253,5,0,1,0,IT,low
0.68,0.76,2,295,9,1,0,0,support,low
0.31,0.36,3,115,4,0,1,0,technical,low
0.38,0.6,5,258,2,0,0,0,IT,medium
0.38,0.53,2,162,10,0,0,0,sales,low
0.44,0.61,5,304,7,0,0,0,product_mng,high
0.45,0.58,4,120,3,0,0,0,hr,medium
0.77,0.67,3,268,6,0,1,0,technical,medium
0.58,0.96,4,142,9,1,0,0,RandD,medium
0.26,0.7,2,163,4,0,0,0,marketing,medium
0.21,0.72,2,171,4,0,0,0,IT,low
0.19,0.36,5,227,4,0,0,1,technical,low
0.57,0.76,4,285,2,0,0,0,finance,medium
0.41,0.74,7,213,4,0,0,0,support,low
0.31,0.44,6,110,10,0,0,0,RandD,low
0.63,0.76,6,229,5,0,0,0,hr,medium
0.66,0.83,3,192,4,1,0,0,support,medium
0.06,0.6,2,102,3,0,0,0,technical,low
0.19,0.36,6,98,10,0,0,0,RandD,high
0.47,0.65,5,205,7,1,0,0,RandD,low
0.32,0.75,3,258,3,1,0,0,finance,medium
0.29,0.75,6,242,8,1,0,0,hr,low
0.34,0.4,7,164,2,0,0,0,management,low
0.58,0.36,4,275,3,0,0,0,support,high
0.63,0.65,6,237,6,0,1,0,management,low
0.34,0.53,5,100,8,0,0,0,sales,medium
0.5,0.47,6,157,3,0,0,0,technical,medium
0.35,0.6,3,266,3,0,1,0,RandD,low
0.23,0.44,6,102,9,0,0,0,hr,low
0.46,0.96,2,199,3,0,0,0,technical,medium
0.17,0.71,5,268,2,0,0,0,marketing,low
0.51,0.54,7,260,2,0,0,0,finance,medium
0.64,0.36,2,220,8,1,1,0,sales,medium
0.22,0.36,4,255,5,1,1,0,RandD,low
0.42,0.66,2,137,9,0,0,0,sales,high
0.55,0.36,4,228,9,1,0,0,product_mng,medium
0.62,0.69,2,105,4,0,1,0,marketing,medium
0.58,0.58,7,139,2,0,0,0,finance,low
0.7,0.83,3,233,3,0,0,0,finance,low
0.32,0.6,3,113,8,0,1,0,marketing,low
0.38,0.71,3,179,8,0,0,0,support,medium
0.14,0.77,4,158,8,0,1,0,marketing,medium
0.27,0.8,6,170,5,0,0,0,RandD,low
0.59,0.67,7,138,9,0,0,0,technical,low
0.3,0.38,4,296,10,0,1,0,RandD,medium
0.68,0.86,3,186,8,1,0,0,hr,medium
0.56,0.36,7,149,6,0,0,0,hr,low
0.91,0.74,7,283,8,0,0,0,RandD,low
0.29,0.61,5,301,8,1,0,0,product_mng,medium
0.59,0.36,3,234,4,0,0,0,sales,low
0.55,0.61,2,261,5,0,0,0,management,low
0.37,0.72,2,277,4,0,0,0,support,low
0.26,0.64,7,280,9,0,0,0,marketing,low
0.4,0.55,2,300,5,0,0,0,sales,high
0.16,0.86,3,169,3,1,0,0,marketing,low
0.48,0.92,6,174,6,1,1,0,technical,medium
0.43,0.73,7,223,5,0,0,0,product_mng,low
0.47,0.68,2,231,3,0,0,0,support,medium
0.37,0.45,7,119,10,0,1,0,marketing,low
0.31,0.76,5,128,7,0,0,0,sales,low
0.36,0.72,7,174,5,0,0,0,management,medium
0.16,0.5,7,270,7,0,1,0,management,medium
0.55,0.52,3,266,2,0,0,0,sales,low
0.34,0.9,7,136,8,0,1,0,sales,low
0.57,0.56,4,298,5,0,0,0,hr,low
0.31,0.36,4,167,6,0,0,0,hr,low
0.4,0.39,4,177,5,0,0,0,hr,medium
0.2,0.78,4,101,6,0,0,0,finance,low
0.79,0.38,3,237,7,0,0,0,product_mng,low
0.69,0.54,2,245,8,0,1,0,IT,high
0.52,0.39,3,288,9,0,1,1,hr,low
0.66,0.4,5,213,10,0,0,0,finance,low
0.49,0.49,5,200,3,1,0,0,sales,medium
0.31,0.58,4,175,4,0,1,0,finance,low
0.34,0.4,3,241,8,0,0,0,management,low
0.36,0.42,7,117,8,0,0,0,finance,low
0.27,0.89,4,220,2,1,0,0,sales,low
0.26,0.68,5,192,9,0,0,0,sales,medium
0.59,0.36,2,177,9,0,0,0,support,low
0.27,0.84,3,247,8,0,1,0,hr,low
0.22,0.7,7,143,3,0,0,0,RandD,low
0.34,0.52,7,218,4,0,0,0,management,low
0.82,0.58,4,135,3,0,0,0,hr,low
0.28,0.6,4,270,4,0,0,0,technical,medium
0.74,0.57,7,190,7,0,1,0,hr,medium
0.07,0.36,2,229,8,0,0,0,finance,medium
0.11,0.63,7,219,3,1,0,0,technical,low
0.78,0.38,3,215,9,0,0,0,IT,medium
0.57,0.65,6,112,4,0,0,0,hr,medium
0.82,0.87,6,129,4,0,0,0,IT,low
0.66,0.85,6,206,9,0,1,0,finance,low
0.5,0.81,4,196,2,0,0,0,product_mng,medium
0.27,0.44,4,276,5,0,0,0,product_mng,low
0.77,0.41,3,179,10,0,0,0,IT,low
0.51,0.84,3,163,6,0,0,0,support,high
0.29,0.82,3,119,3,0,0,0,product_mng,medium
0.25,0.47,6,234,6,0,0,0,IT,high
0.13,0.64,5,266,5,0,0,0,RandD,medium
0.64,0.37,2,245,2,0,0,0,marketing,low
0.13,0.72,7,144,8,0,1,1,management,medium
0.79,0.8,2,206,4,1,1,0,management,low
0.6,0.81,6,186,5,0,0,0,support,high
0.66,0.69,5,211,10,0,1,0,RandD,low
0.48,0.36,4,151,2,0,0,0,RandD,low
0.11,0.36,6,124,8,0,0,0,marketing,medium
0.42,0.36,7,106,10,0,0,0,IT,high
0.23,0.42,2,190,6,0,0,0,support,medium
0.43,0.65,5,161,5,0,0,0,RandD,high
0.04,0.73,4,159,2,0,0,0,hr,low
0.13,0.71,3,175,2,0,0,0,sales,medium
0.1,0.74,2,305,8,0,0,0,sales,medium
0.59,0.37,5,235,5,0,0,0,technical,low
0.53,0.36,7,155,7,0,0,0,technical,low
0.79,0.86,2,172,5,1,0,0,product_mng,low
0.43,0.58,6,285,10,0,0,0,sales,medium
0.34,0.67,6,177,10,0,0,0,finance,medium
0.25,0.36,4,228,2,1,0,0,product_mng,low
0.33,0.6,6,132,10,0,1,0,support,medium
0.23,0.68,7,98,4,0,0,1,hr,medium
0.11,0.75,3,288,10,0,0,0,product_mng,low
0.55,0.36,5,194,5,0,1,0,support,medium
0.31,0.68,6,231,6,0,0,0,hr,low
0.75,0.59,2,231,3,0,0,0,IT,medium
0.53,0.66,4,131,6,1,1,0,technical,medium
0.17,0.66,5,106,6,0,1,0,management,low
0.52,0.71,7,233,3,0,0,1,management,medium
0.63,0.91,4,112,5,0,0,0,sales,medium
0.72,0.62,6,131,6,1,0,0,marketing,medium
0.46,0.42,3,136,7,0,1,0,RandD,low
0.56,0.4,2,125,6,0,0,0,hr,medium
0.34,0.4,3,172,10,0,0,0,sales,high
0.2,0.89,6,169,9,0,0,0,RandD,medium
0.6,0.86,6,268,4,0,0,0,IT,medium
0.39,0.99,5,199,8,1,0,0,management,medium
0.77,0.95,2,98,10,0,0,0,product_mng,medium
0.79,0.36,6,191,7,0,0,0,IT,low
0.07,0.67,6,241,8,0,0,0,management,medium
0.48,0.73,3,195,7,0,0,0,sales,low
0.23,0.46,3,259,8,1,0,0,sales,low
0.2,0.6,7,114,2,1,0,0,technical,high
0.26,0.42,3,259,4,0,1,0,technical,low
0.19,0.65,7,227,7,0,0,0,sales,low
0.25,0.96,2,164,8,0,0,0,product_mng,medium
0.26,0.83,2,140,4,0,0,0,finance,low
0.88,0.61,3,269,4,0,1,0,sales,low
0.75,0.68,4,294,7,0,0,0,IT,medium
0.56,0.82,7,103,3,0,0,0,support,high
0.46,0.47,3,162,7,0,0,0,technical,low
0.3,0.62,2,154,4,0,0,0,support,low
0.7,0.69,2,147,5,0,0,1,marketing,medium
0.44,0.46,4,191,4,0,0,0,sales,low
0.4,0.61,7,259,4,0,1,0,sales,low
0.49,0.49,2,153,3,0,0,0,marketing,low
0.68,0.59,4,183,7,0,0,0,product_mng,medium
0.37,0.57,6,115,6,0,0,0,technical,low
0.17,0.38,4,298,7,0,0,0,sales,high
0.05,0.5,3,134,3,0,0,0,sales,low
0.17,0.88,2,225,7,0,1,0,support,low
0.49,0.77,5,142,9,0,0,0,finance,low
0.24,0.63,6,160,3,0,1,0,management,medium
0.51,0.87,3,269,8,0,0,0,IT,low
0.57,0.36,5,166,7,0,0,0,support,low
0.5,0.4,7,109,4,0,0,0,technical,medium
0.16,0.75,6,290,6,0,0,0,hr,low
0.23,0.76,2,303,10,0,0,0,hr,low
0.78,0.58,6,283,4,0,0,0,finance,low
0.75,0.71,2,151,9,0,0,0,marketing,low
0.76,0.44,4,272,10,0,0,0,IT,low
0.61,0.74,5,281,2,0,0,0,RandD,low
0.72,0.89,7,239,9,1,1,0,IT,low
0.13,0.78,5,161,6,0,0,0,marketing,low
0.23,0.59,5,244,2,0,1,0,marketing,medium
0.49,0.61,3,143,3,0,0,0,management,high
0.2,0.43,4,105,4,1,0,0,management,medium
0.38,0.68,7,296,9,0,0,0,finance,low
0.27,0.36,6,173,7,0,0,0,support,medium
0.71,0.65,3,111,3,0,1,0,technical,medium
0.36,0.75,3,124,3,0,1,0,technical,medium
0.27,0.55,5,287,3,0,0,0,finance,low
0.78,0.58,3,178,9,0,0,0,product_mng,high
0.2,0.72,3,181,8,0,0,0,hr,medium
0.39,0.69,5,283,6,0,0,0,technical,low
0.64,0.59,5,240,3,0,1,0,RandD,medium
0.17,0.81,7,261,7,0,0,0,RandD,low
0.37,0.36,2,232,2,1,0,0,IT,medium
0.15,0.71,6,287,9,0,0,0,finance,medium
0.52,0.67,3,273,4,0,0,0,product_mng,medium
0.61,0.36,3,189,3,0,0,0,management,low
0.27,0.61,7,148,8,0,0,0,sales,low
0.35,0.52,6,153,5,0,0,0,IT,low
0.6,0.7,2,211,5,0,0,0,support,low
0.27,0.55,4,141,8,0,0,0,technical,low
0.2,0.36,2,234,5,0,0,0,finance,low
0.51,0.79,2,229,4,0,0,0,sales,high
0.42,0.89,4,245,6,0,1,0,marketing,medium
0.29,0.96,5,121,2,0,0,0,support,low
0.57,0.44,6,174,5,0,0,0,technical,low
0.45,0.44,2,135,6,0,1,0,finance,low
0.48,0.53,7,174,6,0,0,0,support,low
0.57,0.89,7,267,9,0,0,0,hr,low
0.34,0.93,5,105,9,1,0,0,management,medium
0.41,0.6,4,165,8,0,0,0,product_mng,medium
0.39,0.66,6,272,2,0,1,0,technical,low
0.33,0.42,3,148,3,0,0,0,hr,medium
0.34,0.61,4,304,8,0,0,0,product_mng,medium
0.58,0.68,5,292,7,1,0,0,product_mng,medium
0.38,0.56,7,161,3,0,0,0,support,medium
0.19,0.37,7,249,10,0,0,0,technical,low
0.12,0.68,7,304,9,0,0,0,sales,low
0.16,0.49,2,110,5,0,1,0,sales,medium
0.14,0.67,7,148,3,0,0,0,support,low
0.75,0.56,3,121,7,0,0,0,marketing,low
0.52,0.68,2,264,3,0,0,0,RandD,low
0.36,0.63,7,221,7,0,0,0,IT,low
0.75,0.56,2,247,5,0,0,0,marketing,medium
0.54,0.39,3,262,10,0,0,0,product_mng,low
0.15,0.48,5,287,5,1,0,0,sales,low
0.15,0.36,5,146,9,0,0,0,RandD,low
0.33,0.77,4,122,8,0,0,0,technical,low
0.31,0.97,5,211,10,1,0,0,technical,medium
0.44,0.47,5,133,7,0,1,0,product_mng,medium
0.59,0.62,5,213,8,0,1,0,finance,low
0.35,0.5,2,108,3,0,0,0,hr,medium
0.89,0.68,2,167,3,1,0,0,IT,low
0.52,0.63,3,299,10,1,1,0,sales,low
0.49,0.43,6,178,7,0,0,0,IT,low
0.37,0.36,7,199,5,0,0,0,product_mng,low
0.64,0.97,7,292,6,0,0,1,product_mng,low
0.43,0.9,3,195,9,0,0,0,sales,medium
0.24,0.68,2,309,2,0,0,0,RandD,low
0.42,0.97,6,153,9,0,0,0,support,low
0.5,0.52,3,192,10,0,0,0,IT,medium
0.3,0.82,5,256,3,0,1,0,product_mng,medium
0.26,0.38,3,296,6,0,0,0,finance,medium
0.39,0.75,4,125,4,1,1,0,hr,medium
0.43,0.76,4,283,3,0,0,0,IT,low
0.5,0.54,4,297,5,0,0,0,technical,medium
0.6,0.46,2,155,4,1,0,0,sales,low
0.41,0.58,6,248,9,0,0,0,marketing,low
0.33,0.53,3,308,10,0,0,0,sales,low
0.49,0.36,6,118,8,0,0,0,hr,low
0.26,0.73,5,193,4,0,0,0,marketing,medium
0.16,0.57,2,242,7,0,1,1,management,low
0.29,0.49,4,169,4,0,0,0,technical,low
0.34,0.49,3,101,4,0,0,0,hr,medium
0.38,0.38,5,308,5,0,1,0,RandD,medium
0.33,0.84,3,126,7,0,0,0,RandD,low
0.45,0.56,4,186,7,0,0,0,management,low
0.41,0.52,7,212,6,1,0,0,hr,low
0.31,0.61,2,117,4,1,0,0,technical,low
0.14,0.73,4,176,7,0,0,0,management,medium
0.1,0.81,5,284,4,0,0,0,sales,low
0.15,0.67,5,155,10,0,1,0,support,medium
0.29,0.65,7,164,8,0,1,0,RandD,medium
0.22,0.68,2,114,2,0,1,0,management,medium
0.35,0.51,6,218,3,0,1,0,RandD,medium
0.17,0.36,2,116,5,0,0,0,hr,low
0.28,0.77,7,160,2,0,0,0,sales,medium
0.13,0.83,2,174,5,0,0,0,marketing,low
0.17,0.36,7,212,10,0,0,0,marketing,medium
0.5,0.82,5,234,9,0,0,0,finance,medium
0.55,0.83,7,222,5,0,0,0,support,medium
0.2,0.94,4,182,9,0,0,0,IT,low
0.27,0.54,3,141,5,0,0,0,management,low
0.38,0.47,2,275,10,0,0,0,support,low
0.72,0.57,3,186,6,0,1,0,marketing,medium
0.35,0.78,7,304,7,0,1,0,marketing,low
0.18,0.37,7,243,6,0,0,0,sales,medium
0.64,0.6,5,303,8,0,0,0,hr,low
0.13,0.67,3,300,4,0,1,0,marketing,medium
0.35,0.64,6,235,5,0,0,0,sales,high
0.71,0.61,3,172,2,0,0,0,hr,low
0.15,0.36,5,306,9,0,1,0,technical,medium
0.35,0.67,3,198,2,0,0,0,support,low
0.34,0.99,6,155,8,0,0,0,RandD,medium
0.85,0.91,7,270,6,0,0,0,management,low
0.52,0.87,2,143,10,1,1,0,sales,low
0.6,0.71,6,138,7,0,1,0,marketing,low
0.5,0.92,2,126,9,0,0,0,RandD,medium
0.59,0.36,6,138,7,0,0,0,marketing,low
0.34,0.59,5,252,3,0,0,0,finance,low
0.51,0.7,6,286,7,0,0,0,marketing,low
0.17,0.68,7,292,10,0,0,0,finance,low
0.08,0.79,5,287,6,0,0,0,RandD,low
0.86,0.49,5,186,6,0,0,0,IT,medium
0.75,0.78,6,136,10,0,0,0,sales,low
0.69,0.36,3,105,8,0,0,0,technical,medium
0.5,0.93,7,201,9,0,0,0,product_mng,medium
0.86,0.41,5,253,3,0,0,0,sales,medium
0.41,0.94,7,246,10,1,0,0,technical,medium
0.83,0.86,4,134,8,0,0,0,hr,low
0.58,0.53,3,265,8,0,0,0,finance,medium
0.62,0.45,7,121,10,0,0,0,technical,low
0.42,0.41,3,233,4,1,0,0,support,low
0.63,0.81,6,205,10,0,1,0,IT,low
0.18,0.87,3,226,3,0,0,0,marketing,medium
0.62,0.47,4,295,7,1,1,0,IT,low
0.58,0.86,6,96,9,0,1,0,product_mng,low
0.73,0.83,4,231,9,1,0,0,technical,high
0.62,0.85,7,274,7,0,0,0,finance,low
0.46,0.8,2,218,10,0,1,0,IT,low
0.57,0.81,2,157,4,0,1,0,management,low
0.4,0.42,5,310,7,0,1,0,hr,low
0.29,0.59,7,293,4,0,1,0,finance,medium
0.37,0.58,3,304,7,0,1,0,finance,low
0.22,0.86,4,174,3,1,0,0,RandD,medium
0.43,0.78,6,165,9,0,0,0,product_mng,low
0.56,0.77,2,112,6,0,0,0,marketing,low
0.13,0.72,6,251,2,0,0,0,IT,low
0.54,0.57,4,262,2,0,0,0,management,medium
0.27,0.83,3,226,4,0,0,0,management,high
0.56,0.36,2,192,6,0,0,0,finance,medium
0.43,0.49,5,121,5,1,1,0,hr,low
0.48,0.95,4,244,8,0,0,0,marketing,medium
0.08,0.65,6,183,2,0,0,0,technical,medium
0.33,0.36,3,203,5,0,1,0,IT,high
0.45,0.87,2,142,5,0,1,0,sales,medium
0.56,0.88,4,148,4,0,1,0,finance,low
0.42,0.79,2,122,3,0,0,0,marketing,low
0.52,0.54,4,227,9,0,0,0,marketing,medium
0.07,0.38,2,214,5,0,0,0,product_mng,low
0.35,0.92,2,267,3,0,0,0,support,medium
0.75,0.82,3,241,6,0,0,0,technical,medium
0.46,0.46,6,156,10,0,0,0,sales,medium
0.28,0.55,3,194,4,1,1,0,technical,low
0.44,0.58,4,250,5,1,0,0,finance,medium
0.34,0.46,5,294,10,0,0,0,finance,medium
0.52,0.38,6,183,3,0,0,0,technical,medium
0.6,0.95,5,281,5,1,0,0,finance,medium
0.48,0.36,2,109,7,0,0,0,technical,medium
0.47,0.93,2,266,3,0,0,0,support,high
0.3,0.55,5,136,5,0,0,0,finance,low
0.29,0.54,5,187,7,0,0,0,management,medium
0.49,0.91,7,183,5,0,0,0,IT,medium
0.18,0.48,6,223,3,1,1,0,technical,high
0.36,0.84,6,268,10,0,0,0,hr,low
0.6,0.72,7,166,5,0,0,0,hr,medium
0.81,0.71,7,262,10,1,0,0,IT,low
0.65,0.37,4,202,8,0,0,0,hr,low
0.65,0.36,4,297,6,0,0,0,hr,low
0.09,0.79,3,142,5,0,0,0,management,medium
0.55,0.49,3,278,3,0,0,0,sales,low
0.52,0.6,2,300,2,1,0,0,technical,medium
0.28,0.36,2,309,7,1,0,0,RandD,high
0.4,0.48,2,202,4,0,1,0,management,medium
0.49,0.36,3,193,8,0,1,0,hr,low
0.25,0.81,6,133,4,0,0,0,management,medium
0.69,0.72,5,219,5,0,0,0,technical,medium
0.56,0.56,4,198,3,0,1,0,management,low
0.38,0.89,4,132,4,0,0,0,RandD,medium
0.65,0.5,3,119,2,0,0,1,technical,medium
0.34,0.53,3,195,5,0,1,0,IT,medium
0.45,0.9,5,109,3,0,0,0,management,medium
0.17,0.83,3,226,10,0,1,0,product_mng,low
0.62,0.62,4,97,10,0,0,0,hr,medium
0.06,0.44,3,269,7,0,0,0,sales,medium
0.58,0.55,4,254,10,0,0,0,hr,medium
0.28,0.52,7,141,2,0,0,0,RandD,medium
0.36,0.4,2,168,8,1,0,0,product_mng,low
0.05,0.76,7,295,9,0,0,0,sales,medium
0.16,0.95,2,259,9,0,0,0,management,high
0.56,0.83,5,173,4,0,0,0,marketing,low
0.25,0.5,7,274,8,0,1,0,management,medium
0.44,0.79,3,263,9,0,0,0,finance,low
0.21,0.74,2,265,8,0,0,0,product_mng,low
0.6,0.53,7,302,4,0,0,0,technical,medium
0.7,0.71,4,294,3,0,0,0,RandD,medium
0.7,0.67,5,221,4,0,0,0,management,medium
0.22,0.36,6,160,2,0,1,0,marketing,low
0.6,0.97,4,195,2,0,0,0,hr,low
0.76,0.53,6,227,9,0,0,0,product_mng,medium
0.19,0.64,2,212,7,0,0,0,hr,low
0.29,0.36,4,286,3,0,0,1,IT,low
0.38,0.37,4,199,9,0,0,0,IT,medium
0.41,0.79,6,231,4,1,0,0,marketing,medium
0.21,0.5,6,114,7,0,0,0,finance,low
0.36,0.47,3,179,7,0,1,0,IT,medium
0.34,0.76,3,152,4,0,0,0,finance,low
0.19,0.36,6,222,8,0,0,0,RandD,medium
0.56,0.8,6,236,4,0,0,0,support,medium
0.2,0.52,6,134,6,1,0,0,IT,low
0.31,0.48,6,237,8,0,1,0,hr,high
0.34,0.72,5,146,2,0,0,0,product_mng,low
0.43,0.98,4,163,10,0,0,0,marketing,low
0.22,0.71,7,281,8,0,0,0,hr,low
0.36,0.59,5,143,9,0,0,0,product_mng,low
0.44,0.84,4,99,4,0,1,0,RandD,low
0.45,0.72,2,185,2,0,0,0,sales,low
0.17,0.36,2,251,4,0,0,0,marketing,medium
0.17,0.74,6,268,6,1,1,0,IT,medium
0.37,0.59,7,304,4,1,1,0,finance,medium
0.6,0.67,3,195,2,0,0,0,product_mng,low
0.24,0.36,6,168,8,0,0,0,management,low
0.17,0.62,5,199,9,0,0,0,RandD,medium
0.47,0.36,5,242,9,0,0,0,sales,medium
0.52,0.52,4,176,2,0,0,0,IT,medium
0.57,0.82,4,103,7,0,0,0,product_mng,medium
0.34,0.75,7,149,9,0,1,0,technical,medium
0.09,0.49,5,191,2,0,1,0,IT,low
0.28,0.6,4,287,9,0,0,0,hr,medium
0.09,0.61,5,219,10,0,1,0,management,medium
0.35,0.5,3,105,7,0,1,0,finance,low
0.38,0.92,7,160,3,0,0,0,management,low
0.48,0.47,3,255,4,0,0,0,support,high
0.32,0.58,7,136,2,0,1,0,support,low
0.65,0.54,7,215,7,0,0,0,RandD,low
0.74,0.43,6,158,8,1,1,0,sales,low
0.56,0.36,2,235,5,0,1,0,technical,medium
0.43,0.58,3,121,7,0,0,0,IT,medium
0.45,0.78,5,274,9,0,0,0,IT,low
0.44,0.41,6,255,4,0,0,0,product_mng,medium
0.36,0.51,4,179,10,0,0,0,hr,low
0.45,0.58,7,291,6,0,1,0,marketing,medium
0.34,0.82,7,132,7,0,0,0,IT,medium
0.62,0.82,3,189,3,0,1,0,RandD,high
0.4,0.66,4,301,7,0,1,0,finance,medium
0.38,0.88,2,297,4,0,0,0,support,low
0.38,0.7,7,205,2,0,0,0,finance,low
0.12,0.43,6,231,3,0,0,0,management,low
0.18,0.68,7,233,7,0,0,0,product_mng,low
0.17,0.47,4,273,10,0,1,0,marketing,medium
0.46,0.87,5,256,4,0,0,0,finance,medium
0.1,0.55,4,183,2,0,0,0,finance,medium
0.49,0.55,7,229,5,0,0,0,management,medium
0.44,0.39,3,103,8,0,0,0,RandD,low
0.46,0.61,7,136,6,0,0,0,sales,medium
0.41,0.84,6,244,9,0,1,0,product_mng,low
0.53,0.51,4,121,2,0,0,0,marketing,medium
0.57,0.66,6,218,10,0,0,0,finance,medium
0.37,0.96,7,167,9,0,0,0,sales,low
0.52,0.36,2,303,10,1,0,0,hr,medium
0.07,0.83,3,231,10,0,0,0,hr,medium
0.63,0.59,4,289,8,0,1,0,marketing,low
0.12,0.58,3,289,4,0,0,0,hr,low
0.41,0.73,6,235,4,0,1,0,hr,medium
0.45,0.77,5,261,3,0,0,0,sales,low
0.45,0.96,2,208,5,0,0,0,finance,medium
0.36,0.73,2,183,2,0,0,0,marketing,low
0.28,0.59,3,103,8,0,0,0,RandD,low
0.5,0.36,7,120,2,0,0,0,support,low
0.39,0.52,4,263,6,0,0,0,hr,low
0.11,0.36,5,282,3,0,0,0,RandD,low
0.55,0.46,3,263,8,0,0,0,finance,low
0.62,0.98,5,99,7,0,0,0,finance,low
0.26,0.88,4,309,10,1,0,0,technical,medium
0.46,0.76,2,273,3,1,0,0,finance,medium
0.31,0.67,5,276,5,1,0,0,technical,low
0.45,0.46,6,137,10,0,0,0,support,low
0.61,0.6,4,141,9,0,0,0,product_mng,high
0.3,0.68,7,205,8,0,0,0,RandD,medium
0.48,0.77,4,125,10,0,1,0,sales,medium
0.08,0.4,3,220,10,0,0,0,technical,low
0.26,0.64,3,149,9,0,0,0,RandD,medium
0.18,0.63,6,305,7,0,0,0,product_mng,medium
0.8,0.77,4,264,10,0,1,0,finance,medium
0.44,0.51,3,276,8,0,0,0,sales,medium
0.24,0.65,5,180,3,0,1,0,technical,low
0.53,0.74,2,143,5,1,0,0,management,medium
0.15,0.49,4,116,10,0,0,0,IT,low
0.51,0.68,6,299,2,0,0,0,technical,low
0.3,0.59,5,286,8,0,1,0,finance,medium
0.54,0.66,4,214,8,0,0,0,product_mng,medium
0.12,0.86,2,226,8,1,1,0,hr,medium
0.03,0.7,3,233,3,1,0,0,sales,low
0.55,0.43,6,103,4,1,0,0,sales,low
0.32,0.36,2,176,8,0,0,0,management,medium
0.58,0.71,3,206,4,0,0,0,management,medium
0.5,0.73,2,253,2,1,0,0,RandD,low
0.59,0.94,7,212,4,0,0,0,marketing,low
0.58,0.72,4,287,2,0,1,0,RandD,low
0.37,0.67,3,221,2,0,0,0,sales,low
0.63,0.77,3,226,8,0,1,0,IT,low
0.49,0.8,5,154,5,0,0,0,management,medium
0.71,0.61,2,109,6,0,0,0,finance,medium
0.15,0.67,6,239,7,0,0,0,support,low
0.24,0.84,3,305,10,0,0,0,technical,medium
0.35,0.81,3,228,7,0,0,0,technical,medium
0.47,0.42,2,154,4,0,0,0,finance,low
0.65,0.83,5,299,10,0,1,0,hr,low
0.28,0.79,4,197,9,0,0,0,support,medium
0.48,0.76,6,238,10,0,0,0,RandD,low
0.33,0.48,3,107,2,0,1,0,sales,low
0.38,0.53,3,195,4,0,0,0,technical,medium
0.73,0.62,5,174,4,0,0,0,finance,low
0.49,0.59,6,261,6,0,0,0,RandD,low
0.64,0.91,2,199,9,0,1,0,marketing,medium
0.65,0.36,3,150,9,0,0,0,product_mng,low
0.18,0.36,2,98,2,0,0,0,sales,medium
0.3,0.36,5,283,7,0,0,0,marketing,low
0.49,0.64,3,189,9,0,0,0,support,high
0.53,0.81,4,211,5,0,0,0,support,low
0.86,0.5,3,196,10,0,0,0,product_mng,medium
0.75,0.7,7,284,7,0,1,0,hr,low
0.48,0.51,7,172,8,0,0,0,support,low
0.07,0.5,4,138,4,0,0,0,finance,low
0.15,0.36,2,291,4,0,0,0,marketing,medium
0.61,0.36,2,207,4,0,0,0,RandD,high
0.49,0.87,4,245,6,0,0,0,sales,low
0.7,0.72,2,266,2,0,0,0,technical,low
0.1,0.36,6,161,4,0,0,0,hr,medium
0.45,0.41,7,152,5,0,0,0,IT,low
0.3,0.67,7,223,10,0,0,0,technical,low
0.22,0.8,3,168,10,0,0,0,finance,low
0.04,0.63,5,281,2,0,0,0,hr,medium
0.21,0.94,6,259,5,0,1,0,hr,low
0.7,0.88,6,274,5,1,1,0,sales,low
0.43,0.36,7,255,6,1,0,0,sales,medium
0.4,0.36,5,133,6,0,1,0,product_mng,high
0.69,0.49,2,246,10,0,1,0,IT,low
0.47,0.39,2,113,7,0,1,0,marketing,medium
0.19,0.91,5,226,6,0,0,0,support,medium
0.28,0.36,7,198,6,0,1,0,IT,low
0.49,0.48,6,251,6,0,1,0,technical,medium
0.4,0.72,3,177,5,0,0,0,technical,low
0.57,0.36,7,252,10,0,0,0,management,medium
0.59,0.9,6,106,9,0,0,0,management,medium
0.15,0.93,3,254,6,0,1,0,technical,medium
0.2,0.53,3,273,4,0,0,0,sales,medium
0.25,0.63,2,265,5,0,0,0,marketing,medium
0.41,0.36,3,213,8,0,0,0,hr,low
0.18,0.41,4,242,7,0,0,0,technical,medium
0.15,0.76,4,146,3,0,0,0,finance,low
0.44,0.49,6,300,7,0,0,0,sales,medium
0.35,0.8,6,138,7,0,1,0,management,low
0.68,0.65,4,190,9,0,0,0,support,medium
0.12,0.36,6,192,3,0,0,0,RandD,low
0.79,0.73,2,207,10,0,0,0,hr,low
0.19,0.54,7,121,2,0,1,0,hr,medium
0.53,0.86,4,226,2,0,0,0,technical,low
0.81,0.84,5,250,6,0,1,0,support,low
0.27,0.62,2,151,6,0,0,0,finance,low
0.61,0.71,6,304,9,1,0,0,management,medium
0.25,0.82,4,129,9,0,0,0,sales,low
0.42,0.43,6,297,2,0,0,0,technical,medium
0.51,0.75,6,185,3,0,1,0,RandD,low
0.6,0.75,6,153,9,0,0,0,sales,low
0.09,0.76,6,127,2,0,0,0,RandD,low
0.22,0.36,5,101,7,0,0,0,product_mng,low
0.09,0.36,3,249,6,0,0,0,sales,medium
0.36,0.44,2,217,10,0,0,0,IT,medium
0.89,0.97,5,264,3,0,0,0,marketing,high
0.74,0.36,6,112,4,0,0,0,RandD,medium
0.35,0.48,7,182,5,0,0,0,IT,medium
0.18,0.5,7,135,7,0,0,0,finance,medium
0.83,0.64,4,215,10,0,0,0,product_mng,medium
0.82,0.95,6,268,8,1,0,0,management,low
0.31,0.59,4,127,4,0,0,0,finance,low
0.17,0.87,2,127,6,0,0,0,RandD,low
0.37,0.61,3,252,10,0,0,0,product_mng,medium
0.13,0.72,6,156,7,0,1,0,management,medium
0.28,0.78,3,99,7,0,0,0,technical,medium
0.07,0.89,7,298,10,0,0,0,hr,low
0.17,0.36,2,146,4,0,1,0,management,medium
0.27,0.94,5,119,3,0,0,0,product_mng,medium
0.62,0.68,6,219,9,0,0,0,technical,low
0.42,0.36,7,248,6,0,0,0,product_mng,medium
0.31,0.78,5,232,6,0,1,0,sales,low
0.26,0.36,2,190,6,0,0,0,hr,low
0.78,0.97,5,156,10,0,0,0,marketing,low
0.22,0.39,7,125,5,0,0,0,finance,low
0.04,0.64,5,215,10,0,0,0,technical,medium
0.6,0.57,4,240,9,0,0,0,support,medium
0.32,0.36,4,155,10,0,0,0,hr,low
0.28,0.76,7,233,2,0,0,0,sales,low
0.25,0.37,4,242,2,0,0,0,finance,medium
0.42,0.71,6,261,8,0,1,0,technical,medium
0.57,0.36,7,123,9,1,0,0,hr,low
0.63,0.57,2,103,3,1,0,0,finance,medium
0.48,0.49,4,309,10,0,1,0,hr,medium
0.66,0.36,7,291,3,0,0,0,technical,medium
0.21,0.63,2,188,8,0,0,0,product_mng,low
0.03,0.45,7,278,3,0,0,0,technical,low
0.78,0.38,2,306,6,1,0,0,hr,low
0.31,0.67,2,198,7,1,1,0,RandD,low
0.61,0.57,2,200,3,0,0,0,finance,medium
0.12,0.53,4,307,10,1,0,0,sales,low
0.42,0.74,5,285,4,0,0,0,marketing,low
0.22,0.47,2,136,9,0,1,0,hr,medium
0.39,0.87,6,255,2,0,1,0,hr,medium
0.47,0.42,6,151,5,0,0,0,marketing,low
0.56,0.88,6,194,5,1,0,0,RandD,medium
0.34,0.57,3,267,10,1,0,0,sales,low
0.2,0.87,5,288,6,0,1,0,hr,medium
0.32,0.72,2,104,10,0,0,0,hr,low
0.76,0.36,2,127,7,0,0,0,finance,low
0.44,0.36,4,175,4,1,0,0,RandD,medium
0.09,0.47,7,243,10,0,0,0,management,low
0.29,0.87,5,176,3,1,0,1,sales,medium
0.43,0.42,5,282,8,0,0,0,hr,medium
0.65,0.8,6,290,8,0,0,0,hr,low
0.77,0.63,2,209,5,0,0,0,technical,medium
0.56,0.36,5,285,9,0,0,0,hr,medium
0.24,0.52,5,148,4,0,0,0,technical,low
0.22,0.55,6,229,7,0,1,0,technical,low
0.43,0.57,7,244,9,0,0,0,marketing,medium
0.39,0.45,7,130,7,0,0,0,IT,low
0.25,0.67,7,97,4,0,0,0,support,low
0.13,0.53,2,96,2,0,0,0,product_mng,low
0.49,0.55,7,198,6,0,0,0,support,low
0.25,0.74,6,131,3,0,1,0,support,low
0.49,0.53,6,187,3,1,0,0,management,low
0.46,0.6,6,278,8,0,0,0,hr,low
0.66,0.55,6,289,7,0,1,0,sales,high
0.8,0.62,2,204,9,1,0,0,support,medium
0.13,0.59,4,171,9,0,0,0,support,low
0.2,0.36,7,133,7,0,0,0,management,medium
0.75,0.69,6,103,7,0,0,0,sales,low
0.59,0.96,2,181,9,0,0,0,IT,low
0.18,0.7,2,240,2,1,0,0,sales,high
0.76,0.52,5,163,10,0,0,0,IT,low
0.12,0.57,5,238,3,0,0,0,hr,medium
0.13,0.78,7,303,4,0,0,0,management,low
0.31,0.88,4,152,8,1,1,0,management,medium
0.64,0.36,7,255,10,0,0,0,management,low
0.32,0.36,3,182,4,0,0,0,hr,medium
0.47,0.66,2,239,3,0,0,0,finance,low
0.07,0.36,4,189,5,0,0,0,sales,medium
0.83,0.41,5,222,4,0,0,0,finance,low
0.29,0.68,7,222,10,0,1,0,management,medium
0.53,0.42,4,108,6,0,1,1,marketing,high
0.37,0.48,2,129,6,0,0,0,IT,medium
0.41,0.55,7,286,8,0,1,0,technical,medium
0.21,0.51,4,281,4,0,0,0,product_mng,low
0.09,0.36,5,140,5,1,0,0,product_mng,medium
0.24,0.66,7,248,9,0,1,0,hr,medium
0.54,0.79,5,115,6,0,0,0,IT,low
0.23,0.61,6,165,5,1,0,0,management,medium
0.59,0.69,4,184,2,0,0,0,technical,low
0.6,0.97,3,133,2,0,0,0,management,low
0.08,0.42,3,190,8,0,1,0,product_mng,medium
0.3,0.43,5,127,10,1,1,0,sales,medium
0.52,0.75,4,166,6,0,0,0,technical,low
0.25,0.57,7,283,7,0,1,0,technical,low
0.71,0.63,2,304,5,0,1,0,support,medium
0.32,0.54,3,258,6,0,0,0,hr,medium
0.06,0.36,3,259,7,1,0,0,marketing,low
0.55,0.66,6,198,2,0,0,0,sales,low
0.22,0.59,3,154,2,0,0,0,hr,low
0.42,0.48,7,191,4,0,1,0,support,low
0.6,0.88,6,156,2,0,1,0,support,low
0.73,0.67,4,235,7,0,0,0,product_mng,low
0.05,0.63,5,263,7,0,0,0,management,low
0.45,0.65,5,246,10,0,1,0,RandD,low
0.33,0.77,4,199,9,1,0,0,IT,medium
0.18,0.87,5,111,7,0,0,0,support,medium
0.18,0.93,7,195,4,1,0,0,sales,medium
0.2,0.36,5,142,8,0,1,0,marketing,medium
0.22,0.38,4,258,4,0,0,0,IT,low
0.24,0.83,2,176,6,0,0,0,support,medium
0.76,0.68,3,205,2,0,0,0,finance,medium
0.31,0.78,6,218,8,1,0,0,finance,low
0.29,0.59,5,100,7,0,0,0,technical,low
0.59,0.88,4,219,8,1,0,0,product_mng,low
0.18,0.46,2,282,7,1,1,0,product_mng,low
0.88,0.64,2,258,6,0,0,0,support,medium
0.23,0.45,3,99,6,0,0,0,hr,low
0.51,0.36,4,163,5,1,0,0,RandD,low
0.71,0.55,7,185,5,0,1,0,IT,low
0.44,0.46,5,176,6,0,0,0,support,low
0.06,0.55,6,183,3,0,0,0,marketing,low
0.27,0.36,7,128,2,0,0,0,management,low
0.53,0.82,4,162,5,1,0,0,sales,medium
0.07,0.67,7,235,7,0,0,0,IT,low
0.07,0.63,7,266,8,0,1,0,product_mng,low
0.66,0.56,6,239,4,0,0,0,finance,low
0.44,0.53,4,115,7,0,0,0,sales,low
0.1,0.53,3,158,6,1,0,0,technical,low
0.25,0.7,3,303,9,0,0,0,marketing,high
0.34,0.43,5,193,3,0,1,0,hr,medium
0.45,0.72,6,158,9,0,0,0,product_mng,medium
0.18,0.82,5,100,2,0,0,0,product_mng,low
0.51,0.67,4,103,6,0,0,0,technical,low
0.48,0.36,2,241,3,0,0,0,IT,medium
0.34,0.62,4,245,6,0,1,0,sales,low
0.3,0.88,5,254,6,0,1,0,product_mng,low
0.28,0.79,3,122,10,0,0,0,product_mng,low
0.48,0.74,5,206,2,0,0,0,technical,low
0.23,0.48,3,238,3,0,0,0,finance,medium
0.32,0.59,4,216,9,0,0,0,marketing,medium
0.3,0.44,2,136,7,0,0,0,RandD,medium
0.38,0.7,5,263,3,0,0,0,product_mng,low
0.44,0.36,5,155,10,0,0,0,marketing,medium
0.56,0.61,5,306,4,0,0,0,RandD,medium
0.34,0.7,4,228,5,0,1,0,hr,low
0.85,0.69,7,157,5,0,0,0,support,medium
0.38,0.56,7,173,7,0,0,0,management,medium
0.28,0.85,7,253,6,0,0,0,support,low
0.1,0.53,5,197,2,0,0,0,hr,low
0.3,0.39,3,99,2,1,0,0,marketing,medium
0.45,0.83,4,179,6,0,0,1,RandD,high
0.71,0.5,3,127,8,0,0,0,marketing,medium
0.38,0.59,2,203,4,0,0,0,hr,medium
0.33,0.92,2,156,7,0,0,0,marketing,medium
0.33,0.38,4,178,3,0,1,0,technical,low
0.77,0.36,3,201,7,0,1,0,product_mng,medium
0.56,0.65,2,295,10,1,0,0,sales,low
0.55,0.36,2,174,6,0,0,0,technical,low
0.29,0.74,5,183,9,0,1,0,marketing,medium
0.62,0.78,2,255,6,0,0,0,hr,medium
0.17,0.43,5,208,10,0,0,0,sales,low
0.63,0.75,6,197,8,0,0,0,finance,low
0.29,0.64,5,276,3,1,0,0,RandD,low
0.33,0.64,6,192,7,0,1,0,technical,low
0.24,0.48,7,278,2,0,0,0,IT,low
0.5,0.53,5,207,2,0,1,0,finance,low
0.47,0.82,7,295,3,0,0,0,hr,medium
0.49,0.69,2,217,4,0,0,0,marketing,medium
0.14,0.71,4,152,7,0,0,0,finance,medium
0.21,0.49,2,283,3,0,0,0,sales,medium
0.43,0.73,5,309,4,0,1,0,product_mng,low
0.51,0.71,7,276,5,0,0,0,RandD,medium
0.42,0.47,5,167,3,0,0,0,IT,medium
0.14,0.55,3,142,8,1,0,0,support,medium
0.15,0.77,6,139,8,0,1,0,IT,medium
0.43,0.62,6,175,7,0,1,0,technical,low
0.89,0.61,3,288,10,0,0,0,hr,medium
0.16,0.58,4,155,2,0,0,0,management,low
0.13,0.57,6,197,2,0,0,0,marketing,high
0.3,0.47,7,164,3,0,0,0,RandD,low
0.65,0.36,2,214,4,0,1,0,support,low
0.57,0.49,4,96,5,0,0,0,hr,medium
0.41,0.6,6,233,2,0,0,0,product_mng,medium
0.55,0.74,3,193,2,0,0,0,support,high
0.18,0.36,4,160,2,0,0,0,marketing,medium
0.67,0.71,6,309,7,0,0,0,sales,low
0.28,0.6,2,244,7,0,0,0,management,low
0.43,0.61,3,129,9,0,1,0,sales,low
0.39,0.49,6,112,10,0,0,0,sales,high
0.48,0.7,2,234,5,0,0,0,hr,medium
0.16,0.91,7,120,2,0,0,0,support,medium
0.86,0.68,4,215,2,0,0,0,RandD,medium
0.23,0.36,7,224,10,1,0,0,product_mng,medium
0.68,0.75,5,246,5,0,0,0,product_mng,medium
0.52,0.52,4,152,5,0,1,0,support,low
0.32,0.66,5,162,8,0,0,0,marketing,medium
0.11,0.52,4,120,7,0,0,0,support,low
0.33,0.38,2,176,9,0,0,0,finance,high
0.11,0.49,3,252,3,0,1,0,product_mng,medium
0.27,0.85,5,161,3,0,0,0,marketing,low
0.36,0.66,4,165,7,1,1,0,sales,low
0.1,0.48,4,148,3,0,1,0,RandD,low
0.22,0.36,7,110,9,0,1,0,marketing,medium
0.71,0.54,4,277,5,0,1,0,IT,low
0.2,0.49,3,286,5,0,0,0,product_mng,low
0.25,0.36,7,212,2,0,0,0,product_mng,high
0.12,0.36,4,214,9,0,1,0,RandD,low
0.51,0.64,6,231,3,0,0,0,hr,low
0.31,0.55,6,142,8,0,0,0,sales,medium
0.34,0.61,5,161,4,0,0,0,IT,medium
0.36,0.36,4,212,10,0,0,1,management,medium
0.36,0.49,7,302,7,0,1,0,support,medium
0.7,0.55,5,150,5,0,0,0,RandD,low
0.24,0.49,7,178,6,0,0,0,support,medium
0.57,0.49,5,288,8,0,0,0,hr,low
0.19,0.89,3,213,10,0,0,0,management,low
0.52,0.56,5,237,7,0,0,0,hr,medium
0.07,0.42,4,130,2,0,0,0,product_mng,low
0.26,0.81,4,271,2,0,1,1,product_mng,low
0.46,0.87,2,152,4,1,0,0,management,medium
0.32,0.96,5,252,3,0,0,0,technical,low
0.86,0.64,3,278,4,0,1,0,product_mng,low
0.41,0.6,4,134,2,0,0,0,sales,medium
0.33,0.92,5,143,8,0,0,0,hr,low
0.5,0.36,4,132,3,0,0,0,RandD,medium
0.4,0.89,7,199,2,0,1,0,support,medium
0.26,0.62,4,207,5,0,0,0,finance,medium
0.3,0.36,3,173,9,0,0,0,product_mng,medium
0.53,0.41,2,264,4,0,0,0,hr,medium
0.45,0.67,7,243,10,0,0,0,technical,low
0.13,0.42,6,141,9,0,0,0,RandD,low
0.41,0.4,3,287,3,0,0,0,hr,low
0.25,0.88,3,154,9,0,0,0,marketing,medium
0.36,0.62,4,155,5,0,1,0,IT,medium
0.34,0.72,2,299,4,0,0,0,product_mng,low
0.1,0.64,2,219,8,1,0,0,IT,medium
0.55,0.66,6,143,4,1,1,0,product_mng,low
0.64,0.38,2,213,2,1,0,0,support,low
0.67,0.79,5,129,3,0,1,0,management,medium
0.17,0.36,6,287,5,0,0,0,support,medium
0.27,0.52,6,253,3,0,0,0,RandD,medium
0.21,0.38,6,257,7,0,0,0,sales,low
0.23,0.71,3,221,5,1,0,0,marketing,low
0.35,0.75,7,278,5,0,0,0,technical,medium
0.34,0.68,7,182,6,0,1,0,hr,high
0.69,0.81,6,112,7,0,0,0,sales,low
0.18,0.78,2,181,2,0,1,0,IT,low
0.61,0.36,5,168,7,0,0,0,management,low
0.48,0.36,2,178,7,0,0,0,management,medium
0.7,0.75,7,244,2,0,0,0,management,high
0.42,0.73,3,144,5,0,1,0,RandD,medium
0.28,0.36,6,138,10,0,0,0,sales,medium
0.05,0.66,2,276,6,0,0,0,product_mng,medium
0.19,0.88,6,246,5,0,1,1,technical,medium
0.19,0.49,3,157,7,0,0,0,IT,medium
0.24,0.76,5,207,3,1,0,0,sales,low
0.32,0.71,3,285,6,0,0,0,RandD,low
0.52,0.62,2,225,2,0,0,0,IT,medium
0.56,0.55,3,157,3,0,0,0,support,low
0.38,0.78,2,114,4,0,0,0,support,low
0.14,0.81,4,165,7,0,1,0,IT,medium
0.63,0.55,7,267,7,0,0,1,hr,medium
0.47,0.53,2,182,2,0,0,0,sales,high
0.13,0.93,7,294,5,1,0,0,sales,medium
0.34,0.46,6,299,10,1,0,0,product_mng,low
0.47,0.48,4,276,10,0,1,0,finance,low
0.63,0.36,5,190,10,0,1,0,support,low
0.79,0.64,6,197,8,0,0,0,sales,medium
0.4,0.5,2,263,2,0,0,0,finance,low
0.72,0.36,4,127,5,0,0,0,technical,medium
0.07,0.69,6,298,4,0,0,0,product_mng,medium
0.47,0.37,5,278,10,1,0,0,support,medium
0.76,0.36,3,206,2,0,0,0,RandD,low
0.68,0.56,2,267,4,0,0,0,finance,low
0.45,0.6,4,97,8,0,1,0,marketing,high
0.91,0.36,3,252,2,0,0,1,product_mng,low
0.09,0.37,3,191,10,0,0,0,product_mng,low
0.15,0.44,4,294,9,0,0,1,sales,medium
0.29,0.5,4,124,10,1,0,0,hr,medium
0.57,0.78,5,150,9,0,1,0,technical,medium
0.35,0.95,4,228,7,1,1,0,hr,medium
0.55,0.79,4,188,4,0,1,0,hr,low
0.22,0.63,3,97,8,0,0,0,sales,medium
0.18,0.76,2,219,9,0,0,0,management,low
0.43,0.61,3,137,7,0,0,0,hr,low
0.55,0.58,3,222,3,0,1,0,IT,low
0.22,0.76,3,244,4,0,0,0,product_mng,medium
0.42,0.69,3,107,7,0,0,0,IT,medium
0.6,0.89,2,121,7,0,0,0,management,high
0.12,0.86,2,243,5,0,1,0,marketing,medium
0.25,0.96,6,228,6,0,1,0,support,medium
0.73,0.66,6,291,6,0,0,0,product_mng,low
0.82,0.57,6,136,4,0,0,0,hr,medium
0.55,0.69,3,297,5,0,0,0,marketing,low
0.34,0.45,7,107,8,1,0,0,IT,low
0.33,0.36,7,159,10,0,0,0,marketing,low
0.78,0.36,4,146,10,0,0,0,finance,low
0.33,0.36,7,192,4,0,0,0,RandD,low
0.29,0.55,3,269,4,0,0,0,support,low
0.41,0.44,2,292,7,0,0,0,sales,medium
0.54,0.57,4,298,2,0,1,0,product_mng,low
0.54,0.57,3,253,6,0,0,0,RandD,low
0.37,0.76,4,122,5,1,1,0,technical,low
0.39,0.57,3,216,2,0,0,0,hr,medium
0.46,0.53,2,189,9,0,0,0,hr,low
0.09,0.94,7,141,4,0,0,0,product_mng,medium
0.82,0.68,7,300,10,1,1,0,product_mng,low
0.24,0.73,4,120,2,0,1,1,management,medium
0.58,0.36,5,302,10,0,0,0,support,medium
0.44,0.51,4,206,6,0,1,0,support,medium
0.4,0.44,3,161,7,0,0,0,hr,low
0.58,0.66,5,201,5,1,0,0,technical,medium
0.39,0.59,7,170,3,0,0,0,technical,medium
0.36,0.88,2,224,9,0,0,0,sales,low
0.22,0.54,3,245,2,0,1,0,product_mng,low
0.28,0.75,2,160,9,0,0,0,product_mng,low
0.44,0.36,2,139,4,1,0,0,product_mng,low
0.39,0.6,4,280,5,0,0,0,marketing,low
0.34,0.77,7,277,5,0,1,0,RandD,low
0.12,0.76,7,105,4,1,0,0,hr,low
0.67,0.94,5,127,4,0,0,0,management,low
0.34,0.75,7,281,6,0,0,0,marketing,low
0.26,0.36,6,172,8,0,0,0,RandD,low
0.46,0.93,2,101,4,0,0,0,sales,low
0.54,0.36,5,193,4,1,0,0,sales,low
0.58,0.59,5,232,7,0,1,0,management,medium
0.48,0.36,6,179,9,0,0,0,sales,high
0.33,0.47,6,104,9,0,0,1,management,low
0.35,0.84,3,126,2,0,0,0,technical,low
0.23,0.71,2,179,7,0,0,0,support,medium
0.34,0.72,7,266,4,0,0,0,sales,medium
0.27,0.44,7,291,10,0,0,0,support,medium
0.37,0.42,6,133,2,0,1,0,hr,low
0.42,0.58,6,218,9,0,0,0,RandD,medium
0.27,0.48,7,134,8,1,1,0,marketing,low
0.71,0.59,7,133,5,0,0,0,product_mng,high
0.78,0.74,4,304,9,0,1,0,management,medium
0.16,0.69,2,135,10,0,0,0,management,low
0.3,0.41,3,304,3,0,1,0,product_mng,low
0.43,0.4,5,222,9,1,0,0,IT,low
0.41,0.36,2,257,6,0,0,0,management,medium
0.28,0.85,6,198,3,0,0,0,hr,low
0.54,0.76,2,194,4,0,1,0,support,medium
0.71,0.81,4,267,2,0,1,0,technical,low
0.4,0.41,6,266,3,1,1,0,product_mng,medium
0.26,0.36,5,131,5,0,1,0,RandD,low
0.71,0.68,3,245,2,0,0,0,hr,low
0.32,0.75,4,116,10,1,1,0,hr,medium
0.72,0.6,4,241,2,1,0,0,support,low
0.27,0.6,4,270,9,0,1,0,sales,low
0.39,0.58,3,237,10,0,1,0,sales,low
0.57,0.63,6,123,3,0,0,0,technical,low
0.22,0.61,4,285,10,0,0,0,finance,medium
0.5,0.81,4,113,10,0,0,0,sales,medium
0.69,0.44,3,251,6,0,0,0,finance,medium
0.27,0.36,2,306,6,0,0,0,management,low
0.21,0.36,3,257,2,0,1,0,RandD,low
0.64,0.77,7,174,10,0,1,0,finance,low
0.35,0.36,7,302,6,0,0,0,product_mng,low
0.21,0.44,5,115,9,0,0,0,support,low
0.4,0.83,5,132,6,0,0,0,product_mng,low
0.19,0.65,7,259,3,0,0,1,hr,medium
0.47,0.36,6,273,5,0,1,0,hr,high
0.52,0.52,7,300,7,0,1,0,finance,medium
0.12,0.63,5,274,7,0,0,0,support,low
0.22,0.36,4,166,10,0,1,0,management,medium
0.18,0.73,7,180,8,0,0,0,IT,low
0.6,0.36,3,241,5,0,0,0,product_mng,medium
0.37,0.79,5,159,7,0,1,0,sales,medium
0.53,0.65,4,297,4,0,0,0,hr,medium
0.56,0.69,6,285,6,1,0,0,finance,high
0.04,0.36,3,198,10,0,0,0,marketing,low
0.74,0.36,3,290,5,1,0,0,finance,low
0.19,0.83,2,310,10,0,0,0,RandD,low
0.55,0.36,6,293,7,0,0,0,RandD,medium
0.64,0.47,7,282,4,0,0,0,support,medium
0.09,0.57,5,197,4,0,0,0,hr,medium
0.65,0.78,6,125,9,0,0,0,product_mng,low
0.32,0.55,7,238,2,0,0,0,IT,high
0.47,0.64,5,97,6,0,0,0,management,medium
0.47,0.75,4,226,4,0,0,0,RandD,medium
0.11,0.36,3,105,7,0,1,0,RandD,low
0.6,0.37,6,282,10,0,1,0,RandD,low
0.67,0.36,7,243,6,0,1,0,sales,low
0.39,0.68,4,169,10,1,1,0,hr,low
0.05,0.48,4,111,2,0,0,0,IT,low
0.31,0.62,4,99,9,0,0,0,RandD,low
0.54,0.36,6,119,3,0,1,0,sales,low
0.68,0.52,7,151,4,0,1,0,IT,medium
0.34,0.59,6,144,5,0,1,0,support,medium
0.16,0.37,6,101,5,0,0,0,management,medium
0.54,0.92,6,104,10,0,1,0,hr,low
0.56,0.36,6,97,8,0,0,0,product_mng,low
0.72,0.42,3,299,6,0,1,0,technical,medium
0.57,0.42,2,306,4,0,0,0,product_mng,medium
0.35,0.7,6,111,4,0,0,0,product_mng,low
0.18,0.88,3,233,5,0,0,0,finance,medium
0.12,0.36,5,143,4,0,0,0,finance,low
0.52,0.36,5,226,6,0,0,0,marketing,low
0.34,0.87,3,244,8,1,0,0,sales,low
0.63,0.62,3,139,6,0,0,0,hr,low
0.53,0.36,7,196,6,0,1,0,sales,low
0.26,0.64,5,191,2,0,0,0,product_mng,low
0.75,0.57,5,298,8,0,0,0,hr,low
0.58,0.58,6,202,2,0,0,0,technical,medium
0.5,0.73,7,170,7,0,0,0,RandD,low
0.5,0.5,2,291,2,0,0,0,RandD,medium
0.77,0.54,2,276,6,0,0,0,finance,low
0.46,0.66,4,300,7,0,0,0,marketing,low
0.34,0.36,5,234,4,0,0,0,sales,high
0.35,0.79,2,257,10,0,0,0,management,low
0.59,0.69,7,96,10,0,0,0,management,medium
0.47,0.84,2,258,6,0,0,0,RandD,low
0.49,0.69,6,101,10,0,0,0,sales,low
0.14,0.82,6,113,3,0,0,0,support,medium
0.09,0.45,3,168,2,0,0,0,sales,low
0.27,0.36,7,118,4,0,0,0,management,medium
0.23,0.81,6,120,4,0,0,0,management,medium
0.62,0.36,5,219,9,0,0,0,technical,medium
0.22,0.58,6,197,3,1,0,0,RandD,low
0.32,0.61,3,265,8,0,0,0,product_mng,low
0.59,0.36,6,213,7,1,0,0,support,low
0.38,0.78,7,309,7,0,0,0,RandD,low
0.21,0.96,5,219,7,0,0,0,RandD,low
0.05,0.64,7,112,6,0,0,0,marketing,low
0.43,0.4,6,208,8,1,1,0,management,high
0.56,0.43,6,104,2,0,0,0,hr,medium
0.6,0.36,4,273,7,0,0,0,RandD,medium
0.72,0.78,6,133,9,0,0,0,support,medium
0.57,0.68,7,213,3,0,0,0,RandD,low
0.68,0.75,4,264,7,0,0,0,sales,low
0.19,0.79,5,236,10,0,1,0,IT,low
0.8,0.42,3,280,5,0,0,0,management,low
0.55,0.5,3,216,6,0,0,0,hr,medium
0.55,0.64,2,241,7,0,1,0,finance,medium
0.45,0.64,4,105,10,0,1,0,management,medium
0.24,0.52,7,302,3,0,0,0,support,medium
0.2,0.65,2,208,7,0,1,0,hr,low
0.26,0.72,7,216,8,0,0,0,RandD,medium
0.47,0.57,4,196,7,0,1,0,marketing,medium
0.49,0.36,5,177,10,0,1,0,IT,medium
0.69,0.46,6,164,7,1,0,0,product_mng,medium
0.49,0.72,4,131,3,0,1,0,finance,low
0.69,0.84,4,213,10,0,0,0,sales,medium
0.28,0.47,4,100,2,0,0,0,support,low
0.42,0.63,2,260,7,0,0,0,marketing,medium
0.83,0.41,3,204,6,0,0,0,RandD,medium
0.15,0.36,3,231,9,1,1,0,marketing,low
0.25,0.89,3,115,10,0,0,0,technical,low
0.75,0.36,5,208,4,0,0,0,management,high
0.51,0.47,4,257,9,0,0,0,marketing,low
0.68,0.58,3,274,6,0,1,0,hr,medium
0.28,0.58,4,199,3,0,0,0,management,high
0.14,0.83,7,270,3,0,0,0,technical,medium
0.31,0.36,6,137,10,0,0,0,RandD,medium
0.74,0.68,3,302,9,0,0,0,IT,low
0.77,0.53,3,120,10,1,0,0,sales,low
0.3,0.64,7,190,9,0,0,0,support,medium
0.69,0.39,3,210,8,0,0,0,product_mng,medium
0.6,0.67,7,232,9,0,0,0,IT,low
0.45,0.93,4,260,4,0,1,0,management,low
0.29,0.63,6,258,3,0,0,0,RandD,low
0.42,0.78,5,185,9,0,1,0,product_mng,medium
0.06,0.36,7,147,4,0,0,0,support,low
0.31,0.74,5,99,4,0,1,0,product_mng,medium
0.39,0.64,7,234,4,0,1,0,management,low
0.15,0.63,4,134,2,0,0,0,management,medium
0.3,0.42,2,228,8,0,0,0,support,medium
0.24,0.74,3,115,2,0,0,0,marketing,low
0.22,0.36,7,213,9,1,0,0,product_mng,low
0.72,0.57,3,153,2,0,0,0,product_mng,medium
0.71,0.84,6,154,2,1,0,0,sales,medium
0.36,0.68,4,246,6,1,0,0,technical,high
0.36,0.82,3,260,3,0,0,0,technical,low
0.53,0.38,3,290,2,0,0,0,technical,medium
0.35,0.86,4,146,6,0,0,0,support,low
0.31,0.86,2,236,4,0,0,0,finance,low
0.41,0.62,6,256,9,0,0,0,IT,low
0.06,0.36,4,180,5,0,0,0,sales,low
0.34,0.66,3,243,5,0,0,0,sales,high
0.47,0.6,3,153,6,0,0,0,management,medium
0.18,0.36,2,177,8,0,0,0,product_mng,low
0.29,0.94,2,155,3,0,0,0,management,medium
0.46,0.82,7,183,5,0,0,0,IT,low
0.65,0.69,6,256,4,0,0,0,technical,low
0.39,0.53,2,101,2,0,0,0,finance,high
0.36,0.95,4,213,2,0,0,0,IT,medium
0.21,0.36,2,195,8,0,0,0,RandD,medium
0.39,0.9,7,271,8,0,0,0,management,medium
0.47,0.41,6,278,6,0,1,0,management,low
0.37,0.57,5,169,10,0,0,0,product_mng,medium
0.08,0.6,5,186,3,0,0,0,management,medium
0.37,0.49,2,174,10,0,0,0,finance,high
0.19,0.45,7,130,9,0,0,0,RandD,medium
0.03,0.87,4,127,5,0,1,0,support,low
0.21,0.69,7,98,5,0,0,0,sales,low
0.54,0.89,2,111,3,0,0,0,IT,medium
0.21,0.45,3,131,5,0,0,0,sales,low
0.46,0.66,7,299,9,0,1,0,management,low
0.36,0.44,2,216,6,0,0,0,RandD,low
0.38,0.52,7,254,8,0,0,0,sales,medium
0.27,0.54,7,219,4,0,0,0,product_mng,low
0.66,0.77,6,257,10,0,0,0,finance,low
0.72,0.8,3,186,7,0,0,0,hr,low
0.4,0.43,6,213,3,0,0,0,marketing,high
0.44,0.5,7,223,2,0,1,0,sales,medium
0.16,0.36,6,100,2,0,0,0,RandD,low
0.4,0.44,3,170,10,0,0,0,IT,medium
0.36,0.38,6,114,8,0,1,0,sales,low
0.2,0.87,2,237,6,0,0,0,product_mng,low
0.75,0.54,7,207,7,0,0,0,product_mng,low
0.42,0.91,7,157,5,0,0,0,sales,low
0.47,0.82,5,129,2,1,0,0,support,medium
0.37,0.67,2,173,2,0,0,0,technical,medium
0.52,0.54,2,237,8,1,0,0,marketing,low
0.31,0.87,5,308,6,0,1,0,management,low
0.52,0.68,6,173,8,0,0,0,marketing,medium
0.23,0.43,2,163,6,0,1,0,RandD,medium
0.64,0.92,4,306,2,0,1,0,hr,medium
0.36,0.74,7,259,7,0,1,0,support,low
0.54,0.83,7,209,6,0,0,0,sales,low
0.43,0.92,7,177,9,1,0,0,sales,medium
0.24,0.73,5,310,5,1,0,0,sales,medium
0.68,0.61,6,178,8,0,0,0,marketing,medium
0.38,0.61,5,123,8,0,0,1,hr,medium
0.43,0.72,6,235,7,1,0,0,product_mng,low
0.52,0.43,5,288,2,0,0,0,management,low
0.57,0.38,3,114,6,0,0,0,finance,high
0.66,0.66,5,189,9,0,0,0,support,low
0.34,0.83,5,276,3,0,0,0,RandD,low
0.25,0.44,4,130,8,0,0,0,RandD,low
0.4,0.6,5,287,3,1,0,0,hr,medium
0.66,0.65,2,166,10,0,0,0,sales,medium
0.76,0.74,7,102,6,0,0,0,product_mng,high
0.5,0.81,7,203,5,1,0,0,marketing,medium
0.09,0.5,6,228,5,1,0,0,support,low
0.77,0.76,4,294,8,0,1,0,marketing,medium
0.55,0.48,3,148,5,1,1,0,IT,low
0.31,0.64,4,277,3,0,0,0,IT,medium
0.38,0.36,7,140,3,0,0,0,technical,low
0.44,0.38,2,129,6,0,0,0,finance,low
0.75,0.93,6,151,5,0,0,0,finance,low
0.6,0.95,4,116,6,1,0,0,IT,medium
0.08,0.73,6,295,10,0,0,0,marketing,medium
0.43,0.62,5,118,2,1,0,0,sales,medium
0.22,0.36,3,277,8,0,0,0,management,low
0.67,0.75,3,193,10,0,0,0,support,low
0.59,0.79,4,182,5,0,0,0,IT,medium
0.27,0.4,4,131,8,1,1,0,marketing,high
0.44,0.47,2,234,10,0,0,0,marketing,low
0.68,0.59,2,105,6,0,0,0,finance,medium
0.56,0.68,3,261,5,0,0,0,support,medium
0.41,0.48,6,275,10,0,0,0,product_mng,medium
0.33,0.55,4,196,10,0,1,0,finance,medium
0.39,0.36,4,277,8,0,0,0,technical,medium
0.74,0.36,5,97,3,0,0,0,marketing,low
0.3,0.4,6,286,2,0,0,0,IT,medium
0.64,0.65,4,162,10,0,0,0,RandD,medium
0.12,0.75,4,170,9,1,1,0,IT,medium
0.52,0.55,7,139,6,0,0,0,technical,medium
0.11,0.37,6,249,6,0,0,0,IT,low
0.55,0.74,4,119,5,0,0,0,RandD,high
0.58,0.64,6,274,9,0,0,0,marketing,medium
0.23,0.66,7,139,9,0,1,0,marketing,low
0.71,0.83,2,132,5,1,0,0,marketing,medium
0.6,0.54,6,109,8,1,1,0,product_mng,high
0.35,0.83,5,212,6,0,1,0,finance,low
0.62,0.36,3,250,10,0,1,0,marketing,medium
0.04,0.76,6,230,10,0,0,0,product_mng,low
0.72,0.67,5,219,10,0,0,0,management,low
0.15,0.6,5,225,8,0,0,0,RandD,medium
0.21,0.36,7,174,5,0,0,0,management,low
0.03,0.51,4,165,4,0,1,0,finance,medium
0.41,0.85,5,309,7,0,0,0,support,low
0.13,0.36,5,164,6,0,0,0,management,low
0.57,0.54,2,149,3,0,1,0,finance,medium
0.41,0.72,3,124,8,0,1,0,product_mng,low
0.11,0.65,2,146,6,0,0,0,sales,low
0.43,0.84,3,129,5,0,0,0,RandD,high
0.27,0.38,2,176,6,1,0,0,hr,high
0.64,0.36,3,167,3,1,1,0,marketing,low
0.19,0.84,7,238,10,0,0,0,finance,low
0.34,0.48,7,111,9,0,0,0,marketing,medium
0.34,0.36,2,249,4,0,0,0,sales,low
0.45,0.73,6,241,10,0,0,0,management,medium
0.28,0.36,3,259,3,0,0,0,product_mng,low
0.7,0.54,7,230,3,0,1,0,sales,low
0.57,0.59,6,252,6,0,0,0,technical,low
0.53,0.36,4,290,7,0,0,0,IT,low
0.7,0.84,7,103,5,0,1,0,technical,low
0.07,0.79,5,244,8,0,0,0,RandD,medium
0.54,0.63,7,230,8,0,0,0,management,low
0.61,0.87,4,127,2,0,0,0,support,low
0.3,0.36,6,271,9,0,0,0,marketing,low
0.48,0.92,5,257,9,0,0,0,finance,medium
0.53,0.36,7,114,7,0,0,0,product_mng,low
0.18,0.59,3,310,8,1,1,0,product_mng,medium
0.5,0.74,4,179,3,1,0,0,product_mng,medium
0.68,0.75,4,119,4,0,0,0,product_mng,low
0.35,0.36,6,287,8,0,0,0,finance,medium
0.16,0.67,6,290,10,0,0,0,RandD,medium
0.14,0.59,6,173,7,0,0,0,sales,low
0.31,0.43,5,249,3,0,1,0,technical,high
0.75,0.56,5,224,9,0,0,0,support,high
0.49,0.42,5,247,7,0,0,0,technical,medium
0.46,0.68,2,229,8,0,0,0,technical,low
0.47,0.87,3,99,8,1,0,0,support,low
0.64,0.36,7,153,7,0,0,0,sales,low
0.45,0.82,5,252,3,0,0,0,technical,medium
0.88,0.86,4,296,10,1,0,0,finance,low
0.45,0.53,3,163,2,0,0,0,technical,medium
0.71,0.49,7,99,9,0,0,0,sales,medium
0.76,0.42,4,174,9,1,1,0,marketing,medium
0.51,0.72,3,142,8,0,0,0,management,medium
0.39,0.82,7,183,7,0,0,0,technical,low
0.3,0.88,5,245,10,0,0,0,IT,low
0.36,0.89,7,125,6,0,1,0,marketing,low
0.4,0.56,7,194,4,1,0,0,hr,low
0.55,0.96,5,215,7,0,1,0,product_mng,medium
0.29,0.42,2,289,5,0,0,0,RandD,medium
0.27,0.36,6,302,10,1,0,0,support,low
0.14,0.79,5,273,8,0,0,0,RandD,low
0.67,0.36,4,251,3,0,0,0,RandD,low
0.44,0.53,4,251,9,0,0,0,technical,low
0.08,0.36,6,173,9,0,0,0,marketing,medium
0.35,0.57,6,227,4,0,0,0,marketing,medium
0.24,0.36,4,309,3,0,1,0,RandD,low
0.48,0.91,5,198,7,0,0,1,hr,low
0.01,0.36,6,184,5,1,1,0,marketing,low
0.33,0.73,7,224,5,0,0,0,support,low
0.17,0.4,5,303,7,0,0,0,RandD,low
0.32,0.86,2,300,2,1,0,0,RandD,low
0.54,0.36,4,184,8,0,0,0,RandD,low
0.56,0.64,4,154,4,0,1,0,support,low
0.48,0.46,4,217,10,0,1,0,IT,medium
0.19,0.48,2,191,8,0,0,0,hr,medium
0.26,0.36,4,182,3,1,0,0,product_mng,low
0.19,0.68,2,271,7,0,1,0,technical,medium
0.32,0.92,4,269,3,0,0,0,RandD,low
0.07,0.78,2,310,3,0,0,0,hr,medium
0.13,0.87,7,241,3,0,0,0,IT,high
0.03,0.86,2,260,9,0,1,0,RandD,medium
0.13,0.86,7,156,10,0,0,0,finance,medium
0.21,0.56,4,154,5,0,0,0,hr,medium
0.2,0.51,7,229,7,0,1,0,marketing,low
0.07,0.79,2,97,3,0,0,0,management,medium
0.38,0.84,7,213,8,0,0,0,hr,low
0.6,0.48,3,234,10,0,0,0,hr,low
0.73,0.69,7,232,7,0,0,0,product_mng,high
0.59,0.53,2,217,10,0,0,0,IT,low
0.23,0.61,2,207,10,1,0,1,finance,medium
0.62,0.64,5,302,4,0,0,0,management,high
0.46,0.4,3,170,2,0,0,0,RandD,high
0.49,0.73,5,294,10,0,0,0,IT,low
0.25,0.46,6,117,3,0,0,0,product_mng,medium
0.17,0.79,7,264,7,0,0,0,finance,medium
0.28,0.95,3,150,6,0,0,0,technical,medium
0.11,0.55,5,272,4,0,0,0,technical,medium
0.5,0.58,6,99,8,0,0,0,management,medium
0.34,0.63,2,165,4,0,1,0,management,low
0.4,0.65,5,230,7,0,0,0,marketing,medium
0.75,0.66,3,223,5,0,0,0,IT,low
0.16,0.69,4,110,8,1,1,0,finance,medium
0.05,0.56,5,291,3,0,0,0,RandD,medium
0.5,0.65,4,121,5,0,0,1,management,medium
0.31,0.81,6,198,4,1,0,0,IT,medium
0.41,0.6,3,255,7,1,0,0,technical,low
0.54,0.51,2,254,2,0,0,0,RandD,low
0.87,0.84,7,190,6,0,0,0,hr,medium
0.63,0.82,2,221,7,0,0,0,support,low
0.33,0.44,6,251,3,1,0,0,sales,medium
0.22,0.77,7,156,4,0,0,0,management,low
0.39,0.36,7,180,8,0,0,0,technical,low
0.21,0.77,5,223,6,0,0,0,sales,low
0.57,0.88,5,198,4,1,0,0,management,medium
0.77,0.8,7,232,9,0,0,0,product_mng,low
0.88,0.57,4,271,8,0,0,0,support,low
0.42,0.55,4,251,9,0,0,0,product_mng,medium
0.27,0.69,4,155,9,0,0,0,RandD,medium
0.44,0.93,4,233,8,0,1,1,product_mng,high
0.35,0.65,2,127,5,0,0,0,support,medium
0.13,0.57,7,260,9,0,0,0,technical,medium
0.43,0.36,7,282,5,1,1,0,sales,low
0.23,0.69,3,244,3,0,1,0,finance,low
0.36,0.75,3,121,7,0,0,0,support,medium
0.41,0.96,2,280,9,0,0,0,IT,medium
0.75,0.54,4,196,4,0,0,0,product_mng,low
0.67,0.74,3,248,9,0,0,0,IT,medium
0.25,0.86,5,300,6,0,0,0,hr,low
0.52,0.81,2,123,7,0,1,0,finance,medium
0.65,0.38,5,230,3,0,0,0,support,low
0.22,0.89,3,126,4,0,1,0,marketing,medium
0.45,0.84,6,141,3,0,1,0,finance,medium
0.25,0.55,7,277,7,0,0,0,RandD,low
0.4,0.8,5,112,7,0,0,0,IT,medium
0.5,0.81,3,299,8,0,0,0,IT,medium
0.64,0.76,5,113,7,0,1,0,product_mng,medium
0.81,0.67,3,202,7,1,0,0,technical,medium
0.68,0.36,2,114,10,0,0,0,product_mng,low
0.67,0.49,7,305,9,0,0,0,marketing,low
0.39,0.55,2,219,6,0,0,0,finance,medium
0.19,0.42,4,179,10,1,1,0,IT,low
0.09,0.62,4,279,7,0,0,0,sales,low
0.66,0.44,7,228,2,0,1,0,hr,medium
0.63,0.61,3,301,4,0,0,0,marketing,medium
0.47,0.71,5,237,3,0,1,0,RandD,medium
0.7,0.69,4,102,3,0,0,0,RandD,medium
0.38,0.55,4,256,6,0,1,0,technical,medium
0.48,0.43,2,114,3,0,1,0,support,medium
0.64,0.64,7,309,6,0,0,0,finance,medium
0.57,0.78,2,197,6,0,1,0,support,medium
0.69,0.52,6,164,9,1,0,0,product_mng,low
0.19,0.69,2,233,5,1,0,0,product_mng,medium
0.56,0.63,6,310,8,0,0,0,support,medium
0.22,0.84,4,205,9,0,0,0,support,low
0.56,0.67,5,279,3,0,0,0,sales,low
0.4,0.57,7,110,7,0,0,0,hr,low
0.69,0.7,2,98,5,0,0,0,marketing,medium
0.2,0.47,7,192,4,0,1,0,sales,low
0.26,0.57,4,308,10,0,0,0,management,low
0.59,0.36,2,296,6,0,0,0,marketing,low
0.2,0.58,4,126,8,0,0,0,support,medium
0.39,0.56,6,166,2,0,1,0,technical,low
0.53,0.56,3,118,2,0,0,0,IT,low
0.39,0.8,3,143,9,0,1,0,marketing,low
0.58,0.69,6,183,4,0,0,0,finance,medium
0.72,0.36,3,210,10,1,1,0,support,low
0.5,0.36,5,154,5,0,0,0,sales,low
0.15,0.6,7,170,4,0,0,0,management,low
0.3,0.88,5,150,9,0,0,0,IT,low
0.28,0.87,6,161,5,0,0,0,finance,medium
0.55,0.77,5,221,10,0,0,0,IT,low
0.26,0.68,6,175,7,0,1,0,product_mng,medium
0.05,0.48,6,222,5,1,0,0,hr,high
0.72,0.36,3,310,5,0,0,0,hr,low
0.22,0.45,4,275,4,1,0,0,support,low
0.39,0.66,7,293,7,0,0,0,product_mng,low
0.51,0.36,5,225,3,0,0,0,sales,medium
0.32,0.43,5,117,5,0,0,0,finance,low
0.31,0.54,4,164,5,0,0,0,finance,low
0.93,0.84,6,183,4,0,1,0,hr,high
0.28,0.49,6,242,8,0,0,0,support,low
0.69,0.74,7,193,7,0,0,0,sales,low
0.25,0.36,3,227,8,1,0,0,hr,medium
0.66,0.52,3,162,8,0,0,0,product_mng,low
0.18,0.68,4,257,2,0,1,0,RandD,medium
0.17,0.92,3,102,10,0,0,0,finance,high
0.62,0.38,6,296,7,0,0,0,sales,low
0.34,0.5,2,96,3,0,0,0,IT,medium
0.83,0.63,4,272,2,0,1,0,marketing,low
0.42,0.87,2,251,5,0,0,0,finance,low
0.53,0.96,7,213,10,1,0,0,technical,low
0.26,0.36,5,295,4,0,0,0,product_mng,medium
0.16,0.52,2,141,10,0,0,0,hr,low
0.3,0.62,7,233,5,0,1,0,support,high
0.06,0.81,5,270,3,0,0,0,sales,medium
0.53,0.62,7,184,7,0,1,0,technical,low
0.26,0.8,7,122,7,0,0,0,support,low
0.41,0.58,4,98,10,1,0,0,technical,medium
0.49,0.46,7,259,5,0,0,0,product_mng,low
0.24,0.7,4,189,2,0,0,0,RandD,low
0.45,0.68,2,239,10,0,0,0,support,high
0.36,0.72,3,258,8,1,0,0,hr,low
0.29,0.59,2,244,10,0,1,0,sales,medium
0.41,0.58,6,268,8,0,0,0,support,low
0.27,0.42,6,135,4,0,0,0,IT,low
0.75,0.85,7,181,3,0,0,0,management,medium
0.12,0.57,7,227,9,0,0,0,product_mng,medium
0.38,0.75,4,192,9,0,0,0,RandD,high
0.15,0.64,3,254,9,0,0,0,marketing,medium
0.82,0.89,3,192,3,0,1,0,IT,medium
0.71,0.94,5,263,10,0,1,0,management,low
0.69,0.71,6,222,8,0,1,0,hr,medium
0.03,0.36,7,243,10,0,0,0,hr,low
0.55,0.36,5,171,2,0,0,0,sales,low
0.34,0.65,6,125,4,0,0,0,management,low
0.61,0.54,2,153,9,1,0,0,RandD,low
0.4,0.9,4,151,9,0,0,0,marketing,low
0.31,0.64,5,192,8,0,0,0,finance,medium
0.52,0.58,3,250,2,0,0,0,RandD,medium
0.6,0.63,4,115,4,0,0,0,management,low
0.4,0.89,4,308,6,0,1,0,marketing,low
0.55,0.8,5,277,2,0,0,1,product_mng,low
0.36,0.81,5,99,8,0,0,0,hr,high
0.53,0.87,4,188,7,0,0,0,IT,low
0.86,0.36,3,163,4,0,0,0,hr,low
0.41,0.66,4,151,10,0,1,0,IT,medium
0.23,0.69,2,106,6,0,0,0,sales,medium
0.36,0.72,2,130,3,0,1,0,finance,high
0.42,0.79,2,147,6,0,0,0,sales,low
0.47,0.59,5,259,2,0,0,0,technical,low
0.69,0.95,4,248,6,0,0,0,support,low
0.42,0.36,2,157,9,0,1,0,sales,low
0.46,0.8,6,266,6,0,0,0,marketing,low
0.45,0.81,7,257,3,0,1,0,support,low
0.3,0.83,2,156,7,0,0,0,support,low
0.34,0.39,6,293,7,0,1,0,management,medium
0.17,0.97,5,140,7,0,0,0,hr,low
0.32,0.52,3,234,5,0,0,0,technical,low
0.33,0.57,4,252,5,0,0,0,management,low
0.02,0.5,4,265,9,0,0,0,RandD,medium
0.26,0.36,2,251,7,0,1,1,technical,medium
0.64,0.86,2,289,10,0,0,0,technical,medium
0.46,0.63,5,130,4,0,0,0,support,low
0.07,0.42,4,137,10,0,0,0,support,medium
0.3,0.54,2,290,6,0,1,0,hr,medium
0.65,0.47,4,212,3,0,0,0,technical,medium
0.19,0.61,5,187,6,0,0,0,sales,low
0.53,0.66,2,161,9,0,0,0,product_mng,medium
0.78,0.55,4,204,8,0,0,0,sales,low
0.2,0.75,5,171,3,0,0,0,support,low
0.25,0.54,7,229,8,0,1,0,marketing,low
0.12,0.54,2,209,8,0,1,0,marketing,low
0.14,0.47,5,136,4,0,0,0,product_mng,high
0.46,0.59,6,251,5,0,0,0,sales,medium
0.43,0.59,3,141,10,0,1,0,sales,low
0.56,0.77,2,196,4,0,0,0,support,medium
0.17,0.43,6,109,5,0,0,0,RandD,medium
0.27,0.48,5,118,2,0,1,0,hr,low
0.85,0.36,2,171,6,0,0,0,management,medium
0.66,0.66,6,204,9,0,0,0,finance,medium
0.66,0.42,2,251,8,0,1,0,support,low
0.44,0.67,4,169,6,0,0,0,support,medium
0.26,0.9,2,166,9,0,0,0,product_mng,low
0.28,0.5,3,231,10,1,1,0,IT,medium
0.94,0.73,2,176,9,0,0,0,IT,low
0.3,0.41,7,278,9,0,0,0,product_mng,medium
0.18,0.37,3,264,2,0,0,0,marketing,medium
0.57,0.71,5,252,6,0,0,0,technical,medium
0.12,0.44,2,205,3,0,1,0,finance,low
0.68,0.57,6,223,8,0,1,0,sales,medium
0.51,0.36,7,242,3,0,0,0,IT,low
0.45,0.36,4,216,7,0,0,0,sales,low
0.03,0.66,5,137,3,0,0,0,product_mng,high
0.06,0.47,2,159,2,0,1,0,management,low
0.44,0.5,3,264,8,0,0,0,sales,medium
0.4,0.76,7,290,9,0,0,0,product_mng,low
0.6,0.75,5,101,3,0,0,0,management,medium
0.58,0.56,5,269,10,0,0,0,sales,medium
0.79,0.6,5,295,2,0,0,0,RandD,low
0.3,0.56,7,222,5,1,1,0,management,medium
0.13,0.45,6,238,8,0,0,0,RandD,low
0.3,0.52,4,102,2,0,0,0,hr,low
0.17,0.53,4,107,10,0,1,0,IT,medium
0.43,0.63,2,160,4,0,0,0,finance,low
0.26,0.44,5,146,5,0,0,0,sales,low
0.54,0.67,6,216,5,0,0,0,support,medium
0.32,0.82,3,204,6,0,1,0,RandD,low
0.73,0.65,4,209,3,0,0,0,IT,low
0.13,0.36,2,239,3,0,0,0,sales,low
0.59,0.92,6,123,8,0,0,0,management,medium
0.7,0.55,7,299,9,0,0,0,management,medium
0.27,0.63,6,145,4,0,0,0,support,low
0.38,0.98,2,179,6,0,0,0,support,medium
0.36,0.45,7,212,5,0,1,0,support,low
0.13,0.63,4,243,9,0,0,0,product_mng,low
0.63,0.59,4,207,4,0,1,0,product_mng,high
0.44,0.36,4,138,3,0,0,0,support,low
0.63,0.5,4,148,6,0,0,0,RandD,medium
0.46,0.36,7,166,5,0,0,0,hr,medium
0.55,0.38,2,248,10,0,0,0,finance,medium
0.21,0.56,3,150,8,0,0,0,support,medium
0.55,0.64,3,236,2,0,1,0,finance,low
0.15,0.83,2,142,10,0,0,0,IT,low
0.86,0.61,4,113,4,0,0,0,support,medium
0.33,0.47,6,223,2,0,0,0,hr,medium
0.1,0.96,5,205,2,0,0,0,hr,low
0.17,0.73,2,111,3,1,1,0,technical,low
0.62,0.71,5,276,9,0,0,0,management,high
0.61,0.36,4,269,3,0,0,0,support,medium
0.68,0.81,3,259,3,0,1,0,technical,medium
0.61,0.36,2,199,5,0,0,0,IT,medium
0.41,0.9,7,194,5,0,0,0,management,medium
0.37,0.75,5,306,7,0,1,0,management,medium
0.55,0.9,6,243,5,1,0,0,technical,low
0.15,0.45,5,255,10,0,0,0,technical,low
0.67,0.8,5,170,8,0,1,0,technical,medium
0.6,0.45,5,253,4,0,0,0,technical,low
0.57,0.61,4,306,2,0,1,0,product_mng,medium
0.3,0.47,6,128,9,1,0,0,product_mng,medium
0.37,0.36,2,108,8,0,0,0,technical,medium
0.34,0.77,2,176,2,0,1,0,finance,high
0.09,0.69,5,264,9,0,0,0,product_mng,medium
0.65,0.85,5,226,3,0,0,0,finance,medium
0.18,0.82,4,100,7,0,0,0,marketing,low
0.24,0.36,4,249,6,0,1,0,sales,medium
0.68,0.53,7,230,2,0,0,0,technical,low
0.71,0.42,5,241,2,0,1,0,RandD,low
0.63,0.59,3,134,10,0,1,0,management,medium
0.12,0.36,7,216,2,1,0,0,technical,medium
0.3,0.83,6,140,8,0,0,0,IT,low
0.54,0.65,5,197,7,0,0,0,support,high
0.33,0.94,4,172,7,0,0,0,hr,medium
0.2,0.36,2,279,3,0,1,0,sales,low
0.34,0.94,3,160,6,0,0,0,product_mng,low
0.61,0.93,2,130,6,0,0,0,marketing,medium
0.23,0.63,6,118,6,0,0,0,hr,medium
0.3,0.71,6,243,7,0,0,0,product_mng,medium
0.84,0.36,5,269,3,1,0,0,marketing,low
0.28,0.73,4,197,7,0,0,0,technical,low
0.29,0.36,4,188,2,0,0,0,IT,medium
0.84,0.82,6,268,8,0,0,0,marketing,medium
0.53,0.4,6,196,8,0,0,0,technical,low
0.66,0.47,3,229,9,0,0,0,product_mng,low
0.33,0.79,3,108,10,0,1,0,sales,medium
0.47,0.57,7,118,9,0,0,0,RandD,medium
0.77,0.85,4,281,3,0,0,0,sales,medium
0.61,0.67,4,99,9,0,0,0,marketing,low
0.51,0.36,3,131,8,0,0,0,RandD,medium
0.29,0.63,3,157,4,0,0,0,IT,low
0.37,0.81,3,238,4,0,0,0,product_mng,medium
0.55,0.36,7,106,7,0,0,0,hr,low
0.32,0.62,6,148,5,0,0,0,management,low
0.26,0.61,6,117,7,1,0,0,technical,low
0.6,0.63,2,253,10,0,0,0,technical,low
0.64,0.59,7,203,6,0,1,0,technical,low
0.4,0.36,3,241,2,0,0,0,marketing,low
0.23,0.36,3,273,2,0,0,0,finance,low
0.65,0.91,5,297,2,0,0,0,support,low
0.45,0.43,7,292,4,0,0,0,product_mng,medium
0.21,0.6,7,256,5,0,1,0,IT,medium
0.82,0.58,6,279,2,0,0,0,RandD,medium
0.55,0.73,5,241,10,0,0,0,product_mng,medium
0.22,0.55,6,281,9,0,0,0,support,medium
0.2,0.5,3,209,6,1,0,0,finance,low
0.26,0.68,6,149,6,0,0,0,marketing,low
0.5,0.8,3,166,9,0,0,0,marketing,low
0.27,0.81,4,216,9,0,0,0,support,medium
0.53,0.47,2,217,9,0,1,0,support,low
0.47,0.64,6,244,6,0,0,0,support,low
0.22,0.83,7,193,6,0,0,1,marketing,low
0.31,0.4,3,310,4,0,1,0,technical,low
0.28,0.5,2,239,6,0,0,0,hr,medium
0.34,0.92,4,108,9,0,0,0,sales,high
0.19,0.45,4,108,5,0,0,0,marketing,low
0.24,0.53,5,184,5,0,1,0,product_mng,low
0.21,0.48,3,137,6,0,0,0,technical,low
0.42,0.81,3,192,10,1,0,0,hr,low
0.36,0.75,2,221,5,0,0,0,hr,medium
0.68,0.83,7,304,2,0,0,0,management,medium
0.66,0.36,5,120,10,0,1,0,finance,medium
0.42,0.64,7,241,5,0,1,0,product_mng,low
0.53,0.69,4,305,8,0,0,0,management,low
0.54,0.47,6,148,10,0,0,0,technical,low
0.18,0.95,5,272,10,0,0,0,technical,medium
0.38,0.38,5,175,6,1,0,0,management,low
0.41,0.36,7,122,10,0,0,0,management,medium
0.55,0.83,2,297,6,0,0,0,hr,low
0.37,0.62,5,119,4,0,0,0,IT,low
0.59,0.37,2,247,9,0,0,0,sales,low
0.23,0.59,3,160,2,0,1,0,sales,low
0.77,0.52,2,255,8,0,0,0,sales,low
0.51,0.36,3,306,10,0,1,0,support,medium
0.61,0.71,3,168,2,0,1,0,product_mng,low
0.12,0.36,5,228,3,0,0,0,RandD,low
0.5,0.86,7,245,6,0,0,0,marketing,low
0.73,0.75,3,277,8,1,0,0,management,low
0.25,0.36,5,151,5,0,0,0,product_mng,medium
0.48,0.77,3,119,9,0,0,0,management,medium
0.4,0.56,7,125,5,0,1,0,IT,high
0.36,0.68,3,235,9,0,0,0,product_mng,low
0.39,0.38,3,303,6,0,0,0,technical,medium
0.15,0.58,3,211,9,0,0,0,IT,medium
0.51,0.36,6,235,6,0,0,0,IT,low
0.23,0.8,5,116,5,0,0,0,support,high
0.54,0.62,7,106,6,0,0,0,finance,low
0.61,0.36,4,180,10,0,0,0,product_mng,low
0.3,0.73,7,225,9,1,1,0,hr,low
0.5,0.57,3,186,3,0,0,0,finance,low
0.83,0.36,7,137,8,0,1,0,product_mng,medium
0.44,0.47,6,120,7,0,0,0,marketing,medium
0.36,0.95,7,170,7,0,0,0,finance,medium
0.28,0.77,4,215,10,0,0,0,technical,low
0.42,0.5,4,112,10,0,1,0,IT,medium
0.14,0.57,6,307,2,0,1,0,management,low
0.45,0.91,7,185,3,1,0,0,product_mng,low
0.36,0.55,4,279,4,0,0,0,product_mng,low
0.22,0.57,5,287,9,0,0,0,IT,low
0.16,0.67,4,276,3,0,0,0,sales,high
0.26,0.37,5,110,2,0,0,0,product_mng,medium
0.18,0.68,4,178,6,0,0,0,sales,medium
0.55,0.76,4,96,9,0,0,0,sales,medium
0.08,0.83,3,184,10,0,0,0,support,low
0.12,0.82,4,221,10,0,0,0,sales,high
0.62,0.75,3,209,3,0,1,0,hr,low
0.25,0.71,5,136,4,0,0,0,hr,medium
0.62,0.66,4,279,4,1,0,0,finance,low
0.13,0.49,3,127,3,0,1,1,RandD,low
0.7,0.43,6,300,3,0,0,0,IT,medium
0.41,0.43,6,114,3,0,1,0,hr,high
0.51,0.57,5,263,2,0,0,0,technical,high
0.32,0.84,4,145,10,1,0,0,support,low
0.19,0.71,7,116,2,0,0,0,product_mng,medium
0.36,0.39,4,305,6,0,1,0,management,medium
0.57,0.81,5,231,2,0,0,0,technical,low
0.24,0.36,2,242,9,0,1,0,IT,low
0.09,0.57,2,153,8,0,1,0,technical,low
0.36,0.92,6,244,8,0,0,0,finance,medium
0.24,0.38,6,150,6,0,0,0,finance,low
0.51,0.36,3,222,5,0,0,1,IT,low
0.48,0.49,7,130,8,0,0,0,marketing,medium
0.16,0.7,2,146,4,1,1,0,hr,medium
0.6,0.62,5,180,4,0,0,0,sales,medium
0.52,0.86,5,290,7,0,0,0,product_mng,medium
0.55,0.67,2,253,2,0,0,0,IT,low
0.52,0.75,5,202,4,1,0,0,RandD,medium
0.52,0.78,4,190,7,0,1,0,marketing,medium
0.66,0.97,7,226,9,0,0,0,support,medium
0.73,0.36,6,253,5,0,0,0,finance,medium
0.46,0.6,6,141,6,0,1,0,finance,low
0.5,0.72,2,265,6,0,0,0,support,medium
0.33,0.78,3,284,8,0,0,0,support,high
0.15,0.51,7,227,8,0,0,0,finance,medium
0.51,0.91,7,158,7,0,0,0,sales,medium
0.49,0.36,4,215,7,0,0,0,technical,low
0.45,0.68,2,143,4,0,0,0,IT,low
0.66,0.85,3,215,4,0,0,0,hr,medium
0.1,0.74,7,250,7,0,0,0,management,low
0.58,0.42,6,100,6,1,0,0,product_mng,medium
0.17,0.36,7,276,9,0,0,0,hr,low
0.52,0.95,7,190,2,0,0,0,sales,low
0.09,0.67,2,273,9,0,0,0,sales,medium
0.49,0.41,6,296,4,0,1,0,support,low
0.88,0.73,6,220,6,0,0,0,sales,low
0.3,0.77,3,142,2,0,0,0,RandD,medium
0.33,0.59,2,119,4,0,1,0,support,low
0.57,0.36,7,107,3,0,1,0,hr,high
0.49,0.63,6,305,2,0,0,0,technical,medium
0.23,0.53,6,209,5,0,0,0,marketing,high
0.44,0.8,2,225,9,0,0,0,marketing,medium
0.4,0.64,6,137,9,1,0,0,technical,medium
0.55,0.74,3,296,9,1,0,0,marketing,medium
0.62,0.72,7,119,9,0,0,0,sales,high
0.54,0.62,6,282,6,0,0,0,RandD,low
0.6,0.8,3,101,7,0,0,0,IT,high
0.31,0.64,5,164,9,0,0,0,product_mng,low
0.75,0.4,6,287,5,0,0,0,marketing,medium
0.41,0.53,5,256,8,1,0,0,support,low
0.5,0.63,2,264,9,0,1,0,finance,medium
0.64,0.84,5,119,4,0,1,0,sales,low
0.34,0.75,6,166,4,0,1,0,sales,low
0.47,0.68,4,160,9,0,0,0,IT,medium
0.51,0.43,2,263,2,0,0,0,sales,low
0.77,0.44,2,103,7,0,0,0,hr,medium
0.23,0.65,4,256,5,0,0,0,sales,medium
0.12,0.6,4,130,9,0,0,0,RandD,low
0.41,0.82,3,247,5,0,0,0,marketing,medium
0.44,0.5,4,158,8,0,0,0,management,low
0.05,0.81,5,98,3,1,0,0,support,high
0.52,0.53,4,291,9,0,0,0,IT,medium
0.06,0.63,5,187,7,0,0,0,product_mng,medium
0.37,0.79,7,103,4,0,0,0,technical,medium
0.55,0.36,6,233,4,0,0,0,IT,medium
0.2,0.84,2,282,7,0,0,0,support,low
0.52,0.64,7,309,4,0,0,0,hr,medium
0.38,0.66,3,230,7,0,1,0,support,medium
0.42,0.85,3,154,6,0,1,0,marketing,low
0.5,0.91,2,222,2,0,0,0,sales,low
0.42,0.73,2,146,3,0,0,0,finance,medium
0.6,0.54,4,251,6,0,0,0,RandD,medium
0.5,0.93,2,263,5,1,0,0,marketing,low
0.57,0.67,7,166,3,0,1,0,sales,low
0.08,0.7,2,171,8,1,1,0,RandD,low
0.64,0.79,2,133,9,0,0,0,support,low
0.36,0.61,5,307,4,0,0,0,RandD,low
0.25,0.92,5,212,9,0,0,0,sales,medium
0.18,0.59,6,261,4,0,0,0,marketing,low
0.26,0.68,4,227,9,0,0,0,product_mng,low
0.42,0.82,6,243,8,0,0,0,hr,low
0.27,0.72,4,130,9,0,0,0,technical,low
0.6,0.49,7,219,2,0,0,0,finance,low
0.24,0.54,6,225,3,0,0,0,management,low
0.46,0.75,3,197,6,0,0,0,finance,medium
0.51,0.73,3,306,8,0,0,0,finance,medium
0.47,0.81,5,263,7,0,0,0,sales,low
0.36,0.55,3,175,10,0,1,0,technical,low
0.3,0.36,7,175,2,0,0,0,technical,low
0.5,0.72,5,161,10,0,0,0,RandD,low
0.3,0.42,3,211,4,0,1,0,support,low
0.29,0.7,2,116,4,0,1,0,technical,low
0.3,0.75,6,240,2,1,0,0,product_mng,low
0.61,0.83,3,244,7,0,0,0,hr,medium
0.51,0.43,4,135,3,0,0,0,sales,low
0.1,0.6,6,127,9,0,0,0,management,medium
0.5,0.36,6,167,10,0,0,0,product_mng,medium
0.12,0.68,7,171,4,1,1,0,sales,low
0.38,0.65,6,153,3,0,0,0,support,low
0.59,0.36,2,118,5,0,1,0,IT,low
0.36,0.7,6,271,8,0,1,0,sales,medium
0.06,0.58,5,175,10,0,0,0,IT,low
0.64,0.41,2,166,3,0,1,0,product_mng,high
0.63,0.51,5,199,5,0,0,0,RandD,medium
0.39,0.57,7,174,3,0,0,0,hr,medium
0.39,0.44,7,103,7,0,0,0,finance,low
0.58,0.55,4,310,3,0,1,0,IT,medium
0.16,0.81,3,145,2,0,0,0,sales,medium
0.24,0.77,2,256,4,0,0,0,marketing,medium
0.28,0.48,4,150,4,1,0,0,IT,low
0.91,0.65,7,212,9,0,1,0,management,high
0.44,0.5,5,246,2,0,0,1,IT,low
0.65,0.46,6,207,4,0,1,0,RandD,low
0.56,0.36,2,217,3,0,1,0,hr,high
0.45,0.79,3,149,5,0,1,1,technical,low
0.11,0.43,6,277,7,0,1,0,product_mng,medium
0.13,0.93,3,147,6,0,1,0,marketing,low
0.55,0.36,7,266,7,1,0,0,IT,high
0.54,0.64,7,183,9,0,0,0,finance,medium
0.38,0.84,3,286,6,0,0,0,RandD,low
0.38,0.36,5,162,2,0,0,0,IT,low
0.09,0.46,6,109,5,0,0,0,finance,medium
0.19,0.51,5,97,5,0,0,0,management,medium
0.51,0.36,2,293,9,0,1,0,product_mng,medium
0.32,0.78,2,280,10,0,0,0,sales,medium
0.54,0.71,4,220,8,0,0,0,finance,low
0.44,0.9,5,306,6,0,0,0,IT,low
0.38,0.44,7,169,7,1,0,0,finance,medium
0.17,0.36,5,223,9,1,1,0,product_mng,low
0.32,0.45,6,205,3,0,0,0,marketing,low
0.35,0.5,2,129,8,0,0,0,finance,low
0.43,0.88,4,121,9,0,0,0,product_mng,low
0.27,0.89,2,248,3,0,0,0,hr,low
0.54,0.95,7,156,3,0,0,0,management,low
0.73,0.88,5,163,4,0,0,0,product_mng,low
0.24,0.4,4,282,9,0,1,0,IT,medium
0.8,0.36,3,114,10,0,1,0,finance,medium
0.52,0.92,7,97,4,1,0,0,marketing,low
0.25,0.93,2,270,4,1,0,0,finance,low
0.19,0.36,5,145,9,0,0,0,hr,medium
0.69,0.73,5,253,3,0,0,0,finance,low
0.12,0.53,4,149,8,0,0,0,marketing,low
0.38,0.38,5,239,8,0,0,0,support,low
0.37,0.77,4,134,6,0,0,0,support,medium
0.37,0.72,4,168,7,0,0,0,management,low
0.57,0.7,6,302,7,0,0,0,technical,low
0.24,0.48,2,173,4,0,1,0,support,medium
0.32,0.74,4,262,4,1,0,0,product_mng,medium
0.46,0.59,5,146,5,0,0,0,finance,medium
0.45,0.84,3,255,7,0,0,0,RandD,low
0.66,0.38,6,119,4,0,0,0,technical,medium
0.19,0.36,7,136,7,1,1,0,support,medium
0.52,0.81,4,104,8,0,0,0,technical,low
0.38,0.54,2,188,7,0,0,0,management,medium
0.46,0.36,6,280,2,0,0,0,marketing,medium
0.32,0.64,4,130,2,0,0,0,RandD,low
0.58,0.86,3,263,6,0,0,0,support,medium
0.31,0.39,6,162,7,0,0,0,product_mng,low
0.54,0.61,2,263,9,0,0,0,finance,high
0.5,0.71,3,111,7,0,0,0,product_mng,medium
0.31,0.52,5,290,7,0,1,0,finance,medium
0.78,0.53,3,122,2,1,1,0,sales,low
0.49,0.52,5,239,3,1,0,0,IT,medium
0.23,0.7,2,103,2,0,0,0,sales,low
0.43,0.8,7,163,8,0,0,0,RandD,low
0.23,0.7,4,299,10,0,1,0,IT,low
0.53,0.97,7,201,10,0,0,0,management,low
0.62,0.68,3,305,7,0,0,0,product_mng,low
0.22,0.69,2,212,3,1,0,0,RandD,medium
0.08,0.86,3,244,8,1,0,0,sales,medium
0.08,0.71,4,293,4,0,0,0,RandD,low
0.72,0.65,6,201,8,0,0,0,marketing,medium
0.41,0.82,3,102,4,0,0,0,product_mng,medium
0.46,0.77,7,213,6,1,1,0,support,low
0.32,0.47,4,236,10,0,0,0,management,medium
0.26,0.89,7,192,6,0,1,0,hr,low
0.1,0.45,7,296,5,0,0,0,management,low
0.7,0.55,4,135,10,0,0,0,product_mng,low
0.17,0.6,7,217,8,0,0,0,IT,low
0.45,0.4,6,269,10,0,0,0,IT,medium
0.64,0.79,3,257,7,0,0,0,marketing,medium
0.31,0.83,3,172,3,1,0,0,product_mng,low
0.21,0.79,7,310,9,0,0,0,IT,medium
0.54,0.36,7,107,9,0,1,0,product_mng,medium
0.27,0.36,4,202,6,0,0,0,finance,medium
0.19,0.66,3,259,7,0,0,0,finance,low
0.19,0.57,6,243,9,0,0,0,marketing,low
0.26,0.45,3,203,10,0,1,0,technical,medium
0.1,0.96,7,288,4,0,0,0,RandD,medium
0.05,0.91,3,241,6,0,0,0,marketing,low
0.08,0.51,5,274,8,0,0,0,RandD,medium
0.38,0.86,4,140,3,0,1,0,product_mng,medium
0.05,0.59,4,270,5,0,0,0,finance,low
0.05,0.81,5,159,5,0,1,0,marketing,high
0.31,0.5,3,177,2,0,0,1,management,medium
0.57,0.83,7,226,5,0,1,0,product_mng,medium
0.34,0.62,3,194,9,0,1,0,hr,low
0.3,0.36,6,264,9,0,1,0,technical,medium
0.22,0.94,2,195,4,0,0,0,hr,medium
0.4,0.57,2,124,9,0,0,0,hr,low
0.46,0.87,4,258,6,0,0,0,product_mng,low
0.53,0.44,5,148,5,0,1,0,technical,low
0.32,0.65,6,206,5,0,0,0,marketing,low
0.49,0.42,3,297,6,0,0,0,product_mng,medium
0.03,0.74,7,213,8,0,0,0,sales,low
0.06,0.56,5,189,2,0,1,0,marketing,low
0.48,0.48,6,166,4,0,0,0,finance,high
0.3,0.74,3,109,8,0,0,0,finance,medium
0.46,0.89,3,188,2,0,0,0,IT,medium
0.17,0.59,7,256,8,0,1,0,technical,medium
0.45,0.55,2,143,7,0,0,0,hr,medium
0.69,0.76,3,251,2,0,0,0,technical,low
0.36,0.58,4,276,4,0,0,0,IT,medium
0.45,0.7,6,173,10,0,1,0,product_mng,medium
0.4,0.77,4,187,2,0,0,0,finance,low
0.19,0.4,5,273,2,0,0,0,product_mng,medium
0.32,0.47,5,119,3,0,0,0,finance,low
0.1,0.64,3,276,9,0,1,0,marketing,medium
0.8,0.47,6,173,9,0,0,0,management,low
0.52,0.6,7,128,2,0,0,0,management,medium
0.48,0.78,3,266,6,0,0,0,management,low
0.4,0.5,4,202,7,1,0,0,support,low
0.82,0.44,2,138,8,0,0,0,support,low
0.04,0.36,4,261,5,0,0,0,IT,high
0.14,0.58,7,291,7,0,0,0,sales,medium
0.62,0.68,6,100,6,0,0,0,RandD,medium
0.59,0.4,4,229,10,0,0,0,finance,medium
0.34,0.69,3,301,2,1,0,0,product_mng,low
0.75,0.74,7,204,6,0,1,0,RandD,low
0.48,0.52,2,211,6,0,0,0,hr,medium
0.85,0.46,6,223,8,0,0,0,finance,medium
0.63,0.78,4,260,3,0,0,0,technical,medium
0.46,0.73,7,192,2,1,1,1,support,low
0.31,0.57,6,173,8,0,0,0,IT,medium
0.59,0.79,2,261,4,1,1,0,IT,low
0.2,0.75,3,103,3,0,0,0,marketing,medium
0.25,0.65,5,96,9,0,0,0,IT,medium
0.35,0.36,2,181,5,1,0,0,hr,low
0.66,0.36,3,253,6,0,0,0,hr,low
0.49,0.77,2,117,4,0,0,0,IT,medium
0.55,0.87,5,266,10,0,1,0,technical,medium
0.55,0.46,5,201,8,0,0,0,marketing,medium
0.65,0.71,6,251,5,0,0,0,technical,low
0.38,0.36,3,165,2,1,1,0,finance,medium
0.52,0.77,2,191,6,0,0,0,technical,low
0.45,0.36,5,220,6,1,0,0,sales,low
0.61,0.88,3,223,2,1,0,0,hr,low
0.35,0.67,5,300,10,0,0,0,finance,low
0.28,0.68,7,156,5,0,0,0,RandD,medium
0.1,0.79,6,140,5,0,0,0,hr,low
0.31,0.65,4,297,10,1,1,0,support,low
0.25,0.7,7,112,8,0,1,0,management,medium
0.42,0.84,3,301,2,0,0,0,hr,medium
0.1,0.74,5,111,5,1,0,0,RandD,medium
0.1,0.41,2,208,6,0,0,0,product_mng,medium
0.21,0.72,7,123,10,1,1,0,technical,medium
0.77,0.89,6,236,4,0,1,0,RandD,low
0.29,0.79,6,250,10,0,0,0,finance,low
0.39,0.86,2,112,7,1,1,0,hr,high
0.67,0.44,4,211,10,0,0,0,technical,low
0.39,0.77,6,205,5,0,0,0,RandD,medium
0.42,0.58,6,233,2,0,0,0,IT,medium
0.22,0.36,3,141,5,0,0,0,hr,low
0.74,0.8,2,130,9,0,1,0,sales,medium
0.27,0.45,6,275,8,0,0,0,sales,medium
0.27,0.57,2,133,2,0,0,0,IT,medium
0.48,0.36,4,297,8,0,0,0,management,medium
0.56,0.64,3,141,4,1,0,0,product_mng,medium
0.33,0.71,6,265,3,0,0,0,sales,low
0.19,0.51,7,218,4,1,0,0,management,low
0.28,0.52,5,132,4,0,0,0,marketing,low
0.38,0.63,4,121,10,1,0,0,support,low
0.49,0.81,5,272,9,0,1,0,support,low
0.23,0.65,4,286,7,0,1,0,IT,medium
0.96,0.84,2,141,8,0,1,0,finance,low
0.79,0.68,2,276,5,0,0,0,sales,low
0.35,0.36,2,249,6,1,0,0,management,low
0.18,0.76,5,127,2,1,0,0,support,medium
0.16,0.75,3,181,4,0,0,0,support,low
0.76,0.56,6,189,5,0,0,0,product_mng,low
0.59,0.84,3,263,7,1,0,0,management,low
0.1,0.75,5,156,5,0,0,0,IT,low
0.57,0.57,6,293,8,0,1,0,management,medium
0.22,0.71,7,137,7,0,1,0,support,low
0.21,0.75,7,174,7,0,0,0,product_mng,low
0.54,0.75,2,287,2,1,1,0,finance,low
0.32,0.63,6,208,7,0,1,0,support,low
0.72,0.78,4,270,3,0,0,0,technical,low
0.63,0.91,2,284,2,0,0,0,finance,low
0.44,0.65,3,261,5,0,0,1,hr,medium
0.11,0.63,5,234,5,0,1,0,marketing,medium
0.34,0.46,4,256,8,0,1,0,IT,low
0.22,0.64,4,186,6,1,1,0,sales,medium
0.3,0.44,6,103,4,0,0,0,sales,low
0.59,1.0,6,276,5,0,0,0,sales,medium
0.38,0.73,4,211,2,0,0,0,sales,medium
0.29,0.47,6,133,7,0,0,0,management,low
0.28,0.52,5,167,7,0,0,0,RandD,low
0.17,0.54,7,106,6,1,1,0,IT,medium
0.25,0.59,7,306,3,0,0,0,management,low
0.44,0.45,3,128,6,0,0,0,RandD,low
0.59,0.37,4,205,8,0,0,0,technical,low
0.25,0.42,7,174,6,0,0,0,finance,low
0.54,0.57,5,102,6,0,0,0,management,low
0.36,0.36,6,104,5,0,0,0,sales,medium
0.66,0.42,5,105,2,1,0,0,hr,low
0.49,0.36,4,299,10,0,0,0,finance,medium
0.4,0.36,7,219,8,0,0,0,marketing,medium
0.5,0.69,7,173,3,0,1,0,RandD,medium
0.55,0.36,4,98,6,0,0,0,product_mng,low
0.36,0.66,4,118,10,0,0,0,support,medium
0.83,0.76,5,200,3,0,1,0,support,medium
0.19,0.89,3,251,9,1,0,0,finance,medium
0.45,0.36,6,147,9,0,1,0,sales,medium
0.53,0.83,4,138,7,0,0,0,RandD,low
0.55,0.67,4,208,10,0,1,0,hr,medium
0.15,0.36,7,231,8,0,1,0,product_mng,medium
0.85,0.89,6,171,4,0,1,1,support,low
0.21,0.5,5,279,8,0,1,0,hr,low
0.57,0.36,3,180,6,0,0,0,hr,medium
0.45,0.55,2,181,9,0,1,0,management,low
0.59,0.56,6,178,8,0,0,0,hr,medium
0.35,0.36,7,136,6,0,0,0,RandD,low
0.14,0.65,3,279,9,0,1,0,finance,medium
0.63,0.37,4,249,2,0,0,0,finance,medium
0.41,0.57,7,98,2,0,0,0,IT,low
0.45,0.76,4,249,7,0,0,0,RandD,medium
0.07,0.9,6,220,6,0,0,0,management,low
0.78,0.36,6,246,9,0,0,0,sales,high
0.16,0.81,4,217,2,0,0,0,RandD,medium
0.26,0.76,6,256,4,0,0,0,hr,medium
0.43,0.56,3,235,10,0,0,0,marketing,medium
0.47,0.74,2,304,2,0,0,0,support,high
0.57,0.45,2,310,6,0,0,0,hr,low
0.19,0.53,4,101,10,0,0,0,marketing,low
0.85,0.66,7,269,6,0,0,0,technical,medium
0.31,0.85,2,163,2,0,0,0,product_mng,medium
0.55,0.43,2,191,8,0,1,0,management,medium
0.28,0.36,4,172,2,0,1,0,finance,low
0.72,0.79,5,207,5,0,0,0,marketing,low
0.25,0.46,7,223,3,1,0,0,sales,low
0.32,0.75,6,187,6,1,0,0,management,medium
0.59,0.36,7,198,4,0,0,0,marketing,high
0.66,0.63,7,131,2,0,1,0,IT,medium
0.52,0.4,4,206,7,0,0,1,IT,low
0.37,0.48,2,308,10,0,0,0,RandD,low
0.39,0.41,5,170,4,0,0,1,marketing,medium
0.59,0.69,6,96,6,0,1,0,management,medium
0.68,0.36,6,255,9,0,1,0,IT,low
0.29,0.43,3,218,3,0,0,0,product_mng,low
0.09,0.44,6,131,9,0,1,0,hr,medium
0.14,0.36,4,172,8,0,0,0,technical,low
0.61,0.36,7,128,4,1,1,0,technical,high
0.41,0.86,7,147,2,0,1,0,sales,low
0.28,0.53,7,138,7,0,1,0,management,medium
0.25,0.75,4,100,6,0,0,0,technical,low
0.74,0.61,5,240,4,0,0,0,IT,low
0.64,0.36,7,203,9,0,0,0,technical,medium
0.45,0.49,7,159,7,0,0,0,product_mng,low
0.58,0.49,3,181,6,0,0,0,finance,medium
0.49,0.57,3,237,7,0,0,0,IT,low
0.31,0.42,2,105,10,0,1,0,IT,low
0.49,0.59,3,149,10,0,0,0,finance,medium
0.38,0.77,7,130,2,1,1,0,sales,low
0.69,0.67,2,153,10,0,1,0,product_mng,low
0.51,0.83,3,195,9,0,0,0,management,medium
0.53,0.64,4,219,5,0,0,0,RandD,low
0.37,0.53,7,246,9,0,0,0,management,low
0.46,0.57,2,139,7,0,1,0,marketing,low
0.56,0.78,4,263,9,0,0,0,sales,low
0.5,0.66,3,136,9,0,0,0,technical,low
0.63,0.36,4,242,3,0,1,0,RandD,low
0.55,0.59,2,259,9,1,0,0,product_mng,medium
0.44,0.8,4,122,9,0,0,0,product_mng,medium
0.39,0.97,6,98,4,0,0,0,technical,medium
0.47,0.8,3,100,6,0,0,0,marketing,low
0.53,0.72,4,228,4,0,0,0,marketing,low
0.22,0.59,6,214,9,0,1,0,sales,low
0.35,0.88,4,165,3,1,0,0,product_mng,low
0.12,0.94,4,288,2,0,0,0,hr,medium
0.5,0.73,4,126,5,0,0,0,finance,high
0.31,0.36,2,266,5,0,0,0,hr,low
0.23,0.73,4,266,2,0,0,0,hr,low
0.36,0.77,7,154,4,1,1,0,management,low
0.15,0.41,3,127,10,0,0,0,support,low
0.16,0.67,5,230,8,0,0,0,technical,low
0.28,0.36,7,127,7,0,0,0,management,low
0.23,0.85,4,228,4,0,0,0,sales,medium
0.48,0.73,4,167,8,1,0,0,product_mng,low
0.1,0.4,6,173,10,0,0,0,support,medium
0.38,0.75,7,233,9,0,0,0,RandD,medium
0.12,0.79,7,123,6,1,0,0,sales,low
0.71,0.76,3,149,10,0,1,0,finance,low
0.25,0.59,7,221,9,0,1,0,hr,low
0.31,0.66,6,251,10,0,1,0,RandD,medium
0.64,0.72,2,120,7,1,0,0,finance,low
0.13,0.72,2,215,6,0,1,0,sales,low
0.53,0.51,3,148,10,0,1,0,product_mng,medium
0.73,0.77,7,129,8,0,0,0,technical,medium
0.36,0.85,5,293,9,1,0,0,product_mng,low
0.2,0.36,5,153,9,0,1,0,management,low
0.17,0.36,5,172,5,0,0,0,product_mng,medium
0.51,0.36,7,224,8,0,0,0,finance,medium
0.35,0.77,6,200,8,0,0,0,support,medium
0.05,0.51,6,207,10,0,0,1,product_mng,low
0.43,0.36,2,306,6,0,0,0,support,low
0.43,0.45,5,267,7,0,1,0,management,medium
0.26,0.42,6,116,7,1,1,0,product_mng,medium
0.57,0.76,3,232,7,1,0,0,IT,low
0.03,0.89,4,168,2,0,0,0,management,low
0.52,0.74,6,272,10,0,0,0,sales,medium
0.61,0.91,7,227,9,0,0,0,sales,medium
0.67,0.81,4,257,6,0,0,0,technical,low
0.57,0.49,6,160,5,0,1,0,technical,medium
0.34,0.83,7,195,8,0,0,0,RandD,medium
0.42,0.79,6,279,2,0,1,0,IT,medium
0.21,0.42,5,265,2,0,1,0,sales,medium
0.27,0.46,4,229,10,0,1,1,IT,medium
0.31,0.36,7,200,6,0,0,0,sales,low
0.48,0.83,3,163,9,0,0,0,marketing,medium
0.07,0.8,3,209,10,0,0,0,support,medium
0.41,0.6,3,236,10,0,1,0,management,medium
0.36,0.73,3,160,10,0,0,0,technical,medium
0.7,0.52,3,275,6,0,0,0,marketing,low
0.5,0.75,2,213,5,0,0,0,hr,medium
0.12,0.85,5,220,9,0,0,0,IT,medium
0.47,0.73,3,186,10,0,1,0,IT,low
0.56,0.83,7,233,10,0,0,0,hr,low
0.43,0.36,6,154,7,0,1,0,RandD,low
0.34,0.38,4,201,9,0,1,0,management,low
0.49,0.85,4,229,9,0,0,0,finance,low
0.54,0.65,5,204,4,0,1,0,technical,medium
0.89,0.77,3,222,3,0,1,0,product_mng,medium
0.7,0.77,7,201,8,1,0,0,product_mng,medium
0.52,0.88,2,145,3,0,0,0,technical,low
0.4,0.81,7,108,4,0,0,0,support,medium
0.13,0.61,2,303,5,0,0,0,support,low
0.46,0.94,7,164,7,0,1,0,sales,medium
0.31,0.89,3,188,7,0,0,0,IT,medium
0.63,0.6,5,249,10,0,0,0,sales,low
0.22,0.56,4,142,8,0,0,0,finance,low
0.47,0.83,3,274,2,0,0,0,sales,low
0.7,0.36,7,223,10,0,0,0,IT,low
0.47,0.91,4,230,7,0,1,0,technical,medium
0.58,0.45,4,289,5,0,0,0,RandD,low
0.57,0.92,7,136,4,0,0,0,RandD,low
0.84,0.46,5,286,4,0,0,0,sales,medium
0.35,0.36,7,264,5,0,1,0,product_mng,medium
0.14,0.41,5,104,5,0,0,0,sales,low
0.14,0.41,7,232,8,0,0,0,support,medium
0.12,0.77,5,197,5,0,1,0,hr,medium
0.28,0.75,6,161,10,0,0,0,hr,low
0.49,0.57,4,158,7,0,0,0,product_mng,low
0.43,0.8,6,300,2,0,0,0,IT,low
0.43,0.72,3,258,4,1,0,0,technical,medium
0.36,0.81,7,293,9,0,0,0,finance,medium
0.85,0.38,6,310,7,0,0,0,RandD,medium
0.46,0.79,2,230,2,0,0,0,sales,medium
0.62,0.84,4,196,6,0,0,0,sales,medium
0.35,0.69,4,206,3,0,0,0,management,medium
0.48,0.89,7,161,2,0,1,0,product_mng,medium
0.3,0.71,6,229,9,0,0,1,hr,medium
0.09,0.78,7,162,4,0,0,0,finance,low
0.37,0.36,4,287,3,0,1,0,support,low
0.3,0.36,3,221,9,0,1,0,hr,medium
0.35,0.36,5,157,3,1,0,0,technical,medium
0.3,0.58,6,301,3,0,0,0,marketing,low
0.17,0.36,4,301,6,0,0,0,hr,low
0.21,0.78,5,302,10,0,1,0,sales,medium
0.17,0.36,2,205,5,0,0,0,product_mng,medium
0.32,0.69,2,184,5,0,0,0,product_mng,medium
0.02,0.47,7,133,10,0,0,0,product_mng,low
0.26,0.76,6,197,9,0,1,0,management,low
0.49,0.38,5,142,7,0,0,0,RandD,low
0.49,0.72,7,305,6,0,0,0,product_mng,low
0.35,0.5,2,122,6,1,0,0,sales,medium
0.35,0.6,6,141,2,0,0,0,finance,medium
0.49,0.63,6,177,6,1,1,0,sales,low
0.65,0.81,2,166,7,0,1,0,hr,high
0.08,0.69,4,295,4,0,1,0,marketing,high
0.29,0.7,3,241,9,0,1,0,hr,medium
0.45,0.46,4,139,9,0,0,0,IT,medium
0.31,0.58,3,294,3,0,1,0,RandD,low
0.16,0.77,5,137,5,0,0,0,marketing,high
0.35,0.36,7,293,6,0,1,0,product_mng,low
0.52,0.38,2,269,4,1,0,0,sales,low
0.86,0.67,6,147,2,1,0,0,sales,medium
0.64,0.37,7,301,10,0,0,0,technical,medium
0.46,0.76,4,111,9,0,0,0,management,low
0.39,0.81,7,214,6,0,1,0,technical,medium
0.63,0.36,7,241,3,1,1,0,hr,low
0.42,0.55,5,218,4,1,0,0,finance,medium
0.52,0.38,7,207,3,0,0,0,support,low
0.22,0.51,4,266,8,1,0,0,marketing,low
0.2,0.74,7,297,4,0,0,0,marketing,medium
0.37,0.54,6,158,5,0,1,0,technical,medium
0.11,0.62,6,176,9,0,0,0,technical,low
0.26,0.83,6,150,9,1,0,0,management,high
0.45,0.46,5,169,7,0,0,0,support,low
0.42,0.86,7,119,7,1,0,0,sales,medium
0.37,0.55,5,120,8,0,0,0,support,low
0.03,0.71,5,298,2,0,0,0,hr,medium
0.35,0.45,2,216,9,0,0,0,RandD,medium
0.74,0.58,2,289,6,0,0,0,technical,medium
0.54,0.92,2,101,3,0,0,0,product_mng,low
0.14,0.78,3,262,10,0,0,0,technical,medium
0.82,0.59,2,234,3,1,1,0,hr,medium
0.3,0.63,4,237,6,0,1,0,product_mng,medium
0.52,0.49,4,129,10,0,1,0,marketing,low
0.39,0.44,6,210,3,0,0,0,IT,low
0.37,0.38,2,196,6,0,0,0,management,medium
0.16,0.36,7,199,6,0,0,0,RandD,medium
0.14,0.36,2,174,7,0,0,0,technical,low
0.21,0.79,6,253,10,0,0,0,product_mng,low
0.22,0.55,3,280,2,0,1,0,marketing,high
0.29,0.53,4,142,8,0,0,0,product_mng,high
0.35,0.59,2,170,3,0,0,0,RandD,medium
0.67,0.36,5,115,8,0,0,0,management,low
0.72,0.51,6,248,6,0,0,0,IT,medium
0.46,0.93,4,123,8,0,1,0,marketing,medium
0.74,0.52,4,108,9,0,0,0,sales,low
0.74,0.44,3,279,2,0,1,0,IT,low
0.28,0.88,6,144,9,0,0,0,technical,low
0.19,0.45,7,118,10,1,0,0,technical,medium
0.53,0.59,4,170,9,0,0,0,product_mng,low
0.29,0.64,2,287,2,0,0,0,product_mng,medium
0.67,0.64,4,238,8,0,0,0,finance,high
0.41,0.84,4,223,7,0,0,0,management,low
0.52,0.36,7,284,2,0,1,0,management,low
0.7,0.6,5,143,6,0,0,0,support,medium
0.41,0.66,7,149,6,0,0,0,management,medium
0.26,0.74,4,146,10,1,1,0,product_mng,low
0.46,0.87,5,122,10,0,0,0,sales,medium
0.15,0.53,6,145,8,0,0,0,hr,medium
0.42,0.94,5,296,6,0,0,0,management,medium
0.48,0.86,7,220,5,0,0,0,hr,medium
0.33,0.38,4,218,3,0,0,0,support,low
0.53,0.81,4,309,2,0,0,0,sales,medium
0.28,0.9,5,188,9,0,0,0,support,medium
0.57,0.88,3,288,4,0,0,0,management,low
0.6,0.59,7,306,9,1,0,0,finance,low
0.76,0.51,4,198,4,0,0,0,technical,low
0.4,0.49,7,258,9,1,0,0,RandD,medium
0.33,0.4,5,110,5,1,1,0,RandD,low
0.74,0.36,3,295,7,0,0,0,support,low
0.39,0.6,6,173,9,0,0,0,support,low
0.38,0.95,4,216,4,0,0,1,technical,medium
0.27,0.83,6,136,7,0,1,0,finance,medium
0.78,0.42,5,294,4,0,0,0,finance,low
0.57,0.74,7,285,5,1,0,0,management,low
0.61,0.55,7,266,4,0,0,0,support,medium
0.82,0.78,5,230,10,1,0,0,RandD,medium
0.37,0.7,5,153,3,0,1,0,support,low
0.75,0.4,7,217,4,0,0,0,marketing,low
0.69,0.51,3,191,6,0,0,0,hr,high
0.34,0.36,7,307,5,1,0,0,sales,medium
0.52,0.64,4,193,8,0,0,0,marketing,medium
0.8,0.54,7,101,3,0,0,0,marketing,low
0.31,0.58,7,116,8,0,1,0,IT,medium
0.6,0.36,3,301,7,0,1,0,marketing,medium
0.18,0.36,6,187,5,0,0,0,product_mng,medium
0.78,0.78,7,294,2,0,0,0,management,medium
0.33,0.62,7,120,6,1,0,0,product_mng,medium
0.36,0.85,3,203,7,0,0,0,management,medium
0.36,0.51,4,234,10,0,0,0,technical,medium
0.21,0.36,6,282,8,0,1,0,management,high
0.5,0.62,3,263,2,0,1,0,marketing,medium
0.46,0.7,5,140,10,0,0,0,management,medium
0.13,0.42,7,292,4,0,0,0,sales,low
0.42,0.36,3,264,8,0,0,0,support,high
0.32,0.48,3,285,8,0,0,0,product_mng,medium
0.46,0.7,5,211,2,0,0,0,hr,low
0.78,0.38,7,197,9,1,0,0,finance,low
0.51,0.6,4,291,8,0,0,0,marketing,low
0.23,0.36,5,289,3,0,1,0,marketing,low
0.26,0.43,5,214,2,0,1,0,marketing,low
0.7,0.83,7,208,3,0,0,0,finance,medium
0.39,0.46,4,291,7,0,0,0,sales,low
0.14,0.75,2,192,8,0,0,0,IT,high
0.1,0.59,3,121,2,0,0,0,technical,medium
0.53,0.36,5,114,9,0,0,0,RandD,low
0.7,0.45,7,298,2,0,0,0,management,low
0.11,0.39,4,136,5,0,1,0,support,low
0.54,0.86,4,268,10,0,0,0,support,low
0.44,0.93,2,238,3,0,1,0,marketing,medium
0.41,0.64,6,112,8,0,0,0,technical,low
0.63,0.62,3,273,6,0,0,0,finance,medium
0.09,0.46,4,204,6,0,0,0,support,medium
0.29,0.66,7,186,10,0,0,0,hr,medium
0.15,0.87,2,291,2,1,0,0,sales,high
0.51,0.52,3,215,6,1,0,0,management,medium
0.35,0.47,2,299,8,0,1,0,support,medium
0.54,0.69,6,262,6,1,1,0,marketing,medium
0.01,0.58,5,292,8,0,1,0,finance,medium
0.19,0.61,3,161,2,0,0,0,management,medium
0.7,0.51,4,295,5,0,0,0,RandD,medium
0.43,0.36,5,198,3,0,0,0,technical,low
0.22,0.43,4,216,10,0,0,0,support,medium
0.26,0.58,5,187,9,0,1,0,IT,medium
0.79,0.64,2,255,5,0,1,0,technical,low
0.38,0.36,7,151,6,0,0,0,marketing,low
0.33,0.45,4,248,3,0,0,0,management,low
0.68,0.64,6,149,2,0,0,0,product_mng,low
0.21,0.45,5,236,9,0,0,0,hr,medium
0.38,0.76,2,141,6,0,0,1,hr,medium
0.37,0.51,3,137,8,0,1,0,finance,low
0.48,0.52,6,212,3,0,1,0,management,medium
0.81,0.78,2,278,9,0,0,0,support,medium
0.07,0.82,3,309,2,0,0,0,IT,medium
0.43,0.67,5,204,7,0,0,0,hr,medium
0.24,0.69,3,215,10,0,1,0,technical,medium
0.44,0.51,3,303,10,1,1,0,hr,medium
0.66,0.36,2,119,7,0,0,0,RandD,low
0.52,0.36,3,154,10,1,1,0,finance,low
0.19,0.55,6,250,8,0,0,0,marketing,medium
0.38,0.36,4,268,8,0,0,0,product_mng,medium
0.14,0.89,7,305,3,0,1,0,finance,low
0.09,0.45,2,287,5,0,0,0,RandD,medium
0.12,0.94,5,231,3,0,0,0,technical,low
0.61,0.36,3,226,9,0,0,0,sales,medium
0.35,0.54,6,110,3,0,0,0,IT,medium
0.63,0.59,4,296,9,1,0,0,marketing,low
0.35,0.45,3,256,2,1,1,0,RandD,low
0.7,0.92,4,273,8,0,0,0,RandD,low
0.18,0.47,4,271,5,0,0,0,hr,low
0.57,0.85,3,184,8,0,0,0,support,medium
0.61,0.88,3,159,3,0,0,0,product_mng,high
0.43,0.36,4,148,6,0,0,0,support,high
0.14,0.87,4,144,8,0,0,0,technical,low
0.2,0.38,3,294,7,0,0,0,RandD,medium
0.29,0.52,6,157,2,0,1,0,RandD,medium
0.56,0.36,5,114,3,0,0,0,product_mng,low
0.83,0.71,3,240,8,0,0,0,hr,low
0.09,0.63,3,152,6,0,0,0,technical,high
0.39,0.36,5,152,8,0,0,0,support,low
0.21,0.71,3,297,8,0,0,0,product_mng,low
0.46,0.5,7,294,6,0,0,0,RandD,low
0.35,0.72,2,165,8,0,1,0,support,low
0.56,0.55,5,166,3,0,0,0,marketing,medium
0.47,0.36,6,118,5,0,0,0,support,medium
0.45,0.5,3,99,6,0,1,0,marketing,low
0.59,0.47,3,293,4,0,0,0,management,low
0.44,0.5,6,274,4,0,0,0,product_mng,medium
0.37,0.36,6,289,4,0,0,0,IT,low
0.63,0.57,6,103,3,0,0,0,finance,low
0.55,0.46,2,227,7,0,0,0,marketing,low
0.39,0.67,2,309,2,0,0,0,sales,medium
0.49,0.88,3,208,2,0,0,0,sales,medium
0.27,0.81,7,301,2,0,0,0,RandD,high
0.7,0.43,5,140,4,0,0,0,technical,low
0.28,0.98,7,232,4,0,1,0,sales,low
0.24,0.73,5,269,3,0,0,0,technical,low
0.24,0.69,4,148,6,0,0,0,hr,low
0.6,0.47,4,126,10,0,0,0,RandD,low
0.54,0.61,3,98,8,0,0,0,marketing,low
0.14,0.63,6,205,10,0,0,0,support,medium
0.49,0.76,4,121,8,0,1,0,sales,medium
0.3,0.78,4,98,9,0,0,0,marketing,high
0.8,0.81,2,254,6,1,0,0,finance,medium
0.1,0.79,6,185,7,0,0,0,sales,medium
0.22,0.95,3,97,4,0,0,0,product_mng,medium
0.73,0.36,6,277,10,0,0,0,support,medium
0.54,0.55,3,152,3,0,1,0,management,low
0.42,0.56,3,124,3,0,1,0,sales,high
0.4,0.42,2,207,6,0,0,0,marketing,medium
0.44,0.75,7,115,2,1,0,0,hr,medium
0.13,0.84,4,156,6,0,1,0,technical,medium
0.75,0.56,3,98,7,0,0,0,finance,low
0.35,0.81,3,207,7,0,0,0,management,medium
0.02,0.77,3,178,10,0,0,0,sales,low
0.4,0.54,3,208,4,0,1,0,sales,high
0.24,0.72,6,259,10,0,0,0,product_mng,low
0.57,0.9,6,238,7,0,0,0,hr,low
0.6,0.69,2,129,4,0,0,0,hr,low
0.5,0.36,5,299,9,0,0,0,technical,low
0.36,0.64,4,278,6,0,0,0,IT,low
0.39,0.73,7,156,8,0,0,0,marketing,medium
0.79,0.42,3,219,7,0,1,0,management,low
0.44,0.85,5,263,3,0,0,0,finance,high
0.32,0.36,7,182,10,0,1,0,IT,medium
0.15,0.73,5,108,8,1,0,0,RandD,medium
0.3,0.48,5,193,10,0,0,0,finance,medium
0.45,0.55,3,210,5,0,0,0,management,low
0.57,0.36,4,97,8,1,0,0,product_mng,medium
0.25,0.85,4,282,7,0,0,0,support,low
0.75,0.36,3,190,2,0,1,0,sales,low
0.8,0.66,2,153,8,0,1,0,product_mng,medium
0.14,0.49,2,112,10,0,0,0,marketing,low
0.44,0.78,5,291,7,0,1,0,support,medium
0.37,0.36,3,149,7,0,0,0,hr,low
0.27,0.64,7,121,5,0,1,0,hr,medium
0.55,0.41,2,183,8,0,0,0,sales,low
0.6,0.59,6,139,7,0,1,0,technical,medium
0.29,0.36,4,167,5,0,0,0,IT,medium
0.2,0.6,6,120,8,0,0,0,technical,low
0.37,0.79,7,105,9,0,1,1,finance,low
0.39,0.53,6,208,4,0,0,0,finance,medium
0.52,0.7,2,286,10,0,0,0,sales,low
0.46,0.8,4,185,7,0,0,0,IT,medium
0.52,0.38,6,159,2,0,0,0,sales,medium
0.55,0.97,4,242,5,1,0,0,product_mng,medium
0.33,0.55,6,119,8,1,1,0,product_mng,high
0.58,0.36,4,271,9,0,0,0,finance,high
0.65,0.5,3,296,5,0,0,0,technical,medium
0.18,0.36,7,251,5,0,0,0,IT,medium
0.55,0.82,7,212,4,0,0,0,sales,medium
0.27,0.63,2,261,6,0,0,0,support,low
0.22,0.36,3,98,10,0,0,0,finance,low
0.58,0.78,4,210,9,0,0,0,finance,low
0.16,0.71,2,136,10,0,0,0,IT,low
0.74,0.63,2,229,2,1,0,0,hr,low
0.38,0.47,7,259,9,0,1,0,sales,medium
0.63,0.77,5,217,9,1,0,0,IT,medium
0.59,0.36,3,264,2,0,0,0,sales,medium
0.29,0.81,6,225,10,0,0,0,marketing,medium
0.37,0.54,2,227,10,0,0,0,IT,low
0.42,0.79,6,124,5,0,0,0,RandD,low
0.17,0.86,7,111,9,0,0,0,sales,low
0.35,0.5,3,159,9,0,0,0,product_mng,medium
0.28,0.62,5,296,10,0,0,0,product_mng,low
0.54,0.71,2,111,5,1,0,0,support,medium
0.29,0.5,5,161,7,1,1,0,finance,low
0.37,0.79,7,231,10,1,0,0,management,low
0.31,0.55,5,178,4,0,1,0,hr,low
0.38,0.79,4,102,8,1,1,0,finance,medium
0.45,0.64,5,291,4,0,0,0,hr,medium
0.49,0.48,7,190,4,0,0,1,finance,low
0.54,0.55,6,137,3,0,0,0,hr,medium
0.71,0.78,5,271,10,1,0,0,management,medium
0.64,0.36,4,205,3,1,0,0,technical,medium
0.86,0.84,3,206,5,0,0,0,IT,low
0.27,0.93,2,290,2,0,0,0,RandD,medium
0.52,0.85,3,123,6,1,0,0,RandD,medium
0.43,0.56,4,127,8,0,0,0,finance,medium
0.48,0.62,6,139,5,0,0,0,hr,medium
0.52,0.36,2,147,4,0,0,0,marketing,medium
0.24,0.79,6,156,2,0,1,0,support,low
0.36,0.46,3,279,3,0,1,0,support,medium
0.09,0.57,2,187,5,0,1,0,sales,medium
0.56,0.72,6,303,10,0,1,0,RandD,high
0.19,0.67,7,177,4,0,0,0,marketing,low
0.27,0.5,2,131,8,0,0,0,support,medium
0.23,0.44,3,292,5,0,0,0,support,low
0.52,0.85,6,165,10,0,1,0,management,medium
0.57,0.53,7,226,7,0,0,0,IT,medium
0.17,0.83,2,191,4,0,1,0,product_mng,low
0.02,0.36,2,249,3,0,0,0,support,low
0.56,0.65,6,285,4,0,0,0,hr,medium
0.71,0.86,3,257,8,0,1,0,finance,low
0.6,0.73,4,226,2,0,0,0,product_mng,low
0.64,0.36,2,199,9,0,0,0,management,low
0.32,0.93,6,189,2,0,0,0,marketing,medium
0.58,0.78,6,97,3,0,1,0,technical,low
0.73,0.37,7,140,3,0,0,0,product_mng,low
0.15,0.42,6,224,3,0,1,0,sales,high
0.86,0.38,4,308,10,0,1,0,support,medium
0.47,0.52,5,222,9,0,0,0,sales,low
0.31,0.55,7,166,9,1,1,0,management,medium
0.73,0.6,6,278,8,0,0,0,RandD,low
0.23,0.53,4,280,9,0,0,0,RandD,low
0.42,0.92,5,157,7,0,0,1,product_mng,low
0.32,0.72,4,242,4,1,1,0,technical,medium
0.16,0.72,6,250,2,1,1,0,support,high
0.66,0.36,2,305,7,0,0,1,IT,medium
0.31,0.36,6,220,6,0,0,0,marketing,low
0.59,0.45,7,104,7,1,0,1,IT,low
0.48,0.75,4,109,3,0,0,0,finance,low
0.77,0.36,6,137,9,0,0,0,product_mng,low
0.56,0.7,3,156,2,0,0,0,management,medium
0.19,0.36,7,119,5,0,0,0,product_mng,medium
0.33,0.63,4,213,10,0,0,0,product_mng,low
0.17,0.39,7,294,8,0,1,0,RandD,medium
0.81,0.88,4,125,5,0,0,0,finance,low
0.53,0.36,6,100,5,0,1,0,product_mng,medium
0.49,0.84,4,105,2,0,0,0,marketing,low
0.13,0.36,4,234,4,0,0,0,sales,medium
0.3,0.43,4,291,3,0,1,0,finance,low
0.14,0.52,6,289,6,0,0,0,finance,high
0.61,0.74,6,204,6,0,1,0,hr,medium
0.3,0.79,6,213,5,0,1,0,hr,low
0.42,0.79,7,208,4,0,0,0,IT,medium
0.57,0.63,6,263,8,0,1,0,technical,low
0.47,0.58,7,135,8,0,0,0,finance,medium
0.46,0.36,5,244,3,0,0,0,finance,low
0.22,0.82,2,169,10,0,0,0,management,medium
0.51,0.59,6,278,8,0,0,0,support,low
0.1,0.56,4,253,9,0,0,0,technical,low
0.34,0.37,7,168,7,0,0,0,marketing,low
0.1,0.6,4,166,7,0,1,0,IT,medium
0.57,0.73,3,242,7,0,0,0,finance,medium
0.4,0.44,6,111,5,1,0,0,RandD,low
0.54,0.4,2,201,2,0,0,0,finance,high
0.51,0.83,5,252,7,0,0,0,hr,low
0.25,0.47,2,241,5,0,0,0,sales,low
0.18,0.49,3,237,5,0,0,0,technical,low
0.74,0.61,2,286,10,0,1,0,technical,low
0.76,0.36,6,218,10,0,0,0,product_mng,medium
0.82,0.47,7,157,2,0,0,0,RandD,medium
0.12,0.75,3,156,10,1,0,0,management,medium
0.45,0.74,7,169,8,1,0,0,product_mng,low
0.58,0.48,4,107,4,0,1,0,hr,low
0.18,0.79,6,139,3,0,0,0,hr,high
0.43,0.43,6,130,2,0,0,0,management,medium
0.37,0.95,3,244,3,0,0,0,sales,low
0.26,0.7,7,141,5,0,1,0,sales,low
0.08,0.77,5,309,8,0,0,0,finance,low
0.58,0.82,6,128,2,0,0,0,finance,medium
0.37,0.51,6,233,10,1,0,0,RandD,low
0.76,0.59,5,303,4,0,0,0,technical,medium
0.56,0.8,2,305,8,0,0,0,RandD,low
0.57,0.86,7,266,8,0,0,0,sales,low
0.32,0.7,3,117,8,0,0,0,technical,low
0.51,0.47,5,293,5,0,0,0,IT,low
0.63,0.52,2,154,7,0,0,0,marketing,low
0.13,0.7,5,285,7,0,0,0,support,high
0.2,0.64,6,205,8,0,1,0,RandD,high
0.55,0.49,2,294,7,0,0,0,IT,low
0.64,1.0,2,249,4,0,0,0,marketing,low
0.74,0.53,6,197,10,0,1,0,IT,low
0.24,0.38,4,297,3,0,1,0,marketing,low
0.16,0.68,4,268,6,0,0,0,product_mng,medium
0.49,0.76,3,131,10,0,0,0,technical,low
0.67,0.67,4,282,6,0,1,0,support,medium
0.19,0.53,5,105,4,0,0,0,finance,low
0.52,0.73,6,111,5,0,0,0,sales,medium
0.01,0.73,5,260,7,0,0,0,IT,medium
0.61,0.36,2,229,4,0,0,0,hr,low
0.74,0.41,3,210,6,1,1,0,management,low
0.11,0.69,5,183,4,0,1,0,product_mng,low
0.54,0.7,4,137,6,0,0,0,technical,low
0.52,0.63,6,177,9,0,0,0,RandD,low
0.42,0.72,4,171,9,0,0,0,support,medium
0.38,0.83,6,206,6,0,1,0,marketing,high
0.25,0.87,4,118,9,0,1,0,product_mng,low
0.09,0.46,7,152,8,0,1,0,support,high
0.53,0.46,4,277,8,0,0,0,technical,low
0.45,0.47,3,220,7,0,0,0,sales,high
0.42,0.69,5,273,9,0,0,0,support,medium
0.56,0.36,6,203,3,0,1,0,marketing,low
0.11,0.56,4,213,3,0,0,0,finance,low
0.82,0.71,4,114,3,0,0,0,IT,medium
0.79,0.36,7,219,2,0,0,0,sales,low
0.14,0.4,7,185,5,1,0,0,hr,medium
0.34,0.99,4,120,9,0,0,0,IT,medium
0.86,0.73,2,123,10,1,0,0,product_mng,medium
0.56,0.36,2,250,9,0,0,0,product_mng,low
0.64,0.92,4,133,4,0,0,0,finance,medium
0.41,0.51,7,226,9,0,0,0,IT,low
0.38,0.4,2,283,5,0,1,0,sales,low
0.42,0.74,5,262,5,0,1,0,management,medium
0.26,0.86,7,278,7,0,0,0,sales,low
0.39,0.88,3,269,3,0,0,0,support,low
0.61,0.89,5,154,4,0,1,0,finance,medium
0.19,0.36,4,140,4,0,0,0,sales,high
0.44,0.73,7,210,10,0,0,0,support,low
0.37,0.48,5,154,10,0,0,0,sales,low
0.66,0.77,5,119,9,0,0,0,sales,low
0.15,0.36,4,134,2,0,0,0,support,low
0.71,0.37,5,226,3,0,0,0,support,low
0.57,0.74,4,227,9,0,0,0,RandD,low
0.41,0.83,6,228,7,0,0,0,IT,low
0.68,0.89,5,202,3,1,0,0,support,low
0.16,0.36,3,176,3,0,0,0,technical,high
0.32,0.75,7,148,6,0,0,0,finance,medium
0.88,0.36,7,231,2,0,0,0,marketing,low
0.39,0.52,7,282,3,0,0,1,marketing,medium
0.42,0.63,2,168,4,0,0,0,IT,low
0.5,0.74,5,233,8,0,0,0,support,low
0.4,0.4,2,105,5,0,0,0,IT,low
0.44,0.66,3,187,3,0,0,0,RandD,high
0.42,0.53,5,262,9,0,0,0,technical,low
0.42,0.83,7,169,4,0,0,0,hr,medium
0.21,0.61,2,260,3,0,0,0,sales,low
0.56,0.45,7,149,4,0,0,0,management,low
0.24,0.36,7,183,9,0,1,0,finance,medium
0.38,0.97,7,281,5,1,0,0,support,low
0.29,0.7,5,183,6,0,1,0,product_mng,medium
0.43,0.78,5,207,2,1,0,0,sales,low
0.5,0.69,3,136,6,0,0,0,management,low
0.47,0.38,2,275,4,0,0,0,support,high
0.31,0.6,2,202,3,0,0,0,technical,medium
0.23,0.63,2,300,5,0,1,0,technical,low
0.03,0.87,4,137,7,0,1,0,RandD,low
0.49,0.36,5,238,7,0,0,0,technical,low
0.27,0.47,5,280,8,0,0,0,sales,medium
0.62,0.56,6,284,5,0,0,0,marketing,medium
0.52,0.36,3,167,10,1,1,0,hr,low
0.3,0.82,3,262,10,0,0,0,hr,low
0.22,0.74,4,289,6,0,0,0,management,medium
0.28,0.46,2,306,6,0,0,0,hr,medium
0.76,0.45,5,302,8,1,1,0,management,medium
0.61,0.66,2,228,10,0,0,0,marketing,medium
0.32,0.49,2,234,2,1,0,0,management,low
0.18,0.62,4,263,10,0,0,0,management,medium
0.41,0.8,3,244,10,0,1,0,technical,medium
0.32,0.76,4,166,3,1,0,0,management,low
0.57,0.9,2,189,6,0,0,0,finance,medium
0.12,0.53,2,252,8,0,1,0,sales,low
0.44,0.53,4,134,9,0,0,0,IT,medium
0.78,0.85,5,105,5,0,0,0,RandD,low
0.47,0.59,4,128,8,1,0,0,RandD,medium
0.16,0.83,3,241,9,0,0,0,RandD,low
0.37,0.68,6,206,7,0,1,0,RandD,low
0.32,0.87,3,199,4,0,1,0,RandD,medium
0.27,0.87,3,126,3,0,0,0,marketing,medium
0.34,0.36,6,145,6,1,0,0,product_mng,low
0.39,0.41,6,293,5,0,0,0,marketing,low
0.67,0.49,6,308,5,0,0,0,RandD,low
0.53,0.66,3,259,5,0,0,0,IT,medium
0.59,0.41,4,102,7,0,0,0,management,high
0.53,0.63,3,280,6,0,0,0,technical,low
0.14,0.56,7,100,5,0,0,0,finance,medium
0.41,0.81,7,257,10,1,0,0,management,low
0.48,0.56,4,119,2,0,1,0,technical,medium
0.55,0.79,7,237,5,0,0,0,support,medium
0.78,0.79,4,156,8,0,0,0,management,low
0.32,0.88,4,142,3,0,1,0,product_mng,low
0.32,0.36,5,252,3,0,0,0,sales,high
0.41,0.41,2,236,9,0,0,0,hr,medium
0.27,0.86,2,301,10,0,0,0,marketing,medium
0.22,0.36,5,302,4,1,0,0,technical,low
0.21,0.82,5,223,7,0,0,0,IT,low
0.28,0.36,5,270,3,1,0,0,sales,medium
0.1,0.66,6,297,9,0,1,0,management,low
0.83,0.72,7,234,9,0,0,0,support,low
0.39,0.36,7,208,5,0,0,0,hr,low
0.31,0.36,2,213,3,0,1,0,RandD,low
0.5,0.8,3,206,3,0,0,0,IT,low
0.07,0.36,4,178,6,0,1,0,marketing,low
0.84,0.53,5,112,8,0,0,0,technical,medium
0.55,0.76,7,143,3,0,0,0,management,medium
0.4,0.6,7,292,7,0,1,0,technical,low
0.57,0.61,2,240,10,0,0,0,technical,medium
0.41,0.36,5,212,4,0,0,0,sales,low
0.44,0.72,3,254,2,0,0,0,product_mng,low
0.37,0.76,3,132,8,0,0,0,marketing,medium
0.11,0.45,4,234,9,0,0,0,IT,medium
0.29,0.44,7,297,9,0,0,0,hr,medium
0.48,0.5,7,220,3,0,0,0,support,high
0.59,0.52,7,193,2,1,0,0,finance,low
0.59,0.56,4,119,8,0,1,0,marketing,medium
0.23,0.73,7,276,7,0,0,0,hr,medium
0.39,0.7,6,236,5,0,0,0,product_mng,low
0.04,0.77,7,110,4,0,0,0,IT,medium
0.49,0.78,5,239,8,0,0,0,technical,low
0.63,0.58,4,129,3,0,0,0,support,medium
0.03,0.74,6,282,7,0,0,0,management,low
0.33,0.65,4,266,7,0,0,0,technical,medium
0.01,0.9,2,246,5,1,1,0,management,low
0.37,0.58,4,270,4,0,0,0,support,low
0.47,0.72,2,161,3,0,0,0,hr,low
0.11,0.47,6,298,10,0,0,0,hr,low
0.19,0.86,6,310,6,0,0,0,IT,medium
0.75,0.92,4,142,2,0,0,0,marketing,medium
0.45,0.58,7,177,3,0,1,0,sales,low
0.43,0.36,2,223,3,0,0,0,finance,medium
0.25,0.37,7,241,6,0,0,0,IT,medium
0.36,0.91,6,263,10,0,0,0,IT,medium
0.46,0.87,2,186,8,0,0,0,technical,low
0.67,0.64,6,243,8,0,0,0,product_mng,medium
0.39,0.7,3,120,8,1,0,0,product_mng,medium
0.4,0.56,5,98,6,1,0,0,product_mng,low
0.68,0.7,6,126,4,0,0,0,IT,low
0.33,0.36,7,176,10,0,0,0,sales,low
0.39,0.71,5,142,2,0,0,0,sales,low
0.03,0.65,6,165,7,0,0,0,RandD,low
0.74,0.47,5,126,3,0,1,0,technical,medium
0.65,0.36,7,251,4,0,1,0,marketing,low
0.27,0.48,3,223,10,0,0,0,management,high
0.6,0.65,4,280,8,1,0,0,technical,medium
0.46,0.83,4,309,9,0,0,0,IT,medium
0.46,0.36,6,142,10,0,0,0,marketing,low
0.61,0.68,4,155,7,0,1,0,IT,medium
0.19,0.81,6,251,8,0,1,1,sales,low
0.33,0.78,7,244,9,0,0,0,RandD,low
0.09,0.97,6,272,7,0,0,0,hr,low
0.46,0.9,7,187,9,0,1,0,marketing,low
0.31,0.47,4,284,6,0,0,0,IT,medium
0.14,0.74,2,99,9,0,0,0,support,medium
0.75,0.87,4,97,3,1,0,0,RandD,low
0.34,0.65,6,279,9,0,0,0,finance,low
0.83,0.66,5,126,6,0,0,0,hr,low
0.76,0.71,7,223,3,0,0,0,support,low
0.66,0.66,6,117,5,1,0,0,product_mng,low
0.35,0.71,7,278,2,0,1,0,management,high
0.17,0.82,5,118,10,0,0,0,finance,medium
0.11,0.36,5,275,5,0,0,0,RandD,low
0.05,0.5,7,234,8,0,0,0,support,medium
0.14,0.96,2,283,7,0,0,0,IT,low
0.43,0.7,4,155,7,0,0,0,technical,medium
0.6,0.63,4,292,5,0,0,0,finance,low
0.56,0.85,7,250,8,0,0,0,IT,medium
0.59,0.36,7,193,4,0,1,1,management,low
0.51,0.92,3,226,8,0,0,0,hr,high
0.24,0.5,7,245,5,0,0,0,sales,medium
0.35,0.84,5,130,6,0,1,0,finance,medium
0.4,0.61,7,187,6,0,0,0,management,low
0.14,0.83,5,303,10,0,0,0,marketing,low
0.7,0.74,2,266,9,1,0,0,finance,low
0.3,0.57,2,166,4,0,1,0,RandD,low
0.71,0.51,4,162,8,0,1,0,finance,low
0.21,0.62,4,268,5,0,1,0,marketing,medium
0.15,0.81,7,152,8,1,0,0,technical,medium
0.28,0.57,5,172,2,0,1,0,RandD,low
0.29,0.36,3,253,3,0,1,0,technical,medium
0.11,0.36,2,308,10,0,0,0,RandD,low
0.6,0.36,7,107,4,0,0,0,finance,low
0.62,0.7,6,158,10,0,0,0,RandD,low
0.61,0.82,7,271,8,0,0,0,hr,medium
0.21,0.36,2,179,6,1,0,0,marketing,low
0.19,0.36,6,129,10,0,0,0,support,medium
0.47,0.78,6,216,5,0,0,0,technical,low
0.46,0.64,4,169,9,1,0,0,marketing,medium
0.6,0.75,6,274,3,0,0,0,finance,low
0.18,0.36,3,122,8,0,0,0,IT,medium
0.62,0.67,4,164,10,0,0,0,sales,low
0.56,0.6,4,106,9,0,0,0,finance,medium
0.28,0.92,6,206,4,0,0,0,product_mng,low
0.22,0.9,5,145,8,0,1,1,sales,medium
0.73,0.7,3,303,2,0,1,0,management,medium
0.22,0.88,4,105,3,0,0,0,sales,low
0.52,0.65,7,120,6,0,0,0,sales,low
0.17,0.96,6,229,3,0,0,0,product_mng,low
0.39,0.86,7,298,4,0,0,0,finance,low
0.44,0.54,5,243,10,0,0,0,marketing,low
0.26,0.36,7,238,3,0,1,0,finance,low
0.44,0.82,2,99,2,0,0,0,RandD,medium
0.34,0.36,5,163,3,0,0,0,RandD,low
0.42,0.46,2,179,3,0,0,0,RandD,low
0.72,0.54,4,139,5,0,1,0,management,medium
0.15,0.61,5,202,7,0,0,0,marketing,medium
0.36,0.81,3,100,7,0,0,0,marketing,medium
0.26,0.36,6,192,5,0,1,0,management,low
0.51,0.59,6,241,10,0,0,0,management,low
0.29,0.43,2,212,7,0,0,0,support,low
0.08,0.42,6,120,7,0,0,0,marketing,low
0.65,0.68,4,98,10,0,0,0,sales,medium
0.68,0.42,4,214,8,0,1,0,marketing,low
0.65,0.61,3,108,3,0,0,0,management,medium
0.43,0.73,2,171,8,0,0,0,support,medium
0.71,0.87,3,207,5,0,0,0,sales,low
0.06,0.88,7,232,5,0,0,0,finance,high
0.14,0.51,2,123,6,0,1,0,IT,medium
0.12,0.68,7,206,10,0,0,0,IT,low
0.32,0.36,5,231,4,1,0,0,management,low
0.19,0.74,3,105,2,0,1,0,support,medium
0.07,0.75,3,178,2,0,0,0,product_mng,low
0.2,0.7,5,254,3,0,0,0,technical,low
0.22,0.36,3,158,2,0,0,0,RandD,low
0.32,0.86,7,267,9,0,1,0,hr,high
0.68,0.6,5,163,8,1,0,0,IT,medium
0.8,0.45,4,111,8,0,1,0,IT,low
0.41,0.36,3,96,7,0,0,0,management,medium
0.49,0.36,5,291,8,0,0,0,IT,medium
0.73,0.99,5,273,7,0,0,0,management,low
0.15,0.36,3,253,7,0,1,0,finance,low
0.59,0.77,3,251,9,0,0,0,sales,medium
0.34,0.89,6,158,2,1,0,0,RandD,medium
0.42,0.44,2,237,9,0,0,0,hr,medium
0.17,0.64,6,177,7,0,0,0,IT,low
0.16,0.43,2,141,9,0,0,0,hr,medium
0.3,0.7,2,274,8,0,0,0,IT,low
0.29,0.85,7,99,8,0,1,0,RandD,low
0.22,0.36,7,160,9,0,0,0,support,medium
0.22,0.68,5,154,10,0,0,0,marketing,low
0.31,0.44,6,211,6,1,0,0,IT,medium
0.38,0.66,3,245,10,0,1,0,hr,medium
0.33,0.88,3,106,4,0,0,0,finance,medium
0.06,0.89,6,306,6,0,0,0,RandD,medium
0.3,0.42,4,294,9,0,0,0,marketing,medium
0.5,0.45,2,250,4,0,1,0,finance,medium
0.55,0.6,5,284,10,0,0,0,hr,high
0.88,0.78,4,251,7,0,1,0,finance,low
0.49,0.76,5,219,9,0,0,0,finance,low
0.51,0.62,4,226,4,0,1,0,finance,medium
0.46,0.86,5,138,8,0,0,0,support,medium
0.08,0.71,6,172,8,0,0,0,finance,low
0.61,0.4,3,130,5,0,0,0,finance,low
0.43,0.74,3,192,9,0,0,0,finance,medium
0.14,0.54,5,309,5,0,0,0,management,medium
0.75,0.41,7,274,3,0,0,0,sales,low
0.08,0.36,2,256,5,0,0,1,IT,medium
0.29,0.44,4,135,7,1,0,0,product_mng,low
0.54,0.45,5,143,3,0,1,0,technical,low
0.23,0.46,4,291,8,0,0,0,finance,medium
0.28,0.49,4,308,9,0,1,0,finance,high
0.54,0.72,5,271,2,0,1,0,support,low
0.34,0.7,2,196,5,0,0,0,support,low
0.62,0.9,2,290,3,0,0,0,support,low
0.52,0.39,7,146,3,1,0,0,hr,low
0.33,0.79,3,276,5,0,0,0,support,medium
0.1,0.64,2,296,5,0,0,0,marketing,medium
0.2,0.7,2,292,3,0,0,0,support,medium
0.54,0.6,2,216,8,0,0,0,sales,medium
0.79,0.96,3,242,6,0,0,0,RandD,medium
0.04,0.56,6,286,8,0,1,0,management,medium
0.59,0.63,7,263,4,0,1,0,marketing,medium
0.15,0.82,5,264,6,0,0,0,management,medium
0.5,0.58,5,286,3,0,0,0,support,low
0.75,0.54,6,119,10,0,0,0,management,high
0.6,0.61,7,136,5,0,0,0,technical,low
0.1,0.97,5,179,5,0,0,0,finance,low
0.6,0.57,2,165,8,0,0,0,sales,low
0.3,0.37,2,151,10,0,0,0,marketing,low
0.4,0.63,5,160,4,0,1,0,management,medium
0.26,0.83,5,191,10,0,0,0,support,high
0.67,0.81,2,216,9,0,0,0,support,low
0.8,0.68,6,201,6,0,0,0,hr,low
0.59,0.71,6,180,7,0,0,0,support,high
0.8,0.88,6,124,10,1,0,0,marketing,medium
0.71,0.75,5,295,2,1,1,0,management,medium
0.19,0.7,4,162,10,0,0,0,IT,medium
0.48,0.85,5,110,5,0,0,0,support,low
0.54,0.64,5,231,9,0,0,0,finance,low
0.87,0.55,3,185,10,0,0,0,RandD,low
0.69,0.81,3,174,5,0,1,0,management,medium
0.25,0.36,2,112,4,0,0,0,technical,medium
0.33,0.83,6,160,6,0,0,0,marketing,low
0.47,0.61,5,121,4,1,0,0,marketing,low
0.61,0.94,7,271,6,1,0,0,marketing,high
0.45,0.45,7,306,8,0,1,0,technical,low
0.59,0.61,6,197,8,0,0,0,IT,low
0.41,0.8,2,173,3,1,1,0,finance,high
0.2,0.49,3,151,9,0,0,0,finance,low
0.26,0.5,2,158,10,0,0,0,RandD,low
0.36,0.36,4,109,9,1,1,0,technical,medium
0.4,0.91,4,202,2,0,1,0,marketing,medium
0.1,0.7,6,168,10,1,0,0,management,medium
0.46,0.75,6,159,7,0,0,0,management,low
0.63,0.9,4,250,10,0,1,0,product_mng,medium
0.19,0.54,4,183,6,0,0,0,finance,high
0.16,0.8,6,126,5,0,0,0,RandD,medium
0.73,0.37,4,136,6,0,0,0,sales,medium
0.42,0.36,2,216,5,0,0,0,support,low
0.49,0.85,6,144,8,0,0,0,technical,high
0.3,0.69,6,230,3,0,0,0,product_mng,low
0.19,0.36,4,151,3,0,1,0,RandD,low
0.58,0.7,4,201,9,0,0,0,sales,medium
0.15,0.75,3,123,7,0,0,0,IT,medium
0.7,0.83,3,199,9,0,0,0,product_mng,low
0.23,0.95,2,173,7,0,1,0,hr,low
0.24,0.87,5,202,3,0,0,0,support,medium
0.52,0.51,4,211,2,0,1,0,sales,low
0.8,0.65,3,301,7,0,0,0,marketing,low
0.21,0.59,5,125,10,0,0,0,technical,medium
0.15,0.64,7,127,3,0,0,0,RandD,low
0.4,0.36,2,170,8,0,1,0,marketing,low
0.46,0.69,4,265,8,0,1,0,hr,medium
0.36,0.73,7,243,4,0,0,0,support,medium
0.69,0.83,6,240,2,0,0,0,hr,low
0.36,0.39,4,205,8,1,1,0,finance,medium
0.62,0.64,6,241,5,0,1,0,product_mng,low
0.08,0.7,3,96,2,0,0,0,support,medium
0.38,0.36,4,149,4,0,0,0,management,low
0.18,0.73,7,283,3,0,0,0,IT,low
0.51,0.79,6,287,2,0,0,0,technical,low
0.35,0.52,7,232,3,0,0,0,support,low
0.5,0.61,5,170,9,0,1,0,RandD,low
0.11,0.51,7,133,4,1,0,0,management,medium
0.37,0.42,4,290,3,0,0,0,support,low
0.45,0.8,7,263,5,0,0,0,product_mng,low
0.3,0.49,4,301,2,0,1,0,RandD,medium
0.31,0.91,6,99,7,0,1,0,sales,medium
0.45,0.68,6,310,9,1,0,0,RandD,low
0.69,0.36,5,107,3,0,0,0,product_mng,medium
0.35,0.86,5,133,7,0,0,0,support,medium
0.5,0.87,6,278,5,0,0,0,marketing,low
0.37,0.93,2,253,9,0,1,0,hr,medium
0.27,0.49,5,127,3,0,1,0,hr,medium
0.55,0.46,4,260,2,0,1,0,finance,medium
0.37,0.57,5,176,2,1,0,0,support,low
0.62,0.36,5,242,4,0,0,0,technical,low
0.36,0.72,3,109,8,0,0,0,product_mng,medium
0.36,0.5,6,291,6,0,0,0,IT,low
0.4,0.82,3,171,7,0,0,0,support,low
0.15,0.36,4,102,4,0,0,0,sales,low
0.55,0.75,6,227,5,1,0,0,IT,medium
0.38,0.76,6,259,7,0,0,0,IT,medium
0.51,0.38,7,199,5,0,1,0,support,medium
0.54,0.76,4,99,9,1,0,0,IT,low
0.66,0.87,6,215,10,1,0,0,technical,low
0.13,0.73,7,201,5,0,0,0,finance,medium
0.17,0.67,2,148,3,0,0,0,IT,medium
0.2,0.38,7,224,4,0,1,0,RandD,low
0.49,0.61,7,308,8,0,0,0,product_mng,medium
0.39,0.77,6,128,4,0,1,0,product_mng,low
0.09,0.49,4,131,10,0,0,0,finance,low
0.65,0.66,2,97,8,1,0,0,RandD,low
0.29,0.64,5,138,6,0,0,0,IT,medium
0.28,0.6,6,227,4,0,1,0,technical,low
0.25,0.89,3,132,7,0,0,0,finance,medium
0.14,0.83,7,104,10,0,0,1,marketing,medium
0.2,0.93,7,251,4,0,0,0,IT,low
0.21,0.47,4,106,2,0,0,0,hr,medium
0.54,0.77,4,269,5,0,1,0,RandD,medium
0.39,0.47,6,179,4,0,0,0,hr,low
0.36,0.81,2,300,10,0,1,0,RandD,low
0.51,0.54,6,289,8,0,0,0,finance,low
0.58,0.76,7,108,5,0,1,0,sales,low
0.59,0.56,3,226,5,0,0,0,technical,medium
0.47,0.36,6,224,2,0,0,0,support,medium
0.6,0.9,5,306,10,1,0,0,IT,low
0.63,0.59,3,182,8,0,0,0,product_mng,low
0.58,0.83,6,149,2,0,0,0,technical,low
0.13,0.79,7,277,2,1,1,0,sales,high
0.45,0.36,7,288,8,0,1,0,support,low
0.32,0.68,3,267,2,0,0,0,sales,medium
0.13,0.44,5,125,9,0,0,0,support,medium
0.22,0.36,3,190,3,0,1,0,product_mng,low
0.62,0.41,6,160,10,0,1,0,IT,medium
0.31,0.62,4,138,4,0,1,0,IT,low
0.35,0.6,3,293,8,0,0,0,support,low
0.25,0.81,2,298,2,0,0,0,support,low
0.6,0.36,4,292,10,0,0,0,management,low
0.4,0.51,3,179,5,0,1,0,hr,medium
0.61,0.41,4,120,2,0,0,0,product_mng,medium
0.67,0.36,5,195,8,0,0,0,marketing,high
0.1,0.59,4,265,7,0,0,0,product_mng,high
0.19,0.8,2,185,6,0,0,0,support,low
0.52,0.46,6,111,2,0,0,0,IT,medium
0.12,0.48,3,269,8,0,1,0,sales,low
0.47,0.9,7,245,7,0,1,0,IT,low
0.51,0.47,7,154,5,0,0,0,hr,medium
0.17,0.49,4,154,3,0,0,0,support,low
0.43,0.84,2,169,6,1,1,0,marketing,high
0.63,0.54,3,235,3,1,0,0,technical,high
0.27,0.36,7,252,4,0,1,0,hr,medium
0.29,0.53,3,253,5,0,0,0,IT,medium
0.03,0.65,4,272,9,1,0,0,sales,low
0.43,0.83,3,273,8,0,0,0,technical,low
0.08,0.56,7,171,9,0,0,0,hr,low
0.55,0.64,5,217,4,0,0,0,hr,low
0.22,0.66,6,184,9,0,0,0,RandD,medium
0.53,0.36,3,237,4,0,0,0,IT,low
0.35,0.65,5,217,10,0,0,0,hr,low
0.4,0.72,7,222,8,0,1,1,product_mng,low
0.25,0.9,4,205,9,0,0,0,support,low
0.26,0.43,4,286,5,0,1,0,IT,low
0.13,0.36,3,277,5,0,0,0,hr,low
0.05,0.66,4,99,3,1,0,0,finance,low
0.32,0.88,7,136,2,1,1,0,RandD,medium
0.5,0.42,7,271,5,1,0,0,sales,medium
0.39,0.72,5,302,10,1,0,0,RandD,low
0.44,0.85,5,131,9,0,1,1,marketing,medium
0.37,0.93,2,287,3,0,0,0,sales,low
0.15,0.64,7,106,7,0,0,0,sales,medium
0.5,0.55,5,292,6,0,0,0,management,low
0.69,0.63,7,166,2,0,0,0,IT,low
0.25,0.55,7,139,2,1,0,0,IT,low
0.18,0.91,4,300,8,0,0,0,finance,low
0.56,0.76,2,186,2,0,0,0,management,medium
0.12,0.83,7,222,2,0,0,0,marketing,medium
0.55,0.61,5,241,7,0,0,0,IT,low
0.34,0.62,2,134,10,0,0,0,hr,low
0.34,0.39,6,283,4,0,0,0,sales,medium
0.29,0.37,4,144,10,0,1,0,management,medium
0.6,0.5,3,265,6,0,1,0,RandD,low
0.38,0.58,6,262,6,0,0,0,RandD,high
0.36,0.36,3,238,5,1,0,0,IT,low
0.73,0.58,7,277,4,0,0,0,finance,low
0.53,0.82,7,161,3,1,1,0,hr,low
0.27,0.46,5,304,7,0,0,0,sales,low
0.37,0.75,5,212,2,0,1,0,IT,low
0.5,0.36,4,169,9,1,0,0,sales,medium
0.21,0.36,6,215,10,1,0,0,sales,low
0.25,0.88,3,169,7,0,1,0,RandD,low
0.23,0.76,6,140,7,0,0,0,management,medium
0.35,0.47,6,211,5,0,0,1,marketing,medium
0.26,0.7,5,290,2,1,0,0,sales,low
0.19,0.66,4,120,10,0,0,0,support,medium
0.11,0.92,4,214,2,0,1,0,IT,medium
0.68,0.52,7,125,8,0,0,0,management,low
0.41,0.62,7,105,6,0,1,0,finance,low
0.68,0.4,6,235,10,0,1,0,hr,low
0.54,0.8,7,223,10,0,0,0,marketing,medium
0.13,0.49,4,243,4,1,0,0,hr,low
0.35,0.71,7,120,5,0,0,0,management,high
0.5,0.67,6,239,7,0,0,0,hr,low
0.4,0.81,5,199,9,1,0,0,RandD,low
0.41,0.82,7,299,10,0,0,0,sales,low
0.66,0.43,3,263,4,0,0,0,hr,high
0.67,0.36,4,170,10,0,0,0,support,medium
0.29,0.9,3,269,9,0,0,0,technical,medium
0.24,0.71,3,131,4,0,0,0,finance,low
0.51,0.36,5,125,2,0,0,0,management,medium
0.41,0.61,2,179,5,0,0,0,finance,low
0.12,0.8,2,160,9,0,0,0,product_mng,low
0.51,0.79,4,151,10,0,1,0,support,high
0.36,0.79,5,145,6,1,0,0,finance,high
0.25,0.78,7,208,10,0,0,0,hr,low
0.8,0.92,6,104,6,1,1,0,technical,medium
0.67,0.62,5,235,3,0,1,0,marketing,medium
0.66,0.58,2,120,6,0,1,0,hr,high
0.5,0.54,6,290,7,1,1,0,IT,medium
0.29,0.84,2,157,8,0,0,0,technical,low
0.34,0.59,7,114,6,1,1,0,management,low
0.22,0.36,5,299,2,0,0,0,RandD,low
0.14,0.65,7,159,7,0,0,0,marketing,low
0.74,0.39,6,114,2,0,0,0,hr,low
0.76,0.7,4,181,7,0,0,0,hr,low
0.36,0.36,5,151,6,0,0,0,management,medium
0.72,0.6,5,98,9,0,1,0,sales,medium
0.26,0.56,2,306,10,1,1,0,hr,low
0.11,0.59,7,222,2,0,0,0,support,high
0.69,0.59,2,157,5,1,0,0,technical,medium
0.35,0.71,7,193,9,0,0,0,technical,low
0.4,0.4,3,115,4,1,0,0,management,low
0.23,0.82,7,210,3,0,0,0,IT,medium
0.6,0.36,3,124,9,1,0,0,support,high
0.69,0.36,7,130,7,0,0,0,finance,medium
0.48,0.72,5,266,4,0,0,0,finance,medium
0.34,0.37,5,299,7,1,0,0,RandD,low
0.37,0.69,3,98,8,0,0,0,management,medium
0.3,0.87,6,200,4,0,0,0,finance,high
0.66,0.64,3,100,4,1,0,0,marketing,medium
0.51,0.57,6,282,5,0,0,0,support,medium
0.29,0.92,4,264,8,0,0,0,finance,medium
0.24,0.59,2,97,9,0,1,0,finance,low
0.16,0.62,3,125,2,0,0,0,hr,medium
0.18,0.67,4,169,5,1,0,0,IT,high
0.11,0.54,2,125,6,0,0,0,RandD,low
0.33,0.67,6,192,4,0,0,0,technical,low
0.47,0.74,5,260,9,0,0,0,marketing,medium
0.66,0.92,6,167,10,0,0,0,technical,low
0.78,0.91,5,164,4,0,0,0,product_mng,medium
0.14,0.4,3,255,5,0,0,0,product_mng,low
0.59,0.76,7,142,6,0,0,0,marketing,medium
0.3,0.36,3,296,9,1,0,0,marketing,low
0.38,0.67,2,112,3,1,1,0,sales,medium
0.28,0.86,6,251,5,0,0,0,IT,medium
0.52,0.88,3,233,4,1,0,0,IT,low
0.16,0.57,2,249,6,0,0,0,support,medium
0.56,0.36,6,155,7,0,0,0,sales,medium
0.24,0.39,5,151,4,0,0,0,technical,high
0.3,0.36,2,246,6,1,1,0,RandD,low
0.18,0.87,5,218,6,0,0,0,finance,low
0.22,0.64,3,109,3,0,0,0,sales,low
0.81,0.65,4,157,8,0,1,0,technical,low
0.32,0.79,4,290,6,1,0,0,management,medium
0.9,0.48,7,253,7,0,1,0,finance,medium
0.27,0.83,6,135,4,0,0,0,support,medium
0.11,0.92,4,309,6,0,0,0,finance,low
0.31,0.68,5,162,3,0,0,0,product_mng,medium
0.35,0.36,5,217,9,1,0,0,marketing,low
0.7,0.4,7,242,3,1,0,0,RandD,medium
0.69,0.87,6,221,8,0,0,0,technical,low
0.21,0.6,6,236,6,0,0,0,hr,low
0.2,0.8,6,205,9,0,0,0,sales,medium
0.45,0.36,3,290,7,0,0,0,technical,medium
0.36,0.39,7,167,6,0,0,0,hr,low
0.14,0.91,5,195,4,0,0,0,support,high
0.47,0.62,7,274,2,0,0,0,marketing,medium
0.31,0.88,6,270,4,0,0,0,IT,low
0.26,0.39,6,102,2,0,0,0,IT,medium
0.8,0.51,3,213,3,0,0,0,IT,high
0.39,0.72,3,166,2,1,0,0,product_mng,medium
0.84,0.64,6,291,4,0,1,0,technical,low
0.36,0.55,3,291,5,0,0,0,IT,high
0.32,0.47,6,210,10,0,0,0,RandD,low
0.14,0.54,3,136,9,0,0,0,technical,low
0.26,0.75,6,143,10,0,0,0,management,low
0.25,0.36,2,241,8,0,1,0,sales,medium
0.62,0.81,3,138,4,0,1,0,management,low
0.16,0.39,2,259,5,1,0,0,technical,low
0.78,0.63,5,210,8,0,0,0,finance,medium
0.12,0.8,3,163,10,0,0,0,sales,low
0.51,0.7,6,182,7,0,0,0,sales,low
0.22,0.62,4,123,4,1,0,0,technical,low
0.57,0.36,4,274,9,0,1,0,technical,low
0.36,0.47,2,227,2,0,0,0,product_mng,medium
0.42,0.37,2,303,10,0,0,0,product_mng,medium
0.17,0.43,7,232,6,0,0,0,management,medium
0.59,0.85,3,309,3,1,0,0,hr,medium
0.23,0.79,5,185,4,0,0,0,support,medium
0.16,0.75,6,289,2,0,0,0,finance,medium
0.81,0.75,5,210,8,0,0,1,finance,medium
0.76,0.58,7,147,8,0,0,0,support,low
0.64,0.84,3,136,9,0,0,0,IT,medium
0.12,0.93,2,298,4,0,0,0,finance,high
0.28,0.59,6,238,2,0,0,0,hr,low
0.09,0.58,5,187,7,0,0,0,marketing,high
0.32,0.62,7,179,5,0,0,0,support,medium
0.5,0.52,2,290,10,0,0,0,technical,low
0.56,0.54,2,164,2,0,0,0,sales,medium
0.34,0.5,6,248,2,0,0,0,technical,low
0.2,0.36,2,210,5,0,0,0,RandD,low
0.38,0.64,5,260,3,0,0,0,IT,high
0.21,0.49,4,227,8,0,0,0,management,medium
0.7,0.69,4,299,9,1,0,0,IT,medium
0.44,0.74,5,187,4,0,0,0,marketing,low
0.39,0.82,2,164,2,0,0,0,technical,low
0.67,0.38,3,181,9,0,0,0,finance,medium
0.51,0.75,2,238,4,1,0,0,technical,low
0.16,0.72,2,276,7,0,0,0,hr,medium
0.28,0.68,6,179,5,0,0,0,management,low
0.44,0.93,3,233,6,0,0,0,support,high
0.25,0.72,2,195,2,0,0,0,management,low
0.46,0.49,3,143,9,0,0,0,RandD,low
0.59,0.58,3,181,6,0,0,0,hr,low
0.28,0.52,2,274,7,0,1,0,RandD,medium
0.19,0.63,7,166,9,0,0,0,product_mng,low
0.11,0.58,6,132,6,0,0,0,product_mng,medium
0.5,0.46,7,263,7,0,0,0,technical,medium
0.26,0.71,7,293,7,0,1,0,technical,medium
0.59,0.36,2,211,8,0,0,0,RandD,low
0.16,0.54,7,180,2,0,0,0,management,medium
0.43,0.75,4,217,6,0,0,0,marketing,low
0.43,0.46,3,196,7,0,0,0,marketing,medium
0.1,0.61,6,129,4,1,0,0,management,low
0.3,0.53,7,201,10,0,0,0,IT,low
0.39,0.74,4,97,10,1,1,0,technical,medium
0.4,0.75,7,236,8,0,1,0,marketing,low
0.53,0.79,4,117,5,0,0,0,finance,medium
0.59,0.74,3,142,6,0,1,0,technical,medium
0.21,0.57,4,141,6,1,0,0,management,low
0.5,0.55,6,268,8,1,1,0,management,medium
0.28,0.63,7,191,5,0,0,0,technical,medium
0.31,0.65,7,135,9,1,0,0,RandD,medium
0.2,0.7,4,194,4,0,0,0,hr,medium
0.44,0.48,5,105,3,0,0,0,IT,low
0.63,0.36,7,177,10,1,0,0,marketing,medium
0.56,0.49,2,309,2,0,0,0,RandD,medium
0.38,0.76,2,123,6,0,0,0,technical,medium
0.16,0.36,2,171,6,0,0,0,marketing,low
0.26,0.54,2,175,8,0,1,0,finance,low
0.32,0.84,4,133,4,0,0,0,marketing,medium
0.56,0.62,2,190,7,0,0,0,management,low
0.37,0.57,5,135,7,0,1,0,IT,medium
0.4,0.74,4,133,7,1,0,0,management,low
0.39,0.47,4,106,8,1,1,0,support,low
0.68,0.46,4,227,6,0,1,0,support,low
0.11,0.92,6,166,7,0,0,0,RandD,medium
0.18,0.78,6,136,8,0,0,0,finance,medium
0.33,0.67,3,230,7,0,1,0,hr,medium
0.36,0.86,4,183,4,0,0,0,IT,low
0.49,0.44,2,172,7,1,1,0,finance,medium
0.12,0.7,7,240,3,0,0,0,product_mng,medium
0.12,0.36,5,193,3,0,0,0,finance,medium
0.55,0.36,5,308,7,0,0,0,marketing,low
0.27,0.57,4,264,7,0,0,0,technical,low
0.55,0.7,6,257,3,0,1,0,hr,low
0.35,0.44,6,104,3,0,0,0,finance,low
0.55,0.91,4,243,2,0,1,0,RandD,low
0.36,0.42,2,177,8,0,1,0,product_mng,medium
0.16,0.67,7,105,6,1,0,0,sales,low
0.34,0.37,2,246,9,0,1,0,technical,medium
0.58,0.36,6,212,5,0,0,0,management,low
0.26,0.87,4,189,4,0,1,0,technical,medium
0.31,0.53,3,226,7,0,1,0,IT,medium
0.27,0.83,4,269,3,1,0,0,sales,low
0.47,0.36,4,133,5,0,0,0,RandD,medium
0.57,0.66,6,176,5,0,0,0,technical,medium
0.27,0.51,3,178,7,0,1,0,hr,low
0.36,0.72,7,267,9,1,0,0,IT,medium
0.2,0.87,3,180,4,0,0,0,marketing,medium
0.49,0.72,3,148,6,0,0,0,IT,medium
0.28,0.42,2,245,4,0,0,0,sales,medium
0.59,0.39,4,215,3,0,0,0,RandD,medium
0.79,0.78,6,241,5,1,1,0,technical,medium
0.28,0.36,5,302,3,1,0,0,support,low
0.29,0.46,2,99,4,0,0,0,IT,low
0.42,0.36,6,149,8,0,1,0,management,medium
0.59,0.56,6,100,9,0,1,0,hr,low
0.16,0.85,4,204,10,0,1,0,RandD,low
0.46,0.83,3,284,9,0,0,0,support,low
0.44,0.36,5,249,9,0,0,0,marketing,low
0.14,0.81,6,280,3,0,0,0,hr,medium
0.4,0.36,7,264,4,0,0,0,support,medium
0.21,0.36,2,119,10,0,0,0,sales,medium
0.42,0.81,2,297,5,0,1,0,RandD,low
0.58,0.79,4,210,10,0,0,0,hr,low
0.58,0.65,3,218,4,0,0,0,RandD,medium
0.4,0.78,6,128,7,1,0,0,sales,medium
0.91,0.87,6,166,8,0,0,0,sales,medium
0.51,0.43,3,139,4,0,0,0,technical,low
0.3,0.63,5,189,6,0,0,0,technical,low
0.16,0.41,6,289,4,0,1,0,hr,medium
0.41,0.89,4,223,8,0,0,0,technical,low
0.18,0.87,2,247,10,1,0,0,sales,medium
0.38,0.96,3,142,7,0,0,0,RandD,low
0.72,0.51,3,187,9,1,0,0,marketing,low
0.55,0.59,7,122,3,0,0,0,sales,low
0.34,0.86,3,190,8,0,1,0,product_mng,low
0.23,0.36,6,109,6,0,1,0,IT,low
0.35,0.52,7,253,5,0,0,0,hr,low
0.19,0.55,5,127,5,0,1,0,management,medium
0.1,0.85,7,218,5,0,1,0,IT,medium
0.25,0.68,5,257,7,0,0,0,RandD,low
0.26,0.63,3,297,7,0,0,0,RandD,low
0.57,0.9,2,142,9,0,1,0,IT,high
0.68,0.36,6,269,10,0,0,0,management,low
0.12,0.41,6,258,5,0,1,0,support,medium
0.89,0.64,7,198,7,0,1,0,marketing,medium
0.1,0.71,4,132,8,1,0,0,RandD,medium
0.22,0.84,7,124,10,0,0,0,IT,low
0.46,0.48,3,169,5,1,0,0,marketing,low
0.38,0.93,4,303,7,0,0,0,management,medium
0.36,0.85,6,152,9,0,0,1,management,high
0.77,0.36,7,281,9,0,0,0,product_mng,low
0.12,0.36,6,106,9,0,0,0,support,medium
0.5,0.4,7,144,6,0,1,0,hr,low
0.6,0.36,3,137,8,0,0,0,RandD,low
0.56,0.49,6,277,8,0,0,0,IT,low
0.33,0.63,4,201,10,0,0,0,support,medium
0.79,0.61,5,144,6,0,0,0,IT,medium
0.57,0.36,5,209,3,0,0,0,support,medium
0.14,0.36,2,201,4,0,0,0,marketing,medium
0.73,0.6,7,298,7,0,0,0,technical,medium
0.6,0.62,3,259,7,0,0,0,marketing,medium
0.24,0.41,6,281,5,0,0,0,hr,low
0.57,0.76,6,224,7,0,0,0,product_mng,medium
0.46,0.72,4,104,10,0,1,0,RandD,medium
0.58,0.57,7,224,9,0,0,0,marketing,low
0.29,0.7,2,215,2,1,0,0,support,low
0.54,0.36,2,259,8,0,0,0,hr,low
0.34,0.72,4,232,10,0,0,0,sales,low
0.13,0.89,3,276,3,0,0,0,management,medium
0.32,0.71,4,152,3,0,0,0,marketing,low
0.38,0.75,6,284,8,0,1,0,marketing,low
0.4,0.56,6,197,2,1,0,0,finance,medium
0.17,0.36,5,296,6,1,0,0,marketing,low
0.16,0.79,2,237,5,1,1,0,management,high
0.06,0.43,5,146,2,0,1,0,support,medium
0.83,0.88,3,149,3,0,1,0,product_mng,low
0.27,0.73,3,204,9,1,0,0,product_mng,medium
0.59,0.92,2,124,4,0,1,0,RandD,low
0.36,0.36,2,284,9,0,0,0,product_mng,medium
0.41,0.62,7,292,7,0,0,0,technical,medium
0.3,0.36,2,100,6,0,0,0,product_mng,low
0.38,0.38,3,108,6,0,1,0,finance,low
0.26,0.74,3,156,4,0,0,0,support,low
0.33,0.92,5,271,7,0,0,0,support,medium
0.39,0.61,7,211,7,0,1,0,RandD,medium
0.69,0.88,5,190,9,0,1,0,product_mng,low
0.84,0.8,5,153,5,0,0,0,management,medium
0.15,0.54,5,129,4,0,1,0,finance,medium
0.38,0.47,5,178,7,1,1,0,marketing,low
0.56,0.36,5,182,10,0,0,0,sales,low
0.52,0.42,3,212,4,0,0,0,hr,medium
0.19,0.49,4,199,9,0,0,0,RandD,low
0.34,0.85,5,211,4,0,0,0,support,medium
0.43,0.85,3,118,6,0,0,0,technical,low
0.28,0.65,3,97,5,0,0,0,management,low
0.37,0.61,5,259,7,0,1,0,marketing,low
0.77,0.7,3,203,8,0,0,0,marketing,low
0.58,0.36,6,98,4,0,0,0,finance,low
0.62,0.43,2,136,9,0,0,0,marketing,low
0.5,0.91,3,178,5,0,1,0,RandD,medium
0.3,0.86,7,189,8,0,0,0,technical,low
0.28,0.63,5,264,9,0,0,0,finance,low
0.57,0.36,6,199,3,0,0,0,technical,low
0.44,0.78,4,216,10,1,0,0,marketing,low
0.61,0.45,6,262,10,0,0,0,technical,medium
0.24,0.54,4,168,3,0,0,0,RandD,medium
0.22,0.36,3,210,9,0,0,0,support,low
0.41,0.36,2,135,5,0,1,0,finance,medium
0.71,0.73,3,127,7,0,0,0,hr,low
0.18,0.62,3,263,10,0,0,0,management,medium
0.66,0.54,2,113,10,0,0,0,sales,low
0.23,0.36,3,213,7,0,0,0,hr,low
0.44,0.49,6,247,9,0,0,0,IT,low
0.61,0.8,6,241,7,0,1,0,product_mng,low
0.63,0.62,3,99,7,0,0,0,RandD,low
0.61,0.78,6,229,5,1,0,0,sales,medium
0.62,0.4,6,145,10,0,0,0,technical,medium
0.48,0.92,5,249,4,0,0,0,technical,medium
0.78,0.92,2,296,2,0,1,0,management,low
0.19,0.87,6,277,9,0,0,0,marketing,medium
0.28,0.5,4,152,3,0,1,0,technical,medium
0.42,0.48,5,197,7,1,0,0,marketing,low
0.15,0.9,7,224,8,1,0,0,finance,low
0.46,0.36,4,182,5,0,0,0,hr,low
0.23,0.46,6,168,5,0,0,0,sales,low
0.3,0.41,4,187,5,0,0,0,marketing,medium
0.07,0.65,3,237,9,0,0,0,IT,medium
0.75,0.73,3,245,5,0,0,0,marketing,medium
0.34,0.69,2,292,4,0,0,0,product_mng,high
0.65,0.43,4,174,7,1,0,1,technical,low
0.22,0.58,5,238,8,0,0,0,marketing,medium
0.09,0.78,7,130,5,1,0,0,IT,high
0.16,0.78,2,254,9,1,1,0,product_mng,medium
0.4,0.51,2,184,4,1,1,0,hr,medium
0.67,0.38,5,169,2,0,0,0,RandD,low
0.23,0.7,6,261,7,0,1,0,sales,low
0.41,0.36,5,274,3,0,0,0,technical,low
0.44,0.91,6,258,5,0,1,0,RandD,low
0.54,0.89,4,215,2,0,0,0,management,medium
0.25,0.36,7,214,4,0,0,1,management,low
0.39,0.36,2,281,7,1,0,0,finance,medium
0.68,0.57,6,149,6,0,0,0,product_mng,medium
0.28,0.77,6,229,4,0,0,0,support,high
0.39,0.79,3,141,2,0,0,0,IT,low
0.08,0.36,5,206,2,0,1,0,marketing,high
0.39,0.74,5,176,2,0,0,0,management,low
0.28,0.55,4,158,3,0,1,0,support,low
0.25,0.76,5,167,8,0,0,0,support,medium
0.59,0.36,7,132,5,0,1,0,marketing,low
0.62,0.9,7,285,9,0,1,0,management,medium
0.8,0.87,2,254,2,1,0,0,sales,low
0.44,0.9,4,294,4,0,1,0,hr,low
0.59,0.5,7,149,7,0,0,0,finance,medium
0.24,0.36,2,159,4,0,1,0,technical,low
0.55,0.68,4,129,8,0,0,0,support,medium
0.69,0.8,4,215,3,1,0,0,finance,low
0.27,0.67,3,240,2,0,0,0,finance,low
0.21,0.67,2,285,3,0,0,0,marketing,low
0.04,0.78,3,159,9,0,1,0,sales,high
0.56,0.42,2,293,10,0,0,0,technical,medium
0.12,0.86,2,108,5,0,0,1,RandD,low
0.72,0.79,3,173,8,0,0,0,technical,low
0.74,0.72,7,117,3,0,0,0,marketing,low
0.23,0.51,2,185,9,0,1,0,RandD,low
0.59,0.36,3,295,2,0,0,0,marketing,medium
0.17,0.82,6,196,7,0,0,0,marketing,low
0.39,0.74,7,283,8,0,0,0,product_mng,medium
0.43,0.82,7,205,3,0,0,0,hr,low
0.46,0.84,3,171,5,0,0,0,management,low
0.27,0.43,4,106,2,0,0,0,IT,medium
0.25,0.36,7,296,3,1,1,0,IT,low
0.35,0.63,2,148,7,0,0,0,hr,low
0.08,0.39,7,146,5,0,0,0,management,low
0.48,0.77,7,146,8,0,1,0,hr,low
0.25,0.46,4,192,3,0,0,1,IT,low
0.54,0.85,4,178,9,0,1,0,technical,medium
0.14,0.61,2,233,9,0,0,0,marketing,high
0.3,0.72,2,290,2,0,0,0,support,medium
0.12,0.89,7,193,8,0,0,0,technical,low
0.43,0.48,2,284,7,0,0,0,sales,medium
0.77,0.36,7,205,7,0,0,0,management,medium
0.12,0.36,2,255,10,0,0,0,finance,high
0.29,0.46,2,279,10,0,0,0,RandD,medium
0.26,0.59,5,276,6,0,0,0,management,medium
0.31,0.52,2,205,5,0,0,0,management,medium
0.26,0.64,2,254,4,0,1,0,management,high
0.27,0.94,6,269,8,0,1,0,support,medium
0.23,0.83,2,248,4,0,0,0,support,medium
0.58,0.74,6,186,6,0,0,0,RandD,medium
0.1,0.36,7,256,2,0,0,0,marketing,medium
0.53,0.55,6,147,6,0,0,0,product_mng,medium
0.12,0.55,2,302,9,0,0,0,IT,medium
0.09,0.49,5,131,8,0,0,0,support,low
0.66,0.6,5,265,5,0,0,0,support,low
0.39,0.36,7,155,7,0,0,0,IT,medium
0.47,0.62,6,198,9,0,0,0,hr,medium
0.58,0.78,4,308,5,0,0,0,product_mng,medium
0.05,0.68,7,257,9,0,0,0,IT,low
0.09,0.51,2,114,3,0,0,0,support,medium
0.16,0.69,2,167,7,0,1,0,hr,medium
0.52,0.46,2,177,2,0,0,0,finance,low
0.27,0.36,7,171,10,0,0,0,support,low
0.4,0.71,4,309,8,1,0,0,IT,low
0.45,0.89,7,172,2,0,0,0,product_mng,low
0.38,0.64,5,107,3,1,0,0,marketing,medium
0.75,0.64,2,162,7,0,0,0,support,low
0.58,0.65,3,181,6,0,0,0,finance,medium
0.59,0.62,7,261,2,1,0,0,technical,medium
0.41,0.46,3,109,3,0,1,0,technical,medium
0.67,0.9,4,277,5,0,0,0,hr,low
0.56,0.79,7,281,6,0,0,0,support,low
0.7,0.74,3,285,7,0,1,0,sales,medium
0.62,0.62,2,208,4,0,0,0,hr,low
0.4,0.74,7,207,9,1,0,0,hr,medium
0.24,0.69,6,140,3,0,0,0,marketing,medium
0.19,0.7,3,104,5,0,0,0,product_mng,medium
0.41,0.36,5,291,4,0,0,0,support,medium
0.31,0.46,5,160,3,1,0,0,sales,medium
0.33,0.87,4,282,5,0,0,0,finance,medium
0.38,0.83,4,99,5,0,1,0,finance,medium
0.87,0.58,2,303,6,0,0,0,technical,medium
0.4,0.68,3,250,6,0,0,0,marketing,low
0.21,0.53,2,280,8,0,0,0,support,low
0.46,0.6,6,282,2,0,0,0,RandD,medium
0.23,0.52,2,267,8,1,0,0,finance,high
0.76,0.36,2,309,5,0,0,0,technical,high
0.34,0.88,6,97,4,0,0,0,technical,high
0.14,0.36,4,120,7,0,0,0,RandD,low
0.28,0.6,2,175,10,0,0,0,technical,low
0.19,0.96,3,149,6,0,0,0,management,medium
0.19,0.5,3,129,6,0,0,0,management,high
0.42,0.58,2,245,6,0,1,0,management,medium
0.53,0.36,6,233,4,0,1,1,management,low
0.51,0.52,2,99,5,0,0,0,sales,low
0.71,0.74,4,235,9,0,0,0,hr,low
0.9,0.8,3,195,4,0,1,0,technical,medium
0.08,0.6,3,181,2,0,0,0,technical,medium
0.38,0.64,6,149,4,0,0,0,product_mng,low
0.1,0.36,3,121,8,0,0,0,RandD,medium
0.23,0.87,7,114,9,0,1,0,technical,low
0.17,0.37,7,273,10,0,1,0,support,low
0.49,0.4,7,190,8,0,1,0,IT,medium
0.51,0.61,2,264,2,0,1,0,IT,low
0.23,0.82,5,304,9,0,0,0,technical,low
0.31,0.36,7,194,4,0,0,0,technical,medium
0.39,0.54,7,258,7,0,0,0,technical,medium
0.42,0.76,2,204,4,0,0,0,IT,medium
0.13,0.36,5,236,10,1,0,0,management,medium
0.39,0.53,5,271,10,0,0,0,RandD,medium
0.16,0.47,5,161,10,1,0,0,management,medium
0.52,0.68,7,113,6,0,0,0,RandD,low
0.66,0.76,2,201,4,0,0,0,sales,low
0.48,0.68,4,191,6,0,0,0,technical,low
0.16,0.74,3,224,9,0,0,0,support,medium
0.55,0.74,2,259,8,0,1,0,hr,low
0.32,0.36,7,305,2,0,0,0,finance,medium
0.07,0.36,5,274,7,0,0,0,hr,medium
0.21,0.61,2,129,10,0,1,0,hr,medium
0.6,0.41,6,139,3,1,0,0,technical,medium
0.3,0.67,7,129,4,1,0,0,product_mng,low
0.27,0.36,7,159,3,0,0,0,IT,medium
0.53,0.79,6,288,8,0,1,0,IT,medium
0.64,0.75,2,259,6,0,0,0,product_mng,medium
0.61,0.68,5,128,6,0,0,0,technical,low
0.2,0.53,3,280,3,0,0,0,hr,low
0.25,0.58,3,208,4,0,1,0,RandD,medium
0.37,0.68,6,106,4,1,0,0,technical,medium
0.7,0.7,5,255,4,1,0,0,marketing,medium
0.56,0.6,2,220,3,0,0,0,sales,low
0.26,0.41,7,308,3,0,1,0,IT,low
0.3,0.82,7,260,2,0,0,0,sales,low
0.68,0.58,6,178,5,0,0,0,hr,low
0.37,0.87,3,216,10,0,0,0,sales,medium
0.4,0.36,2,268,6,0,0,0,marketing,medium
0.44,0.49,3,182,7,0,0,0,marketing,medium
0.83,0.69,5,268,8,0,0,0,finance,low
0.56,0.48,7,111,10,0,0,0,hr,low
0.38,0.51,6,189,4,0,1,0,sales,medium
0.11,0.51,4,97,5,0,0,0,technical,medium
0.12,0.64,5,305,7,0,0,0,marketing,medium
0.25,0.54,6,168,5,0,1,0,IT,medium
0.09,0.56,4,301,5,0,0,0,technical,medium
0.3,0.5,5,287,10,0,0,0,IT,medium
0.37,0.36,7,230,4,0,0,0,RandD,low
0.39,0.72,5,248,10,0,0,0,RandD,medium
0.38,0.4,2,233,10,1,0,0,marketing,low
0.28,0.45,3,150,10,1,0,0,hr,low
0.21,0.59,2,99,2,0,0,0,hr,low
0.52,0.57,2,194,9,0,0,0,sales,low
0.08,0.36,6,212,3,0,1,0,support,medium
0.66,0.53,7,188,9,0,0,0,marketing,medium
0.12,0.36,3,108,5,0,0,0,sales,medium
0.49,0.51,4,213,5,0,0,0,management,low
0.53,0.84,6,285,9,0,0,0,support,low
0.55,0.69,5,154,9,0,0,0,technical,low
0.37,0.39,2,238,10,0,1,0,RandD,low
0.37,0.7,3,173,5,0,1,0,product_mng,medium
0.29,0.62,3,181,4,0,0,0,marketing,medium
0.03,0.66,6,296,9,0,0,0,management,high
0.59,0.73,6,203,8,0,1,0,technical,medium
0.38,0.72,2,248,9,0,0,0,RandD,high
0.54,0.59,3,285,8,1,0,0,technical,low
0.25,0.63,5,162,2,0,0,0,support,low
0.26,0.36,7,264,9,0,0,0,hr,low
0.3,0.57,7,296,3,1,1,0,management,high
0.23,0.48,6,186,10,0,0,0,management,medium
0.63,0.36,5,305,8,0,0,0,product_mng,medium
0.35,0.76,7,178,10,0,1,0,finance,low
0.61,0.4,3,156,5,0,0,0,support,medium
0.27,0.36,2,273,4,0,0,0,RandD,low
0.6,0.36,3,226,2,0,0,0,hr,medium
0.36,0.62,2,238,5,0,0,0,management,medium
0.59,0.36,2,196,5,0,1,0,IT,low
0.1,0.91,6,99,3,0,0,0,management,medium
0.36,0.7,7,205,4,0,0,0,product_mng,low
0.28,0.47,4,165,9,0,0,0,IT,low
0.4,0.68,7,147,3,0,0,0,sales,medium
0.68,0.93,5,296,10,0,0,0,support,low
0.34,0.83,6,217,6,1,0,0,technical,medium
0.52,0.71,2,304,7,1,0,0,hr,medium
0.24,0.53,4,243,6,0,0,0,support,low
0.42,0.44,2,273,7,0,0,0,IT,medium
0.51,0.36,3,218,7,0,0,0,sales,low
0.32,0.64,3,187,5,0,0,0,technical,low
0.59,0.56,6,226,6,0,0,0,sales,medium
0.2,0.56,7,273,7,0,0,0,sales,low
0.39,0.74,7,214,8,0,0,0,hr,low
0.64,0.56,6,216,6,0,0,0,technical,low
0.55,0.56,2,180,4,0,0,0,marketing,low
0.27,0.89,6,292,4,0,0,0,product_mng,low
0.12,0.57,6,100,4,0,1,0,IT,low
0.35,0.77,7,310,4,0,0,0,IT,medium
0.34,0.9,3,149,2,0,0,0,support,low
0.28,0.36,3,152,8,0,0,0,hr,low
0.29,0.36,4,235,5,0,0,0,management,low
0.31,0.74,6,185,5,0,0,0,technical,medium
0.47,0.91,3,115,4,0,0,0,finance,low
0.28,0.91,3,225,5,1,0,0,management,medium
0.46,0.45,3,242,9,0,0,0,marketing,low
0.16,0.67,7,228,7,1,0,0,finance,medium
0.34,0.5,4,305,9,1,0,0,IT,medium
0.26,0.36,6,180,3,0,0,0,technical,high
0.08,0.45,5,229,4,1,1,0,marketing,low
0.22,0.55,7,208,8,0,1,0,management,medium
0.48,0.72,3,108,2,1,0,0,support,low
0.1,0.76,2,123,2,0,0,0,RandD,low
0.41,0.71,2,231,10,0,0,0,hr,low
0.22,0.71,5,186,7,1,1,0,marketing,low
0.55,0.36,3,221,8,0,0,0,finance,low
0.15,0.36,7,172,8,0,0,0,support,medium
0.23,0.9,5,123,6,0,0,0,sales,low
0.6,0.44,6,222,2,0,0,0,IT,low
0.14,0.51,2,223,6,0,1,0,marketing,medium
0.67,0.8,3,188,7,0,0,0,finance,low
0.21,0.84,6,96,2,0,1,0,support,low
0.01,0.69,6,173,8,0,1,0,management,medium
0.54,0.62,6,297,6,0,0,0,product_mng,low
0.28,0.46,7,180,2,0,1,0,hr,medium
0.52,0.36,5,268,7,0,0,0,IT,medium
0.57,0.43,6,137,4,0,0,0,support,low
0.1,0.49,4,250,7,0,1,0,RandD,high
0.07,0.55,7,215,5,0,0,0,technical,low
0.53,0.85,4,308,3,1,0,0,hr,medium
0.23,0.39,5,157,8,0,0,0,support,medium
0.71,0.36,5,147,5,1,0,0,support,low
0.3,0.83,2,112,2,1,1,0,IT,medium
0.58,0.37,3,159,9,0,0,0,support,medium
0.5,0.7,5,218,2,0,0,0,marketing,low
0.17,0.36,4,147,2,1,0,0,IT,medium
0.73,0.41,7,269,5,0,1,0,sales,medium
0.34,0.97,3,125,5,1,0,0,technical,medium
0.46,0.6,5,186,10,0,1,0,IT,low
0.38,0.51,6,219,4,0,0,0,management,high
0.74,0.95,5,179,5,0,0,0,RandD,medium
0.74,0.56,7,259,5,0,0,0,finance,low
0.17,0.36,4,198,2,1,0,0,support,medium
0.24,0.36,3,219,10,0,0,0,technical,medium
0.18,0.46,6,191,2,0,1,0,RandD,low
0.09,0.43,6,280,4,0,1,0,hr,medium
0.22,0.36,4,138,5,0,0,0,sales,low
0.13,0.68,7,100,8,1,0,0,support,medium
0.53,0.36,6,130,10,0,1,0,RandD,low
0.04,0.9,4,146,7,0,0,0,support,low
0.2,0.36,5,208,9,0,0,0,IT,low
0.38,0.78,4,262,9,0,0,0,sales,low
0.46,0.36,7,278,2,0,0,0,support,low
0.32,0.66,4,245,9,0,0,0,management,medium
0.25,0.86,5,232,7,0,0,0,product_mng,low
0.43,0.42,2,265,5,0,1,0,technical,medium
0.37,0.44,6,107,4,0,0,0,RandD,low
0.59,0.85,4,175,6,1,0,0,technical,low
0.34,0.84,7,104,7,0,0,0,support,medium
0.37,0.36,7,177,10,0,0,0,management,low
0.39,0.7,5,149,2,0,1,0,finance,medium
0.14,0.83,7,189,5,0,0,0,product_mng,low
0.41,0.86,4,98,10,0,0,0,hr,low
0.57,0.7,4,215,6,0,1,0,finance,medium
0.32,0.37,2,192,3,0,0,0,finance,medium
0.29,0.73,6,251,8,0,0,0,RandD,low
0.07,0.36,5,303,8,0,0,0,RandD,medium
0.29,0.67,3,123,4,0,0,0,support,medium
0.7,0.62,5,198,8,0,0,0,technical,medium
0.19,0.51,5,136,5,0,0,0,support,medium
0.37,0.65,4,125,10,0,0,0,RandD,high
0.31,0.54,6,194,8,0,0,0,finance,medium
0.18,0.61,2,137,10,0,0,0,hr,low
0.05,0.64,4,203,7,0,0,0,technical,medium
0.43,0.55,4,164,9,0,0,0,marketing,medium
0.37,0.88,6,211,9,0,0,0,product_mng,medium
0.27,0.69,7,130,5,0,0,0,product_mng,medium
0.39,0.8,4,252,7,0,1,0,management,medium
0.02,0.79,2,172,10,1,0,0,sales,low
0.43,0.37,5,205,7,0,0,0,product_mng,medium
0.25,0.52,2,249,6,0,1,0,RandD,medium
0.72,0.84,2,296,2,0,0,0,product_mng,medium
0.39,0.79,7,179,4,0,0,0,hr,medium
0.31,0.88,5,151,10,0,0,0,finance,high
0.17,0.68,3,119,10,0,0,0,marketing,medium
0.56,0.42,3,141,7,0,0,0,support,low
0.86,0.62,3,209,9,0,0,0,support,medium
0.75,0.36,4,209,9,0,0,0,marketing,low
0.32,0.76,6,261,4,0,0,0,technical,low
0.37,0.58,7,270,8,0,1,0,finance,low
0.45,0.62,4,113,4,0,0,0,sales,low
0.21,0.79,7,233,8,0,0,0,product_mng,medium
0.46,0.94,4,191,6,0,0,0,product_mng,low
0.1,0.68,2,192,10,0,1,0,finance,medium
0.9,0.91,7,195,8,0,0,0,RandD,low
0.35,0.66,3,265,8,0,1,0,IT,medium
0.48,0.98,2,284,10,0,0,0,support,low
0.17,0.39,4,304,3,0,1,0,marketing,medium
0.65,0.48,4,219,3,0,0,0,sales,medium
0.23,0.62,5,301,9,1,0,0,support,high
0.1,0.92,2,135,4,0,0,0,finance,low
0.56,0.59,2,244,4,0,0,0,technical,medium
0.9,0.54,4,98,6,0,0,0,RandD,low
0.43,0.7,2,182,10,0,1,0,RandD,medium
0.08,0.5,7,201,2,0,0,0,IT,low
0.38,0.66,6,216,6,1,1,0,technical,medium
0.5,0.67,7,232,10,1,0,0,management,high
0.29,0.65,7,148,4,0,0,0,technical,medium
0.64,0.45,3,221,7,0,1,0,IT,medium
0.81,0.36,4,138,8,0,1,0,marketing,low
0.43,0.51,6,159,7,0,0,0,IT,low
0.26,0.74,6,157,4,1,0,0,product_mng,low
0.36,0.42,5,116,10,0,1,0,hr,low
0.54,0.36,3,287,8,0,1,0,finance,low
0.29,0.66,6,222,6,0,0,0,management,medium
0.5,0.58,6,228,6,0,1,0,technical,medium
0.01,0.84,5,150,9,0,0,0,management,medium
0.26,0.36,5,280,8,0,1,0,management,medium
0.39,0.36,6,139,7,1,0,0,support,low
0.24,0.92,3,106,8,0,0,0,support,medium
0.35,0.82,4,197,5,1,0,0,product_mng,low
0.43,0.85,2,197,10,0,0,1,IT,medium
0.16,0.36,7,200,3,0,0,0,hr,low
0.22,0.36,2,297,3,0,0,0,management,high
0.8,0.88,6,234,10,0,0,0,finance,medium
0.25,0.39,4,168,7,0,0,0,technical,low
0.16,0.36,5,225,6,0,0,0,RandD,medium
0.63,0.61,7,180,3,0,0,0,hr,low
0.5,0.75,2,217,7,0,0,0,management,medium
0.58,0.36,6,217,7,0,0,0,management,low
0.53,0.38,3,170,6,0,1,0,product_mng,low
0.56,0.81,4,294,7,0,0,0,technical,low
0.75,0.49,5,169,3,0,0,0,support,low
0.46,0.36,2,128,4,0,1,0,sales,medium
0.63,0.66,4,193,8,1,1,0,sales,low
0.71,0.61,4,277,2,0,0,0,hr,low
0.07,0.51,3,204,10,0,1,0,technical,low
0.5,0.55,7,301,4,1,0,0,hr,medium
0.35,0.36,4,175,3,0,0,0,finance,medium
0.14,0.71,3,110,4,0,1,0,technical,low
0.5,0.73,2,102,3,1,0,0,hr,low
0.37,0.94,6,250,10,1,0,0,finance,low
0.4,0.68,3,170,6,0,1,0,hr,medium
0.39,0.57,6,134,5,0,1,0,finance,medium
0.45,0.41,6,246,4,0,0,0,hr,medium
0.46,0.4,7,284,10,0,0,0,management,medium
0.26,0.45,7,214,10,1,0,0,management,medium
0.12,0.68,4,99,4,0,0,0,finance,low
0.48,0.41,5,147,6,0,0,0,IT,medium
0.24,0.45,3,116,9,0,0,0,support,low
0.12,0.52,3,258,10,1,0,0,RandD,low
0.04,0.4,5,260,8,0,0,0,technical,low
0.44,0.71,3,183,8,0,0,0,finance,low
0.65,0.52,6,149,4,0,1,0,finance,low
0.34,0.7,5,267,6,0,0,0,support,low
0.55,0.48,2,214,6,0,0,0,finance,low
0.11,0.36,5,175,9,1,0,0,RandD,low
0.24,0.36,2,170,3,0,0,0,product_mng,low
0.36,0.87,6,147,8,0,0,0,marketing,medium
0.34,0.51,4,255,3,0,1,0,finance,high
0.35,0.69,6,149,6,0,0,0,hr,medium
0.52,0.73,5,96,5,0,0,0,product_mng,low
0.48,0.66,5,179,7,1,1,0,sales,medium
0.16,0.53,7,134,7,0,0,0,IT,medium
0.24,0.62,4,285,3,0,0,0,hr,low
0.2,0.96,3,252,10,0,0,0,support,medium
0.59,0.83,3,296,2,0,0,0,hr,low
0.44,0.56,4,157,6,0,0,0,finance,medium
0.29,0.77,3,258,4,0,0,0,product_mng,medium
0.18,0.36,5,261,8,0,0,0,management,low
0.38,0.36,2,165,4,0,0,0,sales,medium
0.28,0.5,3,300,10,0,1,0,hr,low
0.4,0.54,3,170,4,0,1,0,product_mng,low
0.48,0.95,7,186,2,0,0,0,RandD,medium
0.56,0.6,7,144,8,0,0,0,technical,medium
0.48,0.68,3,229,4,0,0,0,IT,low
0.64,0.38,2,202,4,0,0,0,support,low
0.15,0.55,4,250,5,0,1,0,finance,low
0.41,0.6,6,151,4,1,0,0,finance,low
0.56,0.46,6,298,4,0,0,0,hr,low
0.32,0.51,4,209,8,0,0,0,marketing,medium
0.07,0.55,3,302,8,1,0,0,management,low
0.28,0.84,4,121,8,0,0,0,management,medium
0.58,0.39,7,183,8,0,0,0,sales,low
0.62,0.49,2,267,7,0,0,0,technical,low
0.25,0.66,6,162,3,0,0,0,technical,medium
0.28,0.76,4,187,2,0,0,0,support,medium
0.55,0.36,6,287,9,0,0,0,RandD,low
0.25,0.36,7,116,7,0,0,0,finance,low
0.46,0.67,6,249,8,0,0,0,support,medium
0.22,0.43,4,191,4,0,1,0,management,medium
0.19,0.79,3,250,5,1,0,0,product_mng,low
0.24,0.36,2,243,4,0,0,0,sales,medium
0.15,0.44,6,222,8,0,0,0,support,medium
0.47,0.36,6,189,7,0,0,0,support,low
0.04,0.4,5,209,9,0,1,0,marketing,medium
0.23,0.92,3,248,9,0,1,0,product_mng,low
0.47,0.69,2,137,9,0,0,0,product_mng,low
0.54,0.82,6,234,8,0,0,0,hr,medium
0.6,0.83,3,310,2,0,0,0,product_mng,low
0.18,0.74,7,187,10,0,0,0,product_mng,medium
0.58,0.76,2,200,10,0,0,0,IT,low
0.53,0.4,3,166,6,0,1,0,support,medium
0.55,0.86,2,223,8,0,0,0,sales,medium
0.84,0.86,5,264,3,0,0,0,management,medium
0.42,0.81,5,291,9,0,1,0,product_mng,medium
0.49,0.6,5,212,8,0,0,0,support,low
0.53,0.37,7,280,7,0,0,0,support,medium
0.24,0.64,2,266,4,0,0,0,IT,low
0.8,0.68,4,223,8,0,0,0,technical,medium
0.3,0.97,5,289,10,0,0,0,IT,low
0.49,0.62,2,237,3,0,0,0,support,low
0.21,0.64,4,162,3,0,1,0,IT,medium
0.07,0.36,6,122,4,1,0,0,support,low
0.59,0.5,5,161,5,0,1,0,sales,medium
0.49,0.38,6,218,3,0,0,0,sales,low
0.11,0.81,4,199,4,0,0,0,RandD,low
0.38,0.63,2,175,3,0,1,1,hr,medium
0.12,0.42,4,166,7,0,1,0,technical,medium
0.22,0.86,3,145,9,0,0,0,management,medium
0.4,0.44,5,275,4,1,0,0,IT,low
0.14,0.64,4,272,10,1,0,0,marketing,low
0.19,0.71,6,149,8,0,1,0,marketing,medium
0.52,0.37,7,299,6,0,0,0,product_mng,low
0.39,0.62,4,253,10,0,0,0,marketing,low
0.71,0.84,4,273,3,0,0,0,IT,medium
0.59,0.36,5,292,3,0,0,0,RandD,medium
0.29,0.92,3,187,6,0,1,0,IT,medium
0.89,0.68,2,138,10,0,0,0,RandD,medium
0.72,0.5,3,258,6,0,1,0,RandD,medium
0.42,0.85,5,244,3,0,0,0,product_mng,low
0.22,0.67,3,263,10,0,0,0,sales,medium
0.6,0.66,7,291,5,1,0,0,product_mng,medium
0.54,0.73,4,204,10,0,0,0,marketing,low
0.33,0.76,7,181,6,0,1,0,marketing,medium
0.38,0.7,2,121,5,0,0,0,management,medium
0.4,0.55,7,267,5,0,0,0,finance,medium
0.67,0.36,4,282,3,0,1,0,management,medium
0.61,0.84,2,212,6,1,0,0,hr,low
0.45,0.36,2,157,3,0,1,0,RandD,medium
0.51,0.66,7,102,3,0,1,0,product_mng,low
0.3,0.72,3,264,9,0,0,0,technical,low
0.21,0.53,7,205,7,1,0,0,technical,low
0.34,0.8,7,97,9,0,1,0,support,low
0.73,0.55,5,150,10,1,0,0,marketing,medium
0.15,0.47,6,283,2,0,1,0,management,low
0.48,0.46,3,101,2,0,0,0,technical,low
0.27,0.71,7,293,4,0,0,0,technical,low
0.48,0.49,7,212,2,0,0,0,management,low
0.05,0.46,6,158,6,1,0,0,hr,medium
0.26,0.61,5,153,2,0,0,0,hr,medium
0.39,0.43,4,253,2,0,1,0,RandD,low
0.08,0.36,5,208,5,0,0,0,marketing,medium
0.83,0.67,5,298,3,0,0,0,marketing,low
0.66,0.36,3,188,7,0,0,0,marketing,medium
0.23,0.84,5,283,2,0,1,0,management,low
0.17,0.88,7,285,4,0,0,0,sales,low
0.09,0.83,7,229,9,0,0,0,technical,low
0.31,0.55,5,190,3,0,0,0,marketing,medium
0.51,0.36,3,295,2,1,0,0,management,low
0.27,0.36,7,111,10,0,0,0,RandD,low
0.08,0.79,4,209,2,0,0,0,management,medium
0.4,0.77,6,177,4,0,0,0,hr,low
0.23,0.54,3,230,7,1,1,0,hr,high
0.34,0.41,5,144,5,1,1,0,support,low
0.32,0.59,3,220,10,0,1,1,sales,medium
0.3,0.53,7,103,8,0,1,0,support,medium
0.64,0.58,6,195,7,0,0,0,finance,medium
0.62,0.57,2,190,10,0,1,0,IT,medium
0.67,0.76,6,179,6,0,0,0,hr,high
0.4,0.81,4,232,5,0,0,0,IT,low
0.1,0.66,5,148,2,0,0,0,IT,low
0.44,0.59,7,163,3,0,0,0,RandD,medium
0.67,0.36,6,118,3,1,0,0,technical,high
0.55,0.45,3,262,4,0,0,0,finance,low
0.44,0.54,2,198,4,0,0,0,RandD,low
0.62,0.44,2,185,5,1,0,0,finance,low
0.59,0.87,6,154,9,0,0,0,support,low
0.63,0.43,2,300,6,0,0,1,sales,low
0.4,0.84,7,138,3,0,0,0,finance,low
0.59,0.84,4,104,6,0,1,0,management,medium
0.17,0.54,6,207,6,0,0,0,hr,low
0.57,0.59,6,246,3,0,1,0,product_mng,low
0.36,0.71,5,281,7,1,0,0,IT,high
0.3,0.36,3,297,3,0,0,0,finance,medium
0.25,0.6,5,265,3,0,0,0,product_mng,low
0.16,0.82,3,137,10,0,1,0,marketing,medium
0.22,0.57,7,221,3,1,1,0,product_mng,medium
0.57,0.65,7,242,7,1,0,0,support,medium
0.72,0.52,3,182,5,1,0,0,sales,medium
0.33,0.78,5,268,3,0,1,0,sales,low
0.13,0.74,7,105,3,0,1,0,product_mng,medium
0.5,0.84,7,159,10,0,0,0,finance,low
0.35,0.7,3,257,7,0,0,0,product_mng,low
0.12,0.57,4,224,6,1,1,0,sales,medium
0.33,0.78,5,138,3,0,0,0,hr,medium
0.64,0.64,3,308,10,0,0,0,RandD,medium
0.23,0.44,2,145,9,0,0,0,support,medium
0.51,0.78,7,140,5,0,1,0,management,low
0.26,0.48,5,146,10,0,1,0,marketing,medium
0.52,0.36,6,232,10,0,0,0,sales,medium
0.61,0.53,7,106,9,0,1,1,support,low
0.41,0.36,6,172,3,1,0,0,marketing,medium
0.11,0.67,2,186,5,0,0,0,hr,medium
0.58,0.36,6,148,4,0,1,0,hr,high
0.5,0.37,2,260,8,0,0,0,product_mng,low
0.72,0.39,2,305,6,0,0,0,finance,low
0.17,0.36,3,177,4,0,0,0,sales,low
0.42,0.82,4,106,5,0,0,0,RandD,low
0.83,0.36,2,252,7,0,0,0,management,low
0.24,0.96,2,270,3,0,0,0,hr,low
0.15,0.64,7,181,2,0,0,0,technical,medium
0.46,0.8,5,190,4,0,0,0,product_mng,low
0.48,0.59,3,233,8,0,0,0,marketing,low
0.25,0.79,7,267,8,0,0,0,sales,medium
0.63,0.62,2,209,8,0,0,0,technical,low
0.41,0.78,4,97,5,0,1,0,product_mng,medium
0.45,0.63,4,230,7,0,0,0,technical,low
0.46,0.36,7,212,2,0,0,0,marketing,low
0.47,0.5,5,283,4,0,0,0,management,low
0.61,0.53,3,150,3,0,1,0,product_mng,medium
0.54,0.69,5,197,6,0,0,0,IT,low
0.1,0.71,6,159,3,0,0,0,RandD,low
0.26,0.36,3,99,4,1,0,0,product_mng,high
0.53,0.69,7,263,3,1,0,1,technical,low
0.31,0.67,5,165,9,0,0,0,RandD,medium
0.3,0.74,7,149,6,0,1,0,hr,low
0.61,0.8,3,302,2,0,0,0,management,medium
0.29,0.56,2,123,2,0,0,0,marketing,low
0.35,0.76,6,225,6,0,0,0,finance,low
0.38,0.48,3,138,10,0,1,0,hr,medium
0.45,0.55,3,114,7,0,0,0,support,low
0.78,0.75,6,269,6,1,0,0,support,high
0.48,0.36,2,239,9,0,0,0,hr,low
0.35,0.82,4,184,5,0,0,0,product_mng,low
0.21,0.68,6,256,4,0,1,0,finance,low
0.46,0.93,6,210,10,0,0,0,sales,low
0.29,0.73,5,123,4,1,1,0,marketing,low
0.26,0.72,2,183,10,0,0,0,support,high
0.71,0.52,7,187,5,0,1,0,IT,low
0.34,0.73,2,183,8,0,0,0,finance,low
0.88,0.74,7,126,4,0,1,0,management,low
0.74,0.75,2,284,3,0,0,0,RandD,medium
0.26,0.7,5,171,3,0,0,0,technical,medium
0.64,0.64,6,137,8,0,0,0,IT,high
0.33,0.36,2,294,5,0,0,0,management,low
0.14,0.58,2,251,5,0,1,0,IT,medium
0.33,0.55,2,214,2,0,1,0,sales,low
0.71,0.68,4,250,5,1,0,0,RandD,low
0.24,0.87,2,249,7,0,1,0,IT,low
0.32,0.41,3,281,2,0,0,0,technical,low
0.41,0.36,7,207,4,1,0,0,product_mng,medium
0.55,0.89,4,156,7,0,0,0,support,medium
0.16,0.66,7,105,4,0,1,0,management,low
0.58,0.7,4,249,10,0,0,0,marketing,medium
0.24,0.56,2,166,7,0,0,0,management,low
0.69,0.47,5,167,4,0,1,0,hr,medium
0.53,0.36,6,260,2,1,0,0,support,medium
0.67,0.66,5,99,2,0,0,0,finance,low
0.27,0.75,5,168,7,1,0,0,product_mng,low
0.36,0.78,6,280,4,0,0,0,sales,medium
0.45,0.63,4,245,2,0,0,0,management,low
0.61,0.51,4,217,3,0,0,0,product_mng,high
0.37,0.36,5,140,7,1,0,0,management,medium
0.64,0.56,6,279,4,0,0,0,hr,low
0.19,0.36,4,234,2,0,0,0,support,medium
0.32,0.48,2,302,2,0,0,0,technical,low
0.42,0.63,3,223,8,1,0,0,hr,high
0.33,0.36,3,195,10,0,1,0,management,medium
0.09,0.5,6,242,4,0,0,0,support,low
0.23,0.47,4,241,8,0,1,0,hr,low
0.26,0.6,5,107,3,0,0,0,product_mng,medium
0.44,0.49,7,118,8,0,0,0,support,medium
0.35,0.65,2,283,4,0,0,0,sales,low
0.44,0.36,5,216,5,0,0,0,sales,low
0.23,0.82,7,305,6,0,0,0,sales,medium
0.54,0.37,5,177,5,0,0,0,technical,medium
0.17,0.58,3,135,2,0,0,0,management,low
0.6,0.49,6,300,7,0,0,0,support,medium
0.78,0.41,3,155,2,0,0,0,sales,medium
0.64,0.93,6,267,7,1,0,0,IT,medium
0.2,0.44,3,202,3,0,0,0,management,medium
0.42,0.89,5,149,4,0,1,0,product_mng,low
0.63,0.59,6,149,8,1,0,0,product_mng,medium
0.38,0.59,5,310,7,0,0,0,support,low
0.83,0.48,6,308,7,0,1,0,management,medium
0.38,0.49,3,290,7,0,1,0,marketing,low
0.63,0.62,3,274,9,0,1,0,finance,medium
0.29,0.45,3,241,3,0,1,0,management,high
0.54,0.4,6,179,2,1,0,0,marketing,medium
0.28,0.74,4,221,2,0,0,0,RandD,medium
0.34,0.86,2,101,4,0,0,0,product_mng,low
0.61,0.36,6,146,2,0,0,0,IT,low
0.04,0.6,6,297,5,0,1,0,technical,low
0.14,0.49,4,297,3,0,0,0,IT,low
0.13,0.56,7,132,6,0,0,0,technical,low
0.74,0.36,3,302,2,0,0,0,hr,low
0.21,0.37,5,103,8,1,0,0,hr,low
0.92,0.36,2,222,10,0,0,0,RandD,low
0.12,0.44,4,166,6,0,0,0,IT,low
0.07,0.75,5,145,2,1,0,0,product_mng,low
0.25,0.47,5,284,9,0,0,0,sales,low
0.35,0.76,6,270,8,0,1,0,sales,low
0.61,0.62,2,243,5,0,1,0,sales,medium
0.24,0.5,2,197,8,0,0,0,product_mng,medium
0.7,0.68,2,166,8,0,0,0,technical,low
0.62,0.42,7,96,4,0,0,0,product_mng,low
0.32,0.43,4,119,9,0,1,0,hr,medium
0.54,0.36,4,277,6,0,0,0,product_mng,high
0.29,0.95,6,276,10,1,0,0,finance,medium
0.27,0.43,2,276,4,0,0,0,hr,low
0.57,0.36,5,168,9,0,0,0,support,medium
0.29,0.88,3,169,2,0,0,0,marketing,low
0.55,0.76,6,287,7,0,0,0,product_mng,low
0.42,0.88,3,162,7,0,0,0,sales,medium
0.63,0.41,3,309,10,0,1,0,finance,medium
0.46,0.74,6,265,8,0,1,0,finance,low
0.59,0.75,2,140,4,1,1,0,support,low
0.35,0.63,4,103,3,0,0,0,technical,low
0.69,0.53,6,306,6,0,0,0,hr,low
0.23,0.41,5,270,5,0,0,0,RandD,medium
0.55,0.87,5,116,2,0,0,0,IT,low
0.11,0.72,6,214,6,0,1,0,RandD,medium
0.53,0.68,6,150,9,0,0,0,RandD,high
0.56,0.87,7,154,10,0,0,0,technical,medium
0.79,0.7,7,310,2,0,0,0,IT,medium
0.53,0.36,3,141,2,0,0,0,IT,low
0.2,0.64,4,214,10,0,0,0,RandD,low
0.44,0.82,2,106,9,0,0,0,support,medium
0.24,0.67,5,260,8,1,0,0,product_mng,low
0.24,0.59,7,153,9,0,0,0,RandD,low
0.36,0.63,4,277,2,0,0,0,RandD,low
0.02,0.88,7,115,5,1,1,0,IT,low
0.73,0.7,3,310,6,0,0,0,product_mng,low
0.45,0.56,4,181,2,0,0,0,sales,low
0.19,0.53,2,114,2,0,0,0,hr,medium
0.28,0.47,6,291,9,0,0,0,sales,low
0.37,0.93,6,98,9,0,0,0,hr,low
0.23,0.85,6,144,6,0,0,0,finance,medium
0.23,0.56,3,151,6,0,1,0,support,medium
0.38,0.68,2,108,8,0,0,0,RandD,low
0.69,0.79,4,186,6,1,0,0,sales,medium
0.65,0.87,5,294,2,0,1,0,support,low
0.52,0.71,3,186,3,0,0,0,RandD,low
0.18,0.92,2,102,10,0,0,0,technical,low
0.29,0.67,5,158,9,0,0,0,IT,medium
0.53,0.36,6,159,9,0,0,0,finance,low
0.23,0.77,2,174,8,0,0,0,sales,medium
0.5,0.36,4,285,2,0,0,0,hr,medium
0.06,0.39,3,225,4,0,0,0,marketing,medium
0.47,0.36,2,147,6,0,0,0,hr,low
0.75,0.48,7,219,3,0,0,0,marketing,low
0.67,0.36,6,270,2,0,0,0,management,low
0.68,0.36,7,300,7,0,0,0,IT,medium
0.55,0.79,3,212,3,0,0,0,product_mng,low
0.44,0.4,5,139,5,0,0,0,management,medium
0.8,0.93,6,150,6,0,0,0,product_mng,low
0.24,0.36,5,116,7,1,0,0,technical,medium
0.52,0.59,6,143,3,0,0,0,RandD,medium
0.59,0.41,4,187,6,0,0,0,management,medium
0.26,0.36,3,295,9,0,0,0,hr,medium
0.37,0.8,2,195,4,0,0,0,marketing,low
0.38,0.36,5,193,9,0,1,0,product_mng,medium
0.65,0.66,5,309,2,0,1,0,support,low
0.36,0.39,5,304,8,0,0,0,IT,low
0.31,0.57,4,200,2,0,0,0,marketing,low
0.61,0.36,4,272,4,0,1,0,IT,low
0.74,0.5,7,109,4,0,0,0,marketing,low
0.75,0.61,4,291,2,0,0,0,sales,low
0.15,0.8,6,219,2,0,1,0,technical,medium
0.59,0.52,7,99,9,0,0,0,RandD,medium
0.13,0.72,7,183,5,0,0,0,hr,medium
0.67,0.8,4,119,9,0,0,0,hr,medium
0.73,0.86,7,215,5,0,0,0,finance,low
0.38,0.55,7,199,6,0,0,0,IT,low
0.15,0.77,3,115,7,0,0,0,management,low
0.57,0.68,3,217,2,0,0,0,product_mng,low
0.09,0.65,7,149,3,0,1,0,hr,low
0.12,0.36,6,257,6,1,1,0,hr,medium
0.64,0.9,5,118,5,0,0,0,hr,low
0.16,0.85,4,174,3,0,1,0,RandD,low
0.78,0.74,4,167,4,0,0,0,management,medium
0.74,0.5,4,163,6,0,1,0,product_mng,medium
0.29,0.53,5,132,8,0,0,0,hr,medium
0.1,0.71,3,114,3,0,1,0,finance,medium
0.2,0.74,5,125,4,0,0,0,hr,medium
0.63,0.71,3,301,10,0,0,0,IT,medium
0.88,0.42,5,248,5,1,0,0,hr,low
0.28,0.74,6,268,4,0,0,0,product_mng,low
0.69,0.86,5,103,3,0,0,0,hr,low
0.49,0.79,7,211,8,0,1,0,IT,medium
0.46,0.57,7,241,3,0,0,0,support,low
0.5,0.56,2,108,8,1,1,0,sales,low
0.48,0.43,5,155,2,0,0,0,marketing,low
0.17,0.48,4,184,7,0,0,0,RandD,medium
0.33,0.78,3,241,3,0,1,0,product_mng,low
0.06,0.76,5,121,4,0,0,0,management,low
0.42,0.36,3,238,5,0,0,0,finance,low
0.24,0.49,2,141,3,0,1,0,support,low
0.75,0.39,7,274,9,0,1,0,product_mng,low
0.77,0.55,2,148,8,0,0,0,technical,low
0.48,0.65,2,138,10,0,0,0,IT,low
0.58,0.72,5,222,7,0,0,0,RandD,medium
0.18,0.84,4,231,7,0,0,0,marketing,high
0.3,0.69,2,121,9,0,0,0,technical,medium
0.37,0.58,4,181,8,0,1,0,technical,medium
0.5,0.92,7,187,2,1,0,0,finance,high
0.38,0.44,7,235,4,0,0,0,hr,medium
0.39,0.36,4,202,2,0,0,0,management,medium
0.6,0.75,5,143,6,0,0,0,management,low
0.66,0.88,2,101,7,0,0,0,IT,medium
0.81,0.82,2,158,8,0,0,0,support,medium
0.42,0.36,3,104,8,0,1,0,sales,high
0.16,0.57,5,104,6,0,0,0,finance,low
0.44,0.58,7,201,2,0,1,0,technical,low
0.56,0.39,4,142,10,0,0,0,hr,medium
0.47,0.7,7,303,6,0,1,0,management,medium
0.16,0.46,2,186,8,0,1,0,sales,medium
0.53,0.89,5,299,10,0,0,0,marketing,low
0.34,0.36,3,130,8,0,0,0,management,low
0.48,0.75,3,156,6,0,1,0,RandD,medium
0.18,0.38,4,196,3,0,1,0,IT,medium
0.12,0.36,4,301,9,0,0,0,technical,low
0.18,0.86,2,133,7,0,0,0,IT,medium
0.34,0.71,2,253,4,0,0,0,support,medium
0.53,0.45,3,244,6,1,0,0,finance,low
0.76,0.41,2,243,5,0,0,0,marketing,high
0.18,0.77,7,118,4,1,0,0,product_mng,low
0.02,0.58,5,119,8,0,0,0,sales,medium
0.46,0.48,4,298,8,0,1,0,finance,medium
0.26,0.49,3,105,6,0,0,0,IT,medium
0.33,0.65,2,132,7,0,0,0,finance,low
0.49,0.36,7,194,3,0,0,0,marketing,medium
0.61,0.65,5,109,9,1,0,0,support,low
0.85,0.69,2,287,8,0,1,0,sales,low
0.65,0.79,6,149,7,0,0,0,IT,medium
0.57,0.63,4,238,6,0,0,0,management,medium
0.36,0.51,3,289,7,1,1,0,technical,medium
0.53,0.58,3,230,9,1,0,0,hr,low
0.24,0.36,3,151,7,0,0,1,hr,low
0.32,0.48,3,247,2,0,0,0,management,medium
0.55,0.36,5,183,8,0,0,0,finance,medium
0.64,0.69,6,225,3,0,0,0,management,medium
0.18,0.71,4,248,8,0,0,0,hr,low
0.28,0.72,4,264,10,0,0,0,RandD,medium
0.38,0.75,2,119,2,0,0,0,marketing,medium
0.52,0.73,7,175,8,0,0,0,marketing,low
0.29,0.56,2,242,8,0,0,0,support,medium
0.53,0.62,3,122,9,0,1,0,finance,low
0.76,0.51,2,269,9,0,1,0,support,low
0.16,0.6,2,97,2,1,0,0,management,medium
0.6,0.73,3,255,2,0,0,0,hr,medium
0.15,0.93,7,116,7,0,0,0,management,medium
0.56,0.79,3,226,4,0,0,0,support,medium
0.25,0.77,7,266,2,1,0,0,technical,high
0.55,0.8,2,238,2,0,1,0,hr,low
0.24,0.71,4,116,2,0,1,0,technical,low
0.27,0.36,4,103,9,1,0,0,hr,low
0.42,0.46,2,170,7,0,0,0,technical,medium
0.21,0.86,5,265,6,0,0,0,hr,low
0.15,0.36,7,98,6,0,1,0,IT,high
0.15,0.54,7,235,6,0,0,0,marketing,low
0.12,0.4,6,245,4,0,0,0,marketing,low
0.65,0.63,4,252,2,0,0,0,product_mng,medium
0.41,0.5,2,199,7,0,0,0,management,low
0.66,0.87,7,162,3,0,1,0,support,medium
0.23,0.65,3,253,7,0,1,0,marketing,low
0.25,0.81,6,235,10,0,0,0,IT,low
0.74,0.7,4,176,8,0,0,0,technical,medium
0.15,0.91,5,133,10,0,0,0,RandD,high
0.38,0.65,6,211,4,0,1,0,hr,low
0.58,0.69,2,172,10,0,1,0,IT,medium
0.66,0.85,5,131,7,0,0,0,support,medium
0.16,0.65,5,126,6,0,1,0,support,medium
0.53,0.7,6,179,9,0,1,0,sales,medium
0.22,0.38,4,274,9,0,0,0,product_mng,medium
0.89,0.53,7,207,5,0,0,0,RandD,high
0.23,0.83,3,257,3,1,0,0,product_mng,medium
0.37,0.99,2,181,5,1,1,0,product_mng,medium
0.23,0.77,3,134,4,0,0,0,RandD,low
0.64,0.79,2,237,3,0,0,0,support,medium
0.7,0.42,7,226,6,0,0,1,hr,low
0.59,0.48,5,175,8,1,0,0,hr,medium
0.21,0.46,5,160,4,0,0,0,technical,low
0.59,0.7,2,276,7,1,0,0,finance,medium
0.13,0.36,5,208,7,0,0,0,product_mng,medium
0.08,0.74,6,296,5,0,1,0,support,low
0.36,0.82,6,208,6,0,0,0,IT,low
0.53,0.91,7,227,7,0,0,0,finance,low
0.75,0.36,3,163,3,0,1,0,finance,low
0.07,0.81,4,251,4,0,0,0,sales,medium
0.15,0.88,4,228,7,0,0,0,marketing,medium
0.25,0.36,3,290,7,0,0,0,technical,low
0.37,0.68,3,260,6,0,1,0,RandD,medium
0.82,0.81,6,285,3,0,1,0,sales,medium
0.41,0.36,2,233,6,0,1,0,sales,low
0.47,0.36,6,161,5,0,0,0,hr,high
0.61,0.68,4,155,5,0,0,0,support,low
0.61,0.43,4,114,6,0,0,0,IT,low
0.49,0.62,3,115,2,0,1,0,IT,low
0.55,0.44,6,160,7,0,0,0,product_mng,low
0.52,0.42,3,116,10,0,0,0,RandD,medium
0.02,0.37,6,246,2,0,0,0,hr,medium
0.42,0.46,5,110,5,1,1,0,marketing,medium
0.52,0.6,6,222,2,0,0,0,technical,low
0.62,0.39,5,197,3,0,0,0,IT,medium
0.57,0.55,7,288,8,1,0,0,IT,low
0.24,0.64,6,111,10,1,0,0,management,low
0.3,0.79,2,174,7,0,0,0,hr,medium
0.11,0.55,4,243,10,0,1,0,management,medium
0.12,0.53,3,113,5,0,0,0,management,high
0.53,0.69,2,99,6,0,0,0,RandD,medium
0.32,0.9,4,160,6,0,0,0,management,medium
0.72,0.79,5,212,5,0,0,0,product_mng,low
0.18,0.66,3,298,8,0,0,0,management,low
0.1,0.36,4,120,6,1,0,0,hr,low
0.69,0.81,3,226,5,0,1,0,support,medium
0.32,0.76,2,180,3,0,1,0,management,low
0.32,0.43,7,203,4,0,0,0,product_mng,high
0.03,0.39,4,305,7,0,0,0,marketing,medium
0.49,0.94,3,224,4,0,0,0,finance,low
0.31,0.6,5,227,6,0,0,0,IT,medium
0.16,0.6,5,124,5,0,0,0,marketing,medium
0.42,0.96,6,174,3,0,0,0,IT,medium
0.61,0.76,6,301,7,0,0,0,support,low
0.3,0.61,3,220,3,1,1,0,support,low
0.52,0.4,5,170,6,0,0,0,support,medium
0.54,0.79,4,138,3,0,0,0,RandD,medium
0.06,0.71,7,310,10,0,0,0,support,low
0.13,0.5,4,294,5,0,1,0,sales,high
0.21,0.56,2,269,4,1,1,0,sales,low
0.19,0.79,6,202,4,0,0,0,IT,medium
0.37,0.63,5,305,8,0,0,0,finance,medium
0.6,0.74,2,210,8,0,0,0,technical,medium
0.41,0.36,3,166,4,1,0,0,product_mng,medium
0.48,0.36,6,104,7,0,0,0,technical,medium
0.51,0.61,5,248,4,0,0,0,RandD,medium
0.4,0.45,5,117,7,1,0,0,marketing,medium
0.25,0.45,3,242,7,0,1,0,product_mng,medium
0.16,0.69,5,265,6,0,0,0,hr,low
0.28,0.84,2,213,8,0,0,0,RandD,low
0.64,0.6,6,105,8,0,0,0,product_mng,low
0.25,0.7,2,239,10,1,0,0,finance,high
0.07,0.61,7,128,4,0,0,0,technical,medium
0.5,0.47,4,212,4,0,0,0,hr,low
0.07,0.73,5,229,9,0,0,0,product_mng,low
0.29,0.66,5,168,4,0,0,0,technical,medium
0.26,0.57,5,195,6,0,0,0,marketing,high
0.35,0.8,3,239,7,1,0,0,sales,low
0.18,0.6,4,194,3,0,0,0,support,low
0.33,0.36,4,106,2,1,0,0,product_mng,low
0.38,0.56,2,255,5,1,0,0,technical,medium
0.05,0.55,5,123,6,0,1,0,IT,low
0.13,0.45,3,282,2,0,0,0,support,low
0.55,0.98,2,309,7,0,1,0,hr,low
0.38,0.41,5,151,10,0,1,0,finance,high
0.49,0.46,7,223,2,1,0,0,sales,medium
0.31,0.36,4,119,2,0,1,0,product_mng,low
0.82,0.44,7,281,6,0,0,0,finance,medium
0.21,0.64,5,97,10,0,1,0,finance,medium
0.86,0.6,5,189,9,0,0,0,finance,low
0.15,0.4,7,137,8,0,1,0,marketing,medium
0.53,0.45,4,275,2,0,0,0,marketing,low
0.57,0.57,5,273,8,0,0,0,finance,medium
0.48,0.7,4,142,8,1,0,0,product_mng,low
0.48,0.87,2,197,4,0,1,0,finance,medium
0.11,0.4,6,183,4,0,0,0,finance,low
0.46,0.51,4,147,3,1,1,0,IT,low
0.18,0.36,2,197,5,0,0,0,hr,medium
0.3,0.8,3,278,7,0,0,0,support,medium
0.36,0.56,2,177,4,0,0,0,IT,medium
0.56,0.36,4,176,10,0,1,0,RandD,low
0.18,0.79,5,144,7,0,0,0,IT,medium
0.06,0.61,4,110,9,0,1,0,IT,medium
0.57,0.65,2,150,3,0,0,0,finance,medium
0.7,0.87,7,169,4,0,0,0,finance,medium
0.63,0.62,2,174,6,1,1,0,product_mng,medium
0.48,0.8,3,240,5,0,1,0,hr,medium
0.58,0.68,6,245,2,1,0,0,technical,low
0.52,0.64,2,243,2,0,0,0,hr,medium
0.64,0.36,2,174,4,0,0,0,RandD,low
0.59,0.42,4,219,10,0,0,0,marketing,medium
0.2,0.71,3,281,2,1,0,0,IT,medium
0.4,0.56,3,278,7,0,0,0,marketing,medium
0.84,0.53,5,242,10,0,1,0,support,medium
0.34,0.4,2,179,2,1,0,0,marketing,high
0.47,0.53,2,235,2,0,0,0,product_mng,medium
0.3,0.52,7,175,3,0,1,0,support,medium
0.69,0.66,7,129,5,0,0,0,finance,low
0.25,0.68,6,150,9,1,1,1,management,low
0.4,0.9,4,267,8,0,0,0,hr,medium
0.05,0.8,2,264,5,0,0,0,support,low
0.13,0.62,6,307,5,0,0,0,product_mng,medium
0.89,0.38,3,247,8,1,1,0,management,low
0.56,0.81,4,131,2,0,0,1,product_mng,low
0.28,0.49,2,189,2,0,1,0,hr,low
0.24,0.61,2,243,10,0,0,0,finance,low
0.45,0.72,7,120,8,0,0,0,IT,high
0.61,0.54,4,292,4,0,1,0,support,medium
0.07,0.6,7,212,7,0,0,0,support,low
0.38,0.8,6,276,5,0,0,0,finance,medium
0.23,0.36,3,217,4,0,1,0,finance,medium
0.68,0.59,6,260,8,0,1,0,support,low
0.14,0.89,5,238,9,0,0,0,support,low
0.28,0.36,2,244,7,0,0,0,management,high
0.18,0.41,5,304,8,0,0,0,support,low
0.4,0.89,4,288,4,1,0,0,technical,medium
0.08,0.81,7,197,8,0,0,0,hr,medium
0.4,0.53,7,260,3,0,0,0,management,medium
0.28,0.78,2,125,6,0,0,0,management,low
0.3,0.36,2,179,4,0,0,0,product_mng,medium
0.26,0.57,4,155,2,1,1,0,product_mng,medium
0.24,0.88,5,163,8,1,0,0,finance,low
0.25,0.94,6,209,3,0,0,0,RandD,low
0.33,0.83,5,193,9,0,0,0,support,low
0.31,0.62,3,259,8,0,0,0,management,medium
0.09,0.36,5,301,9,0,0,0,product_mng,low
0.19,0.72,7,189,8,0,0,0,RandD,medium
0.12,0.85,6,268,9,0,0,0,technical,medium
0.15,0.36,3,98,7,0,1,0,technical,low
0.63,0.52,4,309,2,0,0,0,IT,medium
0.26,0.36,2,112,4,0,0,0,sales,low
0.43,0.92,7,257,7,0,0,0,technical,low
0.32,0.46,3,235,9,1,0,0,support,low
0.04,0.68,3,176,2,0,1,0,IT,medium
0.15,0.53,3,292,5,0,0,0,marketing,low
0.34,0.46,7,113,8,0,0,0,sales,low
0.15,0.63,2,100,2,0,1,0,sales,medium
0.22,0.72,6,218,7,0,1,0,marketing,medium
0.44,0.92,3,106,5,0,0,0,sales,low
0.69,0.84,4,294,9,0,0,0,hr,low
0.38,0.37,6,100,3,1,0,0,IT,medium
0.49,0.8,4,293,6,0,1,0,sales,low
0.34,0.72,2,183,2,0,0,0,product_mng,medium
0.44,0.55,7,257,9,0,0,0,RandD,high
0.28,0.7,4,305,2,0,0,0,support,low
0.77,0.36,5,192,3,0,0,0,technical,low
0.21,0.77,5,106,2,0,0,0,hr,medium
0.35,0.36,7,133,7,0,0,0,IT,medium
0.6,0.36,7,112,5,0,0,0,marketing,medium
0.25,0.76,2,195,4,0,0,0,hr,low
0.47,0.69,7,307,8,0,0,0,product_mng,low
0.67,0.64,6,209,10,0,0,0,product_mng,low
0.47,0.68,2,225,8,0,0,0,hr,low
0.19,0.53,6,208,8,0,0,0,RandD,medium
0.54,0.83,5,270,10,1,0,0,management,low
0.16,0.36,5,236,4,0,0,0,hr,low
0.22,0.82,5,220,6,0,0,0,IT,low
0.38,0.6,3,193,6,0,0,0,support,low
0.02,0.57,5,263,3,0,0,0,hr,medium
0.76,0.69,4,144,8,0,0,0,management,medium
0.33,0.5,2,175,5,0,1,0,support,low
0.52,0.53,7,294,9,0,1,0,RandD,low
0.44,0.83,6,217,6,0,0,0,IT,low
0.61,0.78,7,240,3,0,0,0,management,medium
0.58,0.78,5,198,4,0,0,0,RandD,medium
0.2,0.86,7,241,3,0,0,0,technical,low
0.58,0.55,2,237,7,0,0,0,hr,medium
0.7,0.58,3,267,4,0,1,0,support,low
0.3,0.46,5,161,8,0,0,0,sales,medium
0.65,0.66,2,235,4,1,0,0,finance,medium
0.34,0.65,6,173,10,0,0,1,marketing,low
0.43,0.48,5,157,6,0,0,0,product_mng,high
0.12,0.7,4,235,8,0,1,0,hr,medium
0.8,0.6,7,156,10,0,0,0,RandD,low
0.07,0.61,5,175,8,0,0,0,sales,low
0.13,0.76,2,115,3,0,1,0,support,low
0.38,0.45,3,134,8,0,0,0,sales,low
0.28,0.74,5,116,2,0,1,0,technical,medium
0.4,0.77,7,279,5,0,0,0,support,medium
0.15,0.72,4,110,7,0,0,0,management,medium
0.67,0.36,3,203,4,0,0,0,technical,medium
0.28,0.36,4,178,2,0,1,0,RandD,low
0.44,0.82,3,217,2,0,0,0,marketing,medium
0.46,0.76,5,188,5,0,0,0,hr,low
0.79,0.82,2,112,3,0,0,0,IT,high
0.6,0.69,3,296,5,0,1,0,hr,medium
0.24,0.67,3,260,2,0,0,0,hr,low
0.31,0.52,6,228,5,0,0,0,hr,medium
0.32,0.63,5,146,3,1,0,0,marketing,low
0.31,0.75,7,290,7,0,0,0,IT,low
0.49,0.54,5,232,3,0,0,0,technical,medium
0.23,0.81,4,106,5,0,0,0,product_mng,low
0.72,0.79,7,258,4,0,0,0,product_mng,medium
0.01,0.4,2,142,5,0,0,0,IT,low
0.14,0.71,2,300,6,1,0,0,management,low
0.32,0.66,5,305,6,0,1,0,support,medium
0.56,0.69,6,239,8,1,0,0,management,medium
0.17,0.45,2,289,6,0,1,0,finance,low
0.82,0.73,4,101,2,0,0,0,finance,medium
0.43,0.68,5,244,7,0,1,0,technical,low
0.55,0.96,6,182,9,0,0,0,product_mng,low
0.31,0.75,7,201,5,0,0,0,management,medium
0.05,0.51,2,97,3,0,0,0,technical,medium
0.12,0.74,6,180,5,0,0,0,support,medium
0.37,0.92,3,145,7,0,0,0,IT,low
0.22,0.62,6,249,9,1,1,0,marketing,medium
0.42,0.45,3,267,8,1,0,0,management,low
0.52,0.36,4,197,3,0,1,0,sales,medium
0.38,0.85,2,256,10,1,1,0,RandD,low
0.18,0.72,3,108,5,1,0,0,marketing,medium
0.26,0.38,3,99,9,0,1,0,sales,low
0.34,0.41,5,136,9,0,1,0,management,low
0.19,0.56,2,195,10,0,0,0,support,medium
0.5,0.84,2,145,7,0,0,0,IT,high
0.38,0.95,3,224,4,1,0,0,technical,high
0.48,0.76,7,310,7,0,0,0,sales,low
0.29,0.56,3,275,10,0,0,0,technical,low
0.2,0.53,5,175,5,0,0,0,management,medium
0.54,0.54,3,134,10,0,0,0,management,medium
0.46,0.41,4,294,5,0,0,0,management,low
0.51,0.53,5,288,3,0,0,0,product_mng,low
0.4,0.58,7,255,4,0,0,0,finance,low
0.54,0.52,5,254,7,0,0,0,hr,low
0.61,0.88,3,153,6,0,1,0,management,low
0.27,0.59,6,310,8,0,0,0,management,medium
0.69,0.36,3,212,4,0,0,0,hr,low
0.52,0.38,3,214,6,1,0,0,IT,low
0.49,0.95,3,263,10,0,1,0,sales,low
0.33,0.91,4,289,4,0,0,0,technical,medium
0.89,0.36,6,298,3,0,0,0,IT,low
0.72,0.45,6,193,5,0,0,0,product_mng,low
0.7,0.36,5,210,6,0,0,0,finance,medium
0.48,0.86,4,222,9,0,0,0,product_mng,medium
0.63,0.8,2,212,8,0,0,0,technical,medium
0.67,0.44,2,115,3,0,0,0,technical,medium
0.38,0.52,4,301,10,0,0,0,RandD,medium
0.33,0.55,3,147,3,0,0,0,finance,low
0.13,0.63,2,120,7,0,0,0,product_mng,medium
0.32,0.78,3,255,4,0,0,0,sales,low
0.51,0.61,4,168,9,1,0,0,management,low
0.34,0.36,3,276,9,1,1,0,sales,medium
0.23,0.98,4,282,8,0,1,0,marketing,medium
0.64,0.74,7,139,4,0,0,0,IT,low
0.5,0.43,5,255,8,0,1,0,IT,low
0.23,0.76,2,207,4,0,1,0,RandD,low
0.26,0.36,3,180,6,0,1,0,product_mng,low
0.25,0.4,7,225,10,0,0,0,hr,medium
0.38,0.79,5,225,5,0,0,0,management,low
0.7,0.36,2,243,9,0,0,0,management,low
0.34,0.38,4,158,3,0,0,0,finance,medium
0.32,0.76,4,308,6,0,0,0,finance,medium
0.39,0.63,4,152,6,0,0,0,product_mng,medium
0.29,0.4,2,240,2,0,0,0,hr,low
0.31,0.72,5,158,5,0,1,0,sales,low
0.25,0.59,4,260,2,0,0,0,hr,medium
0.31,0.71,6,107,6,0,1,0,RandD,medium
0.34,0.46,5,186,6,0,0,0,support,medium
0.14,0.55,4,294,2,0,0,1,IT,medium
0.38,0.36,5,292,9,0,1,0,technical,low
0.79,0.39,4,148,3,0,0,0,product_mng,medium
0.49,0.74,2,282,7,0,0,0,technical,low
0.3,0.36,7,207,2,0,0,0,RandD,low
0.41,0.73,6,284,2,0,0,0,technical,low
0.24,0.58,3,255,6,0,0,0,finance,low
0.13,0.53,4,116,4,0,0,0,sales,low
0.45,0.55,2,260,10,0,0,0,sales,low
0.43,0.56,5,266,3,0,0,0,IT,medium
0.1,0.46,4,234,8,0,0,0,product_mng,medium
0.55,0.8,3,147,8,0,1,0,marketing,medium
0.74,0.91,6,129,5,0,1,0,hr,medium
0.47,0.83,3,151,4,0,1,0,marketing,high
0.38,0.55,6,302,6,0,0,0,marketing,medium
0.62,0.63,3,206,10,0,0,0,support,low
0.72,0.8,5,243,8,0,0,0,RandD,low
0.12,0.78,6,227,7,0,0,0,IT,medium
0.26,0.56,4,219,10,0,0,0,product_mng,low
0.28,0.91,7,279,8,0,1,0,technical,high
0.54,0.56,7,277,2,0,1,0,marketing,medium
0.15,0.36,5,186,10,1,0,0,hr,low
0.32,0.41,5,114,6,0,0,0,management,low
0.45,0.79,7,121,6,0,0,0,marketing,medium
0.26,0.59,2,157,8,0,1,0,finance,medium
0.29,0.66,5,228,7,0,0,0,IT,high
0.41,0.36,4,136,8,0,0,0,hr,low
0.32,0.62,7,210,5,1,0,0,marketing,medium
0.25,0.52,6,188,10,0,0,0,hr,medium
0.3,0.84,3,133,8,0,0,0,sales,low
0.42,0.47,3,294,7,0,0,0,management,medium
0.56,0.75,2,247,6,0,0,0,sales,low
0.1,0.58,3,128,3,0,0,0,product_mng,low
0.52,0.36,2,177,8,0,1,0,finance,high
0.78,0.95,2,204,6,1,0,0,RandD,medium
0.4,0.76,5,274,4,0,0,0,product_mng,medium
0.19,0.8,5,209,10,0,0,0,product_mng,high
0.61,0.38,5,268,7,0,1,0,IT,low
0.46,0.36,2,284,10,0,0,1,marketing,low
0.55,0.58,6,245,8,0,0,0,RandD,low
0.34,0.89,3,306,10,0,0,0,marketing,medium
0.69,0.48,3,124,8,0,1,0,RandD,high
0.47,0.74,6,149,2,0,0,0,sales,low
0.53,0.5,5,253,8,0,0,0,sales,low
0.42,0.53,3,131,5,1,1,0,marketing,low
0.46,0.36,3,274,9,0,0,0,technical,low
0.01,0.47,4,151,4,0,0,0,marketing,medium
0.18,0.88,5,141,3,0,1,0,RandD,high
0.62,0.36,3,235,8,0,1,0,product_mng,high
0.66,0.78,6,243,7,0,1,0,IT,low
0.2,0.36,2,121,5,0,0,0,management,low
0.35,0.47,6,273,4,0,0,0,finance,medium
0.48,0.42,2,120,9,0,1,0,sales,low
0.1,0.47,5,117,9,0,1,0,support,medium
0.1,0.74,6,259,9,0,1,0,finance,low
0.63,0.57,4,297,8,0,0,0,marketing,medium
0.69,0.65,7,231,6,0,1,0,finance,medium
0.38,0.66,3,169,6,1,1,0,technical,low
0.58,0.75,7,119,3,0,0,0,sales,low
0.4,0.79,7,123,10,0,0,0,hr,medium
0.47,0.36,4,126,7,0,0,0,RandD,medium
0.34,0.71,6,260,8,0,0,0,technical,medium
0.42,0.45,7,298,6,0,0,0,management,medium
0.52,0.41,2,265,8,0,0,0,product_mng,medium
0.2,0.88,7,123,3,0,0,0,support,low
0.24,0.76,4,260,7,0,1,0,product_mng,low
0.04,0.45,4,160,4,0,0,0,sales,low
0.41,0.89,7,195,2,0,1,0,finance,low
0.57,0.49,2,131,3,0,0,0,support,medium
0.11,0.39,7,212,5,0,0,0,marketing,medium
0.35,0.71,3,235,2,0,0,0,marketing,medium
0.6,0.6,5,122,3,1,0,0,marketing,low
0.3,0.69,6,234,4,1,0,0,sales,low
0.06,0.68,5,309,7,0,0,0,finance,medium
0.34,0.57,4,194,2,0,0,0,product_mng,low
0.27,0.86,3,148,10,0,0,0,marketing,low
0.16,0.6,4,241,8,0,1,0,IT,medium
0.5,0.78,6,277,5,0,0,0,sales,low
0.21,0.77,7,282,3,0,0,0,RandD,low
0.63,0.8,7,161,2,0,0,0,marketing,medium
0.33,0.75,7,144,10,1,0,0,hr,medium
0.48,0.57,6,158,2,0,0,0,RandD,low
0.44,0.6,3,268,7,0,0,0,marketing,medium
0.07,0.56,6,212,2,0,0,0,product_mng,low
0.19,0.62,2,167,5,0,1,0,support,medium
0.31,0.81,6,260,5,0,0,0,support,medium
0.2,0.49,7,108,8,0,0,0,hr,medium
0.4,0.88,4,192,9,1,0,0,IT,low
0.38,0.85,3,141,2,1,0,0,finance,medium
0.23,0.6,6,291,10,0,1,0,management,low
0.44,0.54,3,184,8,0,0,0,technical,medium
0.22,0.5,4,191,2,0,0,0,IT,low
0.52,0.53,5,293,8,0,0,0,finance,medium
0.61,0.75,6,254,4,0,0,0,product_mng,high
0.27,0.36,3,231,9,0,0,0,RandD,low
0.37,0.56,6,309,8,0,0,0,technical,low
0.39,0.48,5,183,2,0,0,0,sales,medium
0.41,0.81,4,243,10,0,1,0,support,low
0.4,0.76,5,211,3,0,1,0,RandD,medium
0.15,0.93,6,186,2,0,0,0,sales,low
0.1,0.93,3,145,5,0,0,0,technical,low
0.94,0.48,4,174,3,0,0,0,RandD,low
0.39,0.36,7,119,6,0,0,0,hr,medium
0.35,0.63,7,253,3,0,0,0,support,medium
0.37,0.7,7,233,2,0,0,1,support,medium
0.41,0.6,2,174,3,1,0,0,finance,high
0.12,0.59,5,303,3,0,0,0,marketing,low
0.31,0.36,4,294,2,0,1,0,management,low
0.24,0.67,3,212,10,0,0,1,product_mng,low
0.09,0.55,3,133,6,0,0,0,IT,medium
0.56,0.65,6,140,3,0,0,0,technical,medium
0.59,0.73,2,134,6,0,0,0,RandD,medium
0.47,0.85,6,104,9,0,1,0,sales,medium
0.34,0.36,7,207,2,0,0,0,hr,low
0.13,0.87,5,149,7,1,0,0,IT,low
0.67,0.62,3,282,6,1,0,0,management,low
0.09,0.88,4,238,5,0,1,0,hr,medium
0.25,0.55,5,280,9,0,0,0,finance,low
0.7,0.54,3,309,7,0,0,0,technical,medium
0.33,0.56,2,124,6,0,0,0,sales,low
0.17,0.77,5,106,5,0,0,0,technical,low
0.55,0.61,3,293,7,0,0,0,finance,medium
0.88,0.84,4,121,10,0,1,0,management,medium
0.39,0.7,5,202,6,1,1,1,IT,medium
0.7,0.93,6,231,4,0,1,0,technical,medium
0.41,0.62,5,176,2,1,0,0,hr,low
0.52,0.36,5,236,3,0,0,0,technical,high
0.41,0.86,5,283,10,0,0,0,product_mng,medium
0.88,0.48,6,269,2,0,0,0,sales,medium
0.03,0.8,3,198,8,0,0,0,IT,medium
0.54,0.36,3,246,4,0,0,0,technical,low
0.04,0.88,3,158,10,1,1,0,IT,medium
0.37,0.67,3,97,3,0,0,0,finance,low
0.34,0.59,5,275,9,0,0,0,IT,low
0.4,0.88,4,181,3,0,0,0,hr,low
0.2,0.36,5,97,7,1,0,0,IT,medium
0.55,0.58,3,269,2,0,0,0,sales,medium
0.17,0.54,3,231,4,0,1,0,technical,low
0.25,0.41,6,139,2,1,0,0,RandD,medium
0.19,0.56,5,196,5,0,0,0,IT,medium
0.63,0.36,3,145,6,0,1,0,support,low
0.19,0.94,5,280,6,1,0,0,RandD,medium
0.89,0.6,7,203,6,0,0,0,finance,low
0.25,0.36,2,97,4,1,0,0,product_mng,low
0.29,0.36,2,192,9,0,0,0,support,medium
0.52,0.36,4,107,4,0,0,0,marketing,medium
0.49,0.63,4,180,4,0,0,0,support,low
0.66,0.36,4,132,4,1,0,0,management,medium
0.63,0.8,7,248,8,0,1,0,sales,high
0.18,0.56,2,140,7,0,0,0,product_mng,medium
0.44,0.64,6,290,3,0,0,0,IT,medium
0.47,0.36,5,224,5,0,0,0,hr,medium
0.1,0.67,7,182,7,0,0,0,marketing,high
0.28,0.74,4,212,6,1,0,0,marketing,high
0.16,0.63,5,258,8,0,0,0,management,low
0.4,0.87,3,146,7,0,0,0,product_mng,low
0.08,0.45,3,299,5,1,0,0,product_mng,low
0.14,0.47,7,274,3,0,0,0,support,low
0.44,0.49,4,126,6,0,0,0,support,medium
0.21,0.69,2,136,2,0,0,0,sales,medium
0.11,0.41,5,153,10,0,0,0,IT,medium
0.51,0.86,7,109,6,0,0,0,RandD,high
0.48,0.96,3,232,2,0,0,0,product_mng,low
0.42,0.43,7,217,5,0,1,0,management,medium
0.27,0.78,3,245,3,0,0,0,sales,medium
0.37,0.74,6,106,2,0,0,0,RandD,high
0.13,0.74,5,186,9,0,0,0,finance,medium
0.57,0.82,6,280,3,0,0,0,support,low
0.61,0.68,5,167,4,0,1,0,technical,medium
0.35,0.36,4,128,3,0,0,0,technical,low
0.59,0.84,4,201,9,0,1,0,marketing,medium
0.13,0.36,7,188,3,1,0,0,sales,medium
0.93,0.93,3,119,4,1,0,0,marketing,medium
0.37,0.69,5,257,5,0,0,0,product_mng,medium
0.27,0.39,3,152,9,0,1,0,sales,low
0.32,0.62,4,279,10,1,0,0,technical,low
0.65,0.36,5,147,7,0,1,0,technical,low
0.65,0.93,4,165,9,0,0,0,RandD,medium
0.4,0.61,4,163,6,0,0,0,management,low
0.26,0.55,2,205,2,0,0,0,finance,medium
0.19,0.38,7,306,6,0,1,0,product_mng,low
0.57,0.36,5,281,2,0,1,0,support,low
0.57,0.54,5,205,4,0,0,0,management,low
0.51,0.5,6,166,5,0,0,0,technical,medium
0.49,0.36,3,192,9,0,0,0,technical,low
0.26,0.51,5,227,2,0,1,0,RandD,low
0.31,0.82,6,252,2,0,1,0,RandD,medium
0.65,0.68,6,217,6,0,1,0,finance,medium
0.47,0.45,5,259,5,0,0,0,IT,medium
0.54,0.37,4,303,5,0,0,0,hr,low
0.41,0.68,3,173,7,1,0,1,marketing,high
0.48,0.55,5,270,8,0,0,0,technical,low
0.76,0.64,7,118,3,1,0,0,product_mng,medium
0.2,0.36,7,177,8,0,0,0,technical,medium
0.53,0.46,6,224,2,0,1,0,technical,low
0.5,0.63,4,305,10,0,1,0,sales,medium
0.42,0.72,4,169,6,0,0,0,marketing,medium
0.14,0.36,7,209,5,0,0,0,technical,medium
0.27,0.82,3,133,4,0,0,0,IT,high
0.49,0.51,4,190,5,0,0,0,management,low
0.47,0.36,6,304,10,0,0,0,finance,low
0.1,0.58,7,104,9,0,0,0,finance,high
0.28,0.49,5,109,10,0,0,0,product_mng,low
0.3,0.4,3,228,4,0,0,0,management,medium
0.34,0.42,7,243,9,0,0,0,hr,low
0.28,0.43,5,267,3,1,1,0,product_mng,medium
0.22,0.63,4,255,8,1,0,0,sales,high
0.39,0.74,4,111,2,1,1,0,sales,low
0.77,0.4,7,250,10,0,0,0,IT,medium
0.36,0.64,7,116,5,0,0,0,hr,low
0.53,0.62,5,128,3,0,0,0,technical,medium
0.39,0.85,4,248,9,0,0,0,management,medium
0.25,0.87,6,137,3,0,0,0,support,high
0.43,0.72,5,179,9,0,0,0,product_mng,medium
0.39,0.41,6,98,8,0,0,1,technical,medium
0.45,0.5,4,102,9,0,0,0,sales,medium
0.19,0.71,3,296,5,0,0,0,IT,medium
0.4,0.68,6,229,8,0,0,0,technical,low
0.09,0.36,7,105,4,0,0,0,RandD,medium
0.27,0.54,4,220,6,0,1,0,hr,low
0.56,0.36,2,158,10,0,0,0,product_mng,low
0.37,0.65,4,240,2,0,0,0,marketing,low
0.71,0.54,6,246,2,0,0,0,sales,low
0.28,0.71,2,123,2,0,1,0,support,medium
0.48,0.81,3,227,3,0,0,0,finance,medium
0.36,0.36,7,127,5,0,0,0,finance,medium
0.19,0.79,2,151,7,0,1,0,management,medium
0.42,0.76,4,224,2,0,1,0,finance,medium
0.26,0.36,4,228,6,0,1,0,marketing,low
0.3,0.57,6,299,3,0,0,0,product_mng,low
0.04,0.5,5,223,8,0,0,0,support,low
0.43,0.66,6,141,3,0,0,0,marketing,low
0.72,0.36,3,96,5,0,0,0,sales,low
0.39,0.95,7,293,9,0,0,0,hr,medium
0.81,0.59,6,217,10,0,0,0,support,medium
0.25,0.64,7,291,4,0,0,0,IT,low
0.56,0.64,4,234,8,0,0,0,technical,low
0.56,0.54,2,304,4,0,1,0,RandD,low
0.54,0.63,5,283,10,0,1,0,support,low
0.24,0.95,5,261,4,0,0,0,management,low
0.32,0.52,5,123,5,0,0,1,hr,medium
0.3,0.64,4,165,8,0,0,0,product_mng,low
0.32,0.68,6,241,6,0,0,0,finance,medium
0.32,0.95,4,264,9,1,0,0,management,medium
0.74,0.78,5,274,8,0,0,0,technical,low
0.54,0.36,7,211,3,0,0,0,support,medium
0.39,0.39,2,271,7,0,0,0,management,medium
0.38,0.59,7,296,7,0,1,0,support,low
0.1,0.61,4,249,2,0,0,0,management,medium
0.35,0.86,6,228,9,0,1,0,technical,low
0.2,0.61,3,160,6,1,0,0,support,medium
0.26,0.63,3,146,6,0,0,0,marketing,low
0.88,0.78,3,212,8,0,1,0,technical,low
0.63,0.87,4,165,7,0,0,0,marketing,medium
0.54,0.37,3,293,2,0,1,0,product_mng,medium
0.15,0.47,4,166,9,0,0,0,sales,low
0.1,0.88,4,284,4,0,0,0,IT,low
0.24,0.36,7,165,4,0,0,0,RandD,low
0.12,0.59,7,233,6,0,1,0,marketing,low
0.54,0.47,3,287,5,0,0,0,technical,medium
0.55,0.36,2,138,10,0,0,0,management,medium
0.75,0.78,4,191,10,0,0,0,finance,low
0.45,0.58,5,115,3,0,0,0,RandD,medium
0.26,0.42,5,290,6,0,1,0,sales,low
0.27,0.86,6,108,2,0,1,0,product_mng,low
0.47,0.74,7,176,2,0,0,0,RandD,medium
0.58,0.53,4,141,5,0,1,0,marketing,medium
0.51,0.57,3,220,10,0,0,0,technical,low
0.52,0.69,6,185,3,0,0,0,support,medium
0.1,0.84,6,137,5,0,1,0,product_mng,medium
0.53,0.71,2,116,10,0,0,0,management,medium
0.8,0.36,2,146,2,0,0,0,hr,high
0.49,0.65,2,164,7,0,0,0,sales,low
0.19,0.8,4,137,10,0,0,0,IT,low
0.32,0.54,6,140,5,0,0,0,hr,medium
0.06,0.75,4,190,3,0,0,0,management,medium
0.29,0.85,2,158,7,0,0,0,support,high
0.14,0.65,7,107,6,0,0,0,hr,low
0.14,0.68,2,104,6,0,0,0,RandD,low
0.26,0.38,5,296,8,0,0,0,IT,medium
0.18,0.36,2,153,4,1,0,0,support,medium
0.25,0.67,2,112,10,0,0,1,technical,low
0.46,0.63,5,300,2,0,1,0,technical,low
0.67,0.63,4,291,8,0,0,0,management,medium
0.31,0.76,3,228,8,0,0,0,IT,medium
0.67,0.64,7,221,4,0,0,0,hr,medium
0.39,0.67,4,197,8,0,0,0,finance,low
0.48,0.38,2,120,5,0,1,0,marketing,low
0.37,0.48,7,183,2,0,0,0,RandD,low
0.32,0.9,4,153,2,0,0,0,RandD,low
0.6,0.36,6,131,8,1,0,0,management,medium
0.3,0.86,6,164,10,0,0,0,support,medium
0.64,0.91,4,298,10,0,1,0,hr,medium
0.19,0.57,3,209,5,0,0,0,RandD,low
0.79,0.36,6,138,5,0,0,0,hr,medium
0.22,0.48,6,107,3,0,1,0,management,low
0.18,0.61,2,251,10,1,0,0,management,medium
0.38,0.83,2,267,3,0,0,0,IT,low
0.31,0.92,3,228,8,0,1,0,product_mng,low
0.69,0.98,3,251,7,0,0,0,support,low
0.22,0.94,3,139,10,0,0,0,technical,high
0.47,0.76,7,221,9,0,0,0,support,medium
0.64,0.6,6,309,9,0,0,0,RandD,low
0.24,0.49,7,137,8,0,0,0,sales,medium
0.08,0.93,3,121,8,0,0,0,IT,medium
0.08,0.66,6,215,4,0,0,0,finance,medium
0.47,0.5,4,141,6,0,1,1,RandD,medium
0.46,0.83,2,144,6,0,1,0,support,medium
0.63,0.36,3,220,8,0,0,0,technical,medium
0.35,0.84,6,175,2,0,0,0,technical,medium
0.29,0.76,3,195,3,0,0,0,finance,low
0.13,0.84,7,306,2,0,0,0,sales,low
0.33,0.71,4,216,5,0,0,0,marketing,medium
0.82,0.66,5,109,3,0,1,0,IT,low
0.28,0.87,7,219,4,0,1,0,hr,medium
0.12,0.45,5,176,8,0,0,0,finance,low
0.47,0.83,3,130,8,0,1,0,sales,low
0.47,0.82,3,129,4,1,0,0,RandD,low
0.5,0.36,7,266,8,1,1,0,RandD,medium
0.3,0.52,6,200,5,0,0,0,RandD,low
0.09,0.62,2,135,2,0,1,0,product_mng,low
0.58,0.36,7,160,8,0,0,0,hr,low
0.35,0.57,7,195,7,0,0,0,sales,low
0.46,0.98,5,214,2,0,0,0,sales,medium
0.68,0.6,5,162,9,0,0,0,hr,medium
0.39,0.63,5,139,9,0,1,0,management,low
0.41,0.53,2,282,6,1,0,1,RandD,medium
0.47,0.55,5,96,9,0,0,0,technical,medium
0.36,0.85,2,290,4,0,1,0,management,medium
0.54,0.84,5,302,3,0,1,1,RandD,medium
0.44,0.8,7,129,2,0,0,0,support,medium
0.36,0.61,7,192,5,0,1,0,support,medium
0.57,0.41,5,198,8,0,0,0,finance,medium
0.49,0.95,7,207,4,0,0,0,marketing,low
0.41,0.36,6,193,6,0,0,0,sales,medium
0.22,0.59,6,189,2,0,1,0,product_mng,low
0.63,0.36,4,171,2,0,0,0,sales,medium
0.16,0.36,6,220,2,0,1,0,technical,medium
0.09,0.69,5,221,4,0,0,0,IT,medium
0.37,0.73,5,261,10,0,1,0,IT,low
0.64,0.69,4,201,9,0,0,0,sales,medium
0.66,0.36,4,242,8,0,0,0,sales,low
0.71,0.59,3,106,8,0,0,1,technical,high
0.32,0.56,6,165,8,0,1,0,technical,low
0.33,0.62,2,177,4,0,0,0,support,low
0.68,0.39,2,185,8,0,0,0,hr,low
0.26,0.44,3,257,2,0,0,0,RandD,medium
0.28,0.79,7,145,10,0,0,0,marketing,medium
0.08,0.63,2,268,10,0,0,0,product_mng,low
0.52,0.36,3,244,2,1,1,0,product_mng,low
0.19,0.48,4,218,6,0,0,0,IT,low
0.3,0.74,5,280,9,1,0,0,sales,low
0.74,0.84,4,123,8,0,1,0,support,low
0.63,0.85,2,110,6,0,1,0,management,medium
0.17,0.36,6,306,2,0,0,0,hr,low
0.65,0.64,7,100,6,0,0,0,IT,low
0.69,0.74,2,217,4,0,1,0,marketing,medium
0.29,0.75,6,304,9,0,0,0,management,low
0.53,0.72,2,138,4,0,0,0,technical,medium
0.11,0.51,2,299,3,0,0,0,marketing,low
0.53,0.48,3,227,3,0,0,0,management,low
0.2,0.47,7,278,7,0,0,0,marketing,low
0.55,0.89,2,143,3,0,0,0,sales,low
0.58,0.76,7,264,5,0,0,0,support,low
0.14,0.36,2,258,10,0,1,0,management,medium
0.5,0.88,6,201,4,0,0,0,support,low
0.43,0.8,4,305,6,0,0,0,management,low
0.25,0.58,3,274,8,0,0,0,support,high
0.21,0.36,4,165,9,0,1,0,finance,low
0.17,0.48,4,222,2,1,0,0,support,medium
0.52,0.79,7,108,8,0,0,0,finance,medium
0.63,0.69,2,257,8,1,0,0,product_mng,high
0.14,0.36,6,101,4,0,0,0,support,medium
0.45,0.5,7,262,7,0,0,0,marketing,low
0.37,0.59,5,179,6,0,0,0,sales,low
0.44,0.87,4,157,7,1,0,0,management,high
0.54,0.36,2,292,8,0,0,0,finance,medium
0.31,0.66,4,228,6,0,0,0,product_mng,medium
0.35,0.62,7,121,4,0,1,0,finance,low
0.36,0.47,4,250,4,0,1,0,RandD,medium
0.1,0.58,2,271,7,0,1,0,management,low
0.66,0.73,6,181,4,0,0,0,support,low
0.45,0.55,4,217,5,0,0,0,IT,medium
0.16,0.57,7,294,5,0,0,0,hr,medium
0.05,0.94,4,115,2,0,0,0,technical,low
0.65,0.56,4,216,10,0,1,0,marketing,medium
0.54,0.59,2,155,10,0,0,0,marketing,low
0.49,0.67,5,259,3,1,0,0,technical,medium
0.38,0.53,7,223,7,0,1,0,hr,medium
0.33,0.78,5,217,10,1,0,0,technical,medium
0.16,0.65,3,247,8,1,1,0,technical,low
0.37,0.86,3,125,9,0,1,0,marketing,low
0.13,0.37,5,141,10,0,0,0,finance,low
0.28,0.38,6,165,2,0,0,0,marketing,low
0.72,0.66,4,130,10,0,0,0,RandD,low
0.22,0.74,5,294,3,0,0,0,management,medium
0.29,0.67,6,201,7,0,0,0,sales,medium
0.43,0.36,4,279,10,0,0,0,hr,low
0.23,0.85,7,277,5,0,0,0,product_mng,medium
0.54,0.41,6,211,9,0,0,0,sales,low
0.31,0.88,5,228,3,0,0,0,finance,medium
0.76,0.8,7,254,7,0,0,0,management,high
0.88,0.42,6,222,2,0,1,0,finance,low
0.43,0.51,6,193,9,0,0,0,management,low
0.42,0.36,5,231,5,0,0,0,technical,medium
0.6,0.84,4,302,5,0,0,0,hr,low
0.71,0.73,3,115,4,0,1,0,sales,low
0.22,0.44,4,106,7,0,0,0,RandD,low
0.34,0.44,7,252,2,0,0,0,product_mng,medium
0.51,0.6,2,123,7,0,1,0,IT,low
0.18,0.49,7,113,3,0,0,0,product_mng,medium
0.49,0.37,7,151,6,0,0,0,sales,high
0.46,0.62,3,143,3,0,0,0,marketing,medium
0.5,0.78,7,242,8,0,0,0,hr,low
0.55,0.71,3,307,4,0,1,0,sales,low
0.46,0.58,3,140,3,0,0,0,support,low
0.32,0.36,2,288,7,0,1,0,IT,medium
0.12,0.36,2,171,10,0,0,0,support,high
0.09,0.82,2,259,5,0,0,0,hr,medium
0.22,0.68,7,163,8,0,0,0,technical,low
0.58,0.46,3,310,4,0,1,0,IT,low
0.05,0.78,5,239,2,0,1,0,support,medium
0.06,0.68,5,119,8,0,0,0,technical,medium
0.31,0.67,4,272,2,0,0,0,finance,medium
0.71,0.36,2,306,8,1,0,0,RandD,medium
0.16,0.68,2,256,8,0,0,0,sales,low
0.05,0.81,3,176,5,0,0,0,product_mng,high
0.45,0.36,5,162,2,0,1,0,hr,low
0.17,0.74,4,241,4,0,1,0,technical,low
0.22,0.63,7,220,5,0,0,0,hr,low
0.27,0.36,5,151,7,0,1,0,support,medium
0.65,0.46,7,302,6,1,0,0,RandD,low
0.07,0.73,7,237,7,0,0,0,IT,low
0.72,0.93,2,272,6,1,0,0,IT,medium
0.34,0.38,6,189,9,0,0,0,finance,low
0.23,0.76,6,184,3,0,0,0,management,medium
0.58,0.57,6,284,8,0,0,0,hr,medium
0.42,0.61,4,103,4,0,0,0,technical,low
0.36,0.36,6,185,10,0,0,0,support,medium
0.31,0.71,3,105,10,1,0,0,hr,medium
0.65,0.53,4,105,2,1,1,0,support,low
0.63,0.66,6,141,2,0,0,0,technical,low
0.44,0.61,6,146,9,0,0,0,technical,low
0.33,0.44,2,218,4,0,0,0,IT,low
0.53,0.41,7,237,8,0,0,0,hr,low
0.18,0.7,2,163,6,0,0,0,finance,low
0.51,0.71,4,125,2,0,1,0,technical,medium
0.46,0.38,4,207,2,0,0,0,management,high
0.4,0.92,4,119,3,0,0,0,support,medium
0.56,0.36,4,225,4,0,0,0,marketing,low
0.41,0.59,2,219,7,0,1,0,RandD,medium
0.22,0.68,6,241,10,0,0,0,support,medium
0.3,0.9,5,111,9,0,0,1,technical,medium
0.4,0.74,4,189,4,0,0,0,management,low
0.46,0.79,7,233,6,1,0,0,support,low
0.58,0.7,3,143,2,0,1,0,marketing,low
0.24,0.57,7,163,8,0,0,0,product_mng,low
0.61,0.45,4,288,7,0,0,0,finance,medium
0.79,0.53,7,184,6,0,0,0,technical,medium
0.22,0.87,6,252,6,0,0,0,support,medium
0.58,0.73,4,277,9,0,1,0,sales,low
0.19,0.57,7,184,2,0,0,0,technical,low
0.25,0.68,6,193,8,0,1,0,hr,low
0.41,0.55,3,228,9,0,0,0,management,low
0.34,0.64,5,215,10,0,0,0,RandD,low
0.13,0.41,6,181,9,1,0,0,product_mng,low
0.71,0.53,6,114,7,0,0,0,sales,medium
0.21,0.86,4,146,7,1,0,0,finance,medium
0.45,0.73,6,203,4,0,1,0,product_mng,low
0.12,0.7,6,245,7,0,0,0,finance,medium
0.18,0.36,6,231,4,0,1,0,support,medium
0.11,0.53,7,259,4,0,0,0,technical,medium
0.3,0.64,3,286,9,0,0,0,management,low
0.17,0.82,3,242,5,0,0,0,marketing,medium
0.52,0.38,6,271,3,0,0,0,marketing,medium
0.4,0.63,5,154,6,0,0,0,marketing,medium
0.29,0.71,2,124,10,0,0,0,support,low
0.26,0.62,3,188,4,1,1,1,hr,low
0.62,0.83,6,222,3,0,0,0,marketing,low
0.31,0.93,2,175,7,0,1,0,finance,medium
0.3,0.4,2,199,10,0,0,0,management,medium
0.36,0.7,7,282,6,0,0,0,support,medium
0.38,0.47,4,213,4,0,0,0,marketing,medium
0.2,0.75,5,128,4,0,0,0,sales,medium
0.53,0.8,4,200,9,0,0,0,sales,low
0.64,0.62,6,281,5,0,0,0,hr,medium
0.13,0.5,2,180,6,1,0,0,technical,low
0.39,0.36,7,304,9,0,0,0,technical,low
0.62,0.38,2,156,8,0,1,0,support,medium
0.94,0.87,2,194,6,0,1,0,finance,low
0.67,0.36,4,145,6,0,1,0,hr,high
0.42,0.41,3,133,2,1,1,0,management,low
0.42,0.59,5,220,5,0,0,0,support,medium
0.62,0.36,2,222,4,0,0,0,marketing,low
0.04,0.36,5,141,4,0,1,0,technical,low
0.29,0.57,7,98,4,0,0,0,product_mng,medium
0.1,0.75,2,117,8,0,0,0,management,low
0.55,0.91,4,220,6,0,0,0,support,low
0.16,0.62,6,112,4,0,0,0,technical,medium
0.63,0.83,3,158,8,0,0,0,IT,low
0.23,0.46,6,103,6,0,0,0,support,medium
0.65,0.89,4,195,5,0,0,0,IT,medium
0.58,0.77,2,289,4,0,0,0,hr,low
0.42,0.66,7,179,8,0,0,0,sales,medium
0.8,0.62,5,203,2,0,0,0,hr,low
0.11,0.73,7,198,9,0,0,0,product_mng,medium
0.7,0.78,4,173,7,1,0,0,product_mng,medium
0.25,0.36,7,298,2,1,1,0,product_mng,medium
0.37,0.71,6,164,5,0,0,0,sales,medium
0.37,0.52,6,293,8,0,1,0,product_mng,low
0.41,0.66,6,249,8,1,0,0,RandD,low
0.28,0.65,7,126,10,0,0,0,RandD,low
0.33,0.71,2,273,5,1,0,0,hr,medium
0.2,0.36,6,283,5,1,0,0,sales,high
0.1,0.74,6,201,4,0,0,0,IT,medium
0.53,0.89,2,124,2,0,1,0,support,medium
0.7,0.81,2,152,3,0,0,0,product_mng,high
0.44,0.42,4,224,3,1,0,0,RandD,low
0.11,0.61,2,230,8,0,0,0,technical,low
0.3,0.43,7,253,3,0,0,0,sales,medium
0.4,0.7,5,274,5,1,0,0,RandD,medium
0.12,0.7,5,145,5,0,0,0,product_mng,medium
0.47,0.57,3,228,5,0,0,0,sales,low
0.33,0.68,2,285,9,0,0,0,IT,medium
0.26,0.87,6,103,7,1,1,0,product_mng,low
0.06,0.81,3,306,10,1,0,0,hr,medium
0.42,0.36,5,125,5,1,0,0,finance,low
0.42,0.82,7,134,5,0,0,0,product_mng,low
0.31,0.44,4,151,9,0,0,0,marketing,high
0.5,0.58,7,106,2,0,0,0,marketing,low
0.6,0.7,7,247,8,0,1,0,sales,medium
0.21,0.36,7,174,8,0,0,0,support,medium
0.17,0.77,7,161,4,0,0,0,technical,low
0.53,0.79,4,177,6,1,0,0,hr,low
0.27,0.52,3,284,9,0,1,0,IT,low
0.35,0.36,6,212,9,0,0,0,RandD,low
0.72,0.51,2,187,6,1,0,0,hr,low
0.53,0.61,4,136,10,0,1,0,finance,medium
0.19,0.69,6,260,6,1,0,1,product_mng,medium
0.24,0.52,2,135,8,0,0,0,IT,low
0.42,0.8,3,246,10,0,0,0,sales,medium
0.45,0.53,2,179,9,0,1,0,IT,medium
0.18,0.54,5,144,3,1,0,0,technical,low
0.54,0.65,6,225,2,0,0,0,hr,medium
0.55,0.88,4,245,5,0,0,0,finance,low
0.51,0.76,6,163,2,0,1,0,support,low
0.8,0.46,6,221,9,1,1,0,marketing,low
0.52,0.53,4,308,8,0,0,0,sales,medium
0.13,0.49,3,230,10,0,1,0,support,low
0.19,0.47,3,257,10,0,0,0,RandD,medium
0.31,0.56,2,277,6,1,1,0,management,medium
0.19,0.75,6,188,5,0,0,0,hr,low
0.47,0.55,3,213,4,0,0,0,product_mng,medium
0.2,0.53,7,100,5,0,0,0,product_mng,medium
0.25,0.73,3,299,5,0,0,0,RandD,low
0.1,0.69,5,253,6,0,0,0,finance,low
0.67,0.64,7,287,10,0,0,0,marketing,medium
0.35,0.41,2,273,10,1,1,0,marketing,high
0.74,0.88,6,246,10,1,1,0,product_mng,medium
0.39,0.65,6,160,7,0,1,0,RandD,low
0.3,0.59,4,285,8,0,0,0,marketing,low
0.47,0.54,4,281,7,0,0,0,hr,medium
0.17,0.36,2,131,8,0,0,0,RandD,low
0.21,0.91,5,265,2,0,1,0,support,low
0.66,0.36,5,191,6,0,1,0,product_mng,medium
0.57,0.4,3,166,9,0,0,0,sales,medium
0.29,0.61,3,116,3,0,0,0,hr,low
0.21,0.36,6,203,2,0,0,0,marketing,medium
0.74,0.82,7,113,5,0,1,0,marketing,low
0.2,0.47,6,166,8,0,0,0,sales,medium
0.48,0.49,5,307,2,0,0,0,support,low
0.51,0.78,7,263,3,0,0,0,support,medium
0.19,0.45,7,267,3,1,0,0,support,low
0.34,0.77,7,148,4,0,1,0,management,high
0.41,0.52,2,146,6,0,0,0,finance,high
0.49,0.56,5,262,3,0,1,0,support,low
0.1,0.46,3,212,9,0,0,0,finance,low
0.28,0.77,7,280,5,0,0,0,product_mng,low
0.52,0.44,6,227,6,0,0,0,hr,medium
0.6,0.81,5,115,3,0,0,0,technical,low
0.51,0.42,5,228,3,0,0,0,sales,low
0.04,0.44,7,233,7,0,0,0,RandD,low
0.57,0.66,2,136,4,1,1,0,technical,low
0.28,0.74,6,281,9,0,0,0,IT,low
0.1,0.36,3,204,10,0,0,0,management,low
0.51,0.85,2,165,8,0,1,0,IT,low
0.65,0.83,5,246,10,0,0,1,IT,medium
0.66,0.45,4,164,7,0,0,0,finance,low
0.45,0.63,5,246,8,1,1,0,sales,medium
0.42,0.55,7,171,8,0,0,0,technical,medium
0.32,0.8,5,186,10,0,0,0,product_mng,medium
0.67,0.5,7,270,3,0,0,0,product_mng,low
0.58,0.9,7,233,3,0,0,0,management,medium
0.41,0.8,3,100,9,0,0,0,sales,high
0.02,0.81,6,149,5,1,0,0,sales,medium
0.65,0.82,6,249,4,0,1,0,hr,low
0.09,0.61,7,208,4,0,0,0,management,low
0.31,0.41,5,157,9,0,0,0,RandD,low
0.37,0.52,4,252,4,0,0,0,sales,low
0.07,0.72,6,239,6,0,0,0,product_mng,low
0.33,0.48,2,116,9,0,0,0,finance,medium
0.17,0.7,6,230,8,0,0,0,hr,high
0.4,0.68,7,145,6,0,1,1,support,low
0.54,0.64,5,244,6,0,0,0,product_mng,medium
0.54,0.55,5,259,3,0,1,0,marketing,low
0.25,0.6,5,216,2,0,0,0,sales,low
0.61,0.57,4,259,10,0,1,0,RandD,low
0.63,0.68,6,108,7,0,0,0,IT,medium
0.49,0.77,7,303,6,0,1,0,technical,low
0.44,0.59,4,176,3,0,0,0,support,medium
0.28,0.36,2,201,2,0,0,0,marketing,low
0.21,0.87,3,166,5,1,0,0,IT,medium
0.67,0.36,4,175,3,0,0,0,technical,medium
0.29,0.36,4,255,10,0,0,0,finance,low
0.85,0.83,2,149,7,0,1,0,support,low
0.21,0.68,6,261,3,0,1,0,IT,low
0.81,0.74,3,195,8,0,1,0,sales,low
0.53,0.7,7,202,3,0,0,0,marketing,low
0.34,0.4,4,237,10,0,0,0,hr,medium
0.45,0.63,4,175,9,0,1,0,IT,medium
0.4,0.36,6,234,10,0,0,0,marketing,medium
0.36,0.63,5,173,2,0,0,0,IT,low
0.19,0.86,7,255,10,0,0,0,sales,low
0.08,0.6,6,285,10,0,0,0,product_mng,low
0.57,0.54,6,300,3,1,0,0,marketing,medium
0.59,0.41,6,160,3,0,0,0,RandD,low
0.32,0.36,3,134,4,0,0,0,management,high
0.31,0.72,3,198,6,0,0,0,sales,low
0.63,0.61,3,189,10,0,0,0,support,low
0.57,0.84,7,119,7,0,0,0,sales,low
0.15,0.63,5,304,3,0,1,0,IT,medium
0.63,0.6,7,174,10,0,0,0,IT,low
0.51,0.75,3,264,6,0,0,0,product_mng,low
0.4,0.48,4,137,9,0,1,0,marketing,medium
0.14,0.66,5,198,3,0,0,0,support,medium
0.11,0.36,7,164,10,0,0,0,support,low
0.5,0.65,4,296,2,0,0,0,marketing,medium
0.38,0.86,4,219,3,0,0,0,hr,medium
0.22,0.93,7,195,8,0,0,0,marketing,medium
0.82,0.78,3,163,7,0,0,0,technical,high
0.67,0.81,2,163,5,0,1,0,marketing,medium
0.15,0.68,5,160,8,0,1,0,marketing,low
0.12,0.68,7,209,3,0,0,0,sales,medium
0.42,0.36,3,157,8,0,1,0,hr,medium
0.52,0.61,4,183,7,0,0,0,management,medium
0.61,0.42,7,210,3,0,0,0,hr,medium
0.48,0.56,4,170,6,0,0,0,technical,low
0.45,0.56,7,153,4,0,0,0,marketing,medium
0.71,0.36,4,118,10,0,0,0,hr,low
0.85,0.58,4,106,3,0,0,0,marketing,low
0.51,0.36,7,185,6,0,0,0,hr,low
0.59,0.47,5,211,8,0,0,0,marketing,medium
0.1,0.59,2,101,9,0,1,0,finance,medium
0.82,0.44,6,308,9,0,0,0,hr,low
0.58,0.82,7,142,6,0,1,0,RandD,medium
0.15,0.56,3,178,4,0,1,0,sales,medium
0.4,0.36,5,251,2,1,0,0,technical,low
0.4,0.63,7,289,8,0,0,0,technical,medium
0.66,0.72,6,199,7,1,0,0,RandD,medium
0.61,0.37,7,119,2,0,0,0,IT,low
0.11,0.36,7,177,8,0,0,0,hr,low
0.59,0.43,5,294,4,0,1,0,product_mng,low
0.51,0.89,5,137,4,0,1,0,IT,low
0.35,0.95,6,107,9,0,1,0,finance,low
0.64,0.57,5,200,8,0,1,0,IT,medium
0.5,0.49,4,221,10,0,0,0,hr,low
0.3,0.63,7,234,7,0,0,0,hr,low
0.45,0.36,5,277,7,0,1,0,support,low
0.62,0.84,5,145,8,0,0,0,technical,low
0.25,0.76,6,252,6,0,1,0,sales,low
0.25,0.36,3,181,4,0,0,0,technical,medium
0.37,0.56,5,155,9,0,1,0,product_mng,medium
0.26,0.4,3,277,6,0,1,0,IT,low
0.46,0.36,2,98,5,0,0,0,finance,high
0.43,0.36,2,119,5,0,0,0,marketing,medium
0.27,0.42,4,278,8,1,1,0,product_mng,low
0.14,0.66,4,197,6,0,1,0,hr,low
0.4,0.47,6,210,8,0,0,0,RandD,low
0.45,0.71,7,186,10,0,0,0,management,medium
0.68,0.47,4,144,7,0,1,0,product_mng,low
0.09,0.95,5,286,4,0,0,0,marketing,low
0.34,0.65,3,201,9,1,0,0,hr,low
0.06,0.96,5,135,8,0,0,0,finance,low
0.07,0.77,5,223,8,1,0,0,RandD,low
0.47,0.7,6,156,2,0,0,0,technical,low
0.42,0.69,4,193,6,0,0,0,sales,medium
0.28,0.79,7,174,3,0,0,0,finance,low
0.3,0.65,5,305,8,0,0,0,RandD,low
0.35,0.52,6,170,9,1,1,0,marketing,low
0.09,0.53,5,183,10,1,0,0,RandD,medium
0.23,0.62,2,110,9,0,0,0,management,medium
0.3,0.38,6,182,6,0,1,0,IT,medium
0.62,0.57,2,172,5,0,0,0,marketing,low
0.46,0.88,6,99,8,0,0,0,support,low
0.53,0.79,7,264,5,0,1,0,support,low
0.3,0.66,4,231,7,0,0,0,IT,low
0.32,0.6,7,239,9,0,1,0,sales,low
0.32,0.78,3,294,6,0,0,0,RandD,low
0.08,0.38,3,184,2,0,1,0,IT,medium
0.25,0.87,3,242,9,0,0,0,technical,low
0.67,0.82,5,240,8,0,0,0,hr,low
0.4,0.39,2,125,10,0,1,0,management,medium
0.27,0.42,3,133,9,0,0,0,technical,high
0.5,0.48,3,238,9,0,1,0,technical,high
0.76,0.36,3,187,8,0,1,0,hr,medium
0.6,0.56,3,132,4,1,1,0,RandD,medium
0.25,0.81,7,179,7,0,0,0,finance,low
0.32,0.7,2,247,4,0,1,0,technical,low
0.48,0.69,2,226,9,0,0,0,management,low
0.6,0.55,7,97,3,0,0,0,sales,high
0.26,0.36,4,231,6,0,0,0,technical,medium
0.1,0.79,5,139,2,0,0,0,marketing,low
0.33,0.7,6,109,3,0,0,0,technical,low
0.38,0.64,4,144,6,0,0,0,RandD,low
0.16,0.93,3,300,4,0,0,0,IT,medium
0.6,0.39,3,233,6,0,0,0,technical,low
0.27,0.7,2,290,8,0,0,0,marketing,medium
0.4,0.42,6,111,5,0,0,0,management,low
0.42,0.39,7,120,3,1,0,0,management,medium
0.26,0.57,2,250,2,0,0,0,product_mng,low
0.72,0.43,5,176,3,0,0,0,sales,low
0.52,0.8,2,189,10,0,0,0,management,low
0.2,0.56,5,179,6,0,0,0,support,medium
0.35,0.38,4,306,2,0,0,0,product_mng,medium
0.22,0.49,5,160,3,0,0,0,sales,medium
0.22,0.36,6,186,2,1,0,0,product_mng,medium
0.38,0.73,7,284,3,0,0,0,RandD,low
0.53,0.72,3,284,6,0,0,0,technical,low
0.38,0.42,2,137,2,0,0,0,management,medium
0.49,0.49,4,205,7,0,1,0,technical,low
0.5,0.81,7,188,6,0,0,0,hr,medium
0.46,0.36,7,180,2,1,1,0,product_mng,medium
0.35,0.36,2,207,8,1,0,0,sales,medium
0.53,0.36,4,197,4,0,0,0,sales,low
0.46,0.58,7,242,2,0,1,0,finance,low
0.41,0.75,3,120,2,0,0,0,IT,low
0.45,0.93,7,196,6,1,0,0,RandD,medium
0.2,0.36,7,108,2,1,0,0,finance,high
0.33,0.71,6,212,5,0,0,0,product_mng,medium
0.23,0.69,6,141,10,0,0,0,support,low
0.18,0.88,7,123,5,0,0,0,hr,medium
0.73,0.84,5,183,2,1,1,0,sales,medium
0.39,0.83,5,106,5,0,0,0,support,medium
0.71,0.42,2,154,7,0,1,0,RandD,low
0.2,0.81,5,160,6,0,0,0,finance,low
0.42,0.48,6,174,5,0,0,0,sales,medium
0.25,0.6,7,179,5,0,0,0,IT,low
0.19,0.71,2,151,4,0,1,0,technical,medium
0.31,0.62,7,301,3,0,1,0,IT,low
0.46,0.36,3,104,3,0,0,0,RandD,low
0.87,0.36,3,283,2,0,0,0,management,low
0.49,0.63,3,269,3,0,0,0,support,medium
0.71,0.41,3,117,9,0,0,0,IT,medium
0.6,0.49,4,255,3,0,0,0,support,medium
0.08,0.69,7,136,9,0,1,0,technical,low
0.56,0.38,6,265,8,0,0,0,marketing,medium
0.61,0.68,2,276,2,0,0,0,finance,medium
0.78,0.8,4,302,4,0,0,0,support,medium
0.75,0.85,4,122,8,0,0,0,finance,low
0.36,0.96,3,282,4,0,1,0,RandD,medium
0.28,0.89,3,108,9,0,1,0,management,medium
0.43,0.48,3,266,2,0,0,0,RandD,medium
0.58,0.83,7,206,9,0,0,0,RandD,low
0.27,0.93,2,106,9,0,0,0,technical,medium
0.65,0.48,6,233,3,1,0,0,sales,low
0.73,0.68,3,307,3,0,0,0,finance,low
0.13,0.36,5,274,4,0,0,0,finance,medium
0.28,0.44,6,205,10,0,0,0,finance,medium
0.09,0.78,7,276,9,0,0,0,IT,low
0.23,0.93,4,304,9,1,0,0,technical,medium
0.49,0.39,7,297,3,0,0,0,marketing,low
0.27,0.63,3,114,9,0,0,0,technical,low
0.43,0.78,2,147,6,0,0,0,IT,medium
0.06,0.77,3,156,5,0,0,0,RandD,high
0.2,0.36,4,158,6,0,0,0,hr,low
0.13,0.57,2,309,7,1,0,0,product_mng,low
0.15,0.36,6,286,6,0,0,0,management,medium
0.43,0.36,2,291,4,0,0,0,product_mng,medium
0.4,0.86,2,277,6,0,1,0,technical,medium
0.55,0.36,7,273,4,0,0,0,sales,low
0.56,0.73,3,182,3,0,0,0,RandD,low
0.6,0.57,5,167,9,0,0,0,technical,medium
0.21,0.36,3,223,8,0,0,0,sales,high
0.58,0.75,3,294,2,0,0,0,hr,low
0.29,0.7,7,129,6,0,0,0,RandD,high
0.64,0.81,6,152,2,0,1,0,marketing,medium
0.6,0.92,6,128,5,0,1,0,sales,medium
0.31,0.36,5,282,3,0,1,0,IT,low
0.5,0.85,6,219,5,0,0,0,marketing,low
0.5,0.62,2,306,7,0,0,0,hr,low
0.13,0.73,4,198,9,0,1,0,support,medium
0.2,0.79,3,160,5,0,0,0,sales,medium
0.2,0.84,4,264,9,1,0,0,RandD,medium
0.5,0.56,5,135,6,1,0,0,RandD,low
0.22,0.36,3,201,10,1,0,0,management,low
0.09,0.4,6,226,4,1,0,0,hr,medium
0.4,0.71,5,297,9,0,0,0,hr,high
0.5,0.7,6,101,2,0,1,0,sales,low
0.19,0.56,3,185,3,0,0,0,support,low
0.54,0.6,6,291,4,0,0,0,hr,medium
0.42,0.65,3,220,2,0,1,0,IT,low
0.53,0.64,6,241,2,0,1,0,IT,low
0.7,0.64,6,209,10,1,0,0,product_mng,low
0.12,0.78,7,304,4,0,1,0,marketing,medium
0.42,0.36,4,267,7,0,0,0,hr,low
0.27,0.36,5,109,9,0,0,0,IT,medium
0.04,0.71,6,122,9,0,0,0,IT,medium
0.82,0.49,3,172,5,0,0,0,management,low
0.17,0.36,2,215,3,0,1,0,technical,low
0.33,0.65,7,251,4,0,0,0,support,medium
0.19,0.55,6,101,9,0,0,0,finance,medium
0.26,0.59,2,214,6,0,1,0,IT,low
0.65,0.78,5,132,2,0,0,0,hr,low
0.46,0.64,4,130,4,0,0,0,finance,medium
0.67,0.69,7,141,2,1,0,0,support,low
0.41,0.68,5,229,3,0,0,1,sales,medium
0.17,0.63,6,125,2,0,1,0,support,low
0.6,0.61,7,221,6,1,0,0,management,low
0.82,0.58,6,306,10,0,0,0,product_mng,low
0.56,0.48,5,277,5,1,0,0,RandD,low
0.68,0.66,4,245,7,0,1,1,marketing,low
0.16,0.38,7,219,8,0,0,0,product_mng,low
0.24,0.9,5,132,3,0,0,0,IT,low
0.28,0.54,6,237,10,0,0,0,marketing,low
0.08,0.36,5,137,8,0,0,0,marketing,medium
0.14,0.37,6,101,3,0,0,0,support,medium
0.71,0.79,3,97,7,0,0,0,finance,medium
0.61,0.57,7,272,10,0,0,0,RandD,medium
0.59,0.78,4,129,2,0,0,0,RandD,low
0.68,0.75,5,307,6,0,0,0,product_mng,medium
0.27,0.8,5,209,5,0,0,0,technical,medium
0.12,0.5,2,240,7,0,0,0,IT,medium
0.1,0.37,4,159,10,0,0,0,IT,medium
0.38,0.76,7,227,8,0,0,0,support,medium
0.58,0.67,2,138,6,0,0,0,IT,low
0.39,0.36,2,250,2,0,0,0,support,low
0.21,0.92,6,160,10,0,1,0,finance,medium
0.29,0.44,7,118,2,0,0,0,finance,medium
0.37,0.36,2,169,3,0,1,0,sales,medium
0.27,0.59,3,246,2,0,0,0,product_mng,low
0.11,0.68,2,245,8,1,1,0,IT,medium
0.41,0.4,5,292,10,0,0,0,support,low
0.25,0.56,2,191,2,0,0,0,technical,low
0.27,0.51,3,292,3,0,0,0,management,medium
0.27,0.89,7,243,6,0,0,0,RandD,low
0.26,0.81,4,168,3,0,1,0,support,medium
0.58,0.69,6,271,6,0,0,0,RandD,low
0.83,0.5,3,300,10,1,1,0,management,low
0.55,0.36,5,176,8,0,0,0,hr,low
0.54,0.8,5,154,9,0,0,0,hr,low
0.35,0.52,2,240,5,0,0,0,sales,low
0.77,0.36,2,280,4,0,0,0,hr,medium
0.21,0.6,2,181,9,0,0,0,RandD,low
0.19,0.87,2,176,9,0,0,0,RandD,low
0.76,0.7,7,159,3,0,1,0,sales,medium
0.57,0.59,6,141,7,0,0,0,technical,low
0.72,0.44,2,207,6,0,0,0,RandD,medium
0.42,0.69,7,133,4,0,1,0,product_mng,low
0.19,0.92,4,227,9,0,0,0,RandD,medium
0.28,0.7,6,203,2,0,0,0,marketing,low
0.14,0.79,6,127,4,0,0,0,technical,medium
0.63,0.54,4,144,7,0,1,0,sales,medium
0.37,0.9,7,126,6,0,0,0,marketing,medium
0.54,0.58,6,161,3,0,1,0,hr,medium
0.59,0.77,6,128,8,0,0,0,technical,low
0.47,0.44,6,166,2,0,0,0,technical,medium
0.19,0.6,7,116,4,0,1,0,hr,low
0.31,0.48,6,197,4,0,1,0,hr,low
0.07,0.67,7,243,10,0,0,0,technical,low
0.09,0.87,2,238,3,0,0,0,hr,low
0.35,0.77,2,247,6,0,1,0,IT,medium
0.52,0.67,3,105,3,1,0,0,support,medium
0.7,0.37,3,295,2,0,0,0,management,low
0.39,0.43,4,308,6,0,0,0,management,low
0.51,0.39,3,149,8,0,0,0,hr,low
0.11,0.69,2,117,4,0,0,0,hr,high
0.58,0.59,4,173,8,1,1,1,IT,low
0.32,0.91,2,210,5,0,0,0,RandD,low
0.53,0.63,6,220,4,0,0,0,support,medium
0.69,0.44,5,126,7,0,1,0,IT,low
0.46,0.36,5,216,10,0,0,0,RandD,low
0.36,0.97,7,188,10,1,0,0,management,medium
0.55,0.66,3,109,2,0,0,0,management,medium
0.58,0.68,2,113,6,0,0,0,management,medium
0.18,0.4,2,156,3,0,1,0,management,medium
0.45,0.36,7,102,2,0,0,0,hr,low
0.41,0.36,4,237,8,0,0,0,management,medium
0.55,0.76,5,275,9,0,0,0,sales,medium
0.45,0.78,3,207,10,0,0,0,technical,low
0.26,0.53,3,271,8,0,0,0,sales,low
0.37,0.7,3,177,9,0,0,0,support,low
0.22,0.84,3,166,7,1,0,0,management,medium
0.07,0.83,2,297,3,0,0,0,hr,low
0.42,0.36,6,210,3,0,0,0,support,low
0.39,0.45,4,245,6,0,1,0,IT,low
0.4,0.88,3,161,8,0,1,0,IT,medium
0.47,0.72,4,211,7,0,0,0,support,low
0.45,0.71,5,264,3,1,0,0,support,medium
0.63,0.36,7,242,4,1,1,0,product_mng,low
0.35,0.53,7,209,4,0,0,0,marketing,low
0.76,0.64,3,138,5,0,1,0,marketing,high
0.57,0.84,3,295,5,0,0,0,product_mng,medium
0.39,0.5,5,214,8,0,0,0,IT,medium
0.5,0.39,3,260,2,0,0,0,hr,high
0.31,0.68,3,119,4,0,0,0,finance,medium
0.56,0.94,5,301,9,0,0,0,technical,medium
0.28,0.47,5,282,3,1,0,0,sales,high
0.47,0.79,2,125,2,0,0,0,finance,low
0.6,0.36,4,283,10,0,1,0,finance,high
0.47,0.43,3,277,6,0,0,0,IT,low
0.48,0.36,5,287,2,0,0,0,RandD,low
0.62,0.42,5,99,3,0,0,1,product_mng,low
0.54,0.47,6,284,5,0,0,0,IT,low
0.77,0.61,4,161,8,0,0,0,finance,high
0.53,0.76,6,125,8,0,1,0,hr,low
0.57,0.59,3,297,6,0,0,0,management,medium
0.41,0.92,5,254,2,0,1,0,RandD,medium
0.27,0.39,3,201,7,1,0,0,support,low
0.36,0.45,7,207,7,1,0,0,product_mng,low
0.19,0.81,7,279,7,0,0,0,RandD,medium
0.57,0.46,2,246,8,0,1,0,finance,medium
0.71,0.66,4,280,8,0,0,0,product_mng,low
0.81,0.79,3,270,6,0,0,0,support,low
0.56,0.37,7,105,8,0,0,0,technical,low
0.46,0.58,4,306,2,1,0,0,sales,low
0.48,0.47,5,179,8,0,0,0,finance,low
0.59,0.72,7,258,2,0,0,0,technical,medium
0.61,0.87,3,201,6,0,0,0,management,low
0.23,0.48,6,140,7,0,0,0,management,medium
0.33,0.58,2,181,4,0,1,0,management,low
0.14,0.66,7,210,3,1,0,0,IT,low
0.22,0.54,6,226,9,0,0,0,management,medium
0.4,0.57,2,109,5,0,1,0,RandD,medium
0.63,0.71,2,96,7,1,0,0,product_mng,medium
0.69,0.57,4,139,9,0,1,0,management,medium
0.13,0.79,3,98,10,0,0,0,IT,low
0.24,0.38,3,245,3,0,0,0,hr,low
0.5,0.36,5,202,10,0,1,0,technical,medium
0.32,0.36,7,169,10,0,0,1,hr,medium
0.17,0.75,7,249,6,0,1,0,finance,medium
0.32,0.74,2,169,2,0,0,0,sales,low
0.16,0.56,6,253,6,0,0,0,marketing,low
0.16,0.53,6,129,2,0,0,0,support,high
0.36,0.55,3,109,10,0,0,1,support,medium
0.38,0.77,6,302,9,0,0,0,finance,medium
0.39,0.63,5,157,7,0,0,0,finance,low
0.13,0.66,7,243,4,0,0,0,technical,medium
0.5,0.8,7,256,2,0,1,0,hr,medium
0.24,0.54,7,117,8,0,0,0,RandD,low
0.28,0.72,6,164,7,0,1,0,marketing,low
0.18,0.56,7,202,9,0,0,0,support,medium
0.82,0.4,7,264,3,0,0,0,product_mng,low
0.88,0.44,2,182,10,1,0,0,management,low
0.21,0.47,5,177,6,0,0,0,hr,medium
0.42,0.76,4,197,7,1,1,0,support,medium
0.32,0.68,6,235,4,1,0,0,technical,low
0.21,0.36,7,146,3,0,1,0,marketing,medium
0.4,0.45,2,199,7,1,0,0,RandD,low
0.06,0.84,6,172,10,0,0,0,sales,low
0.08,0.83,5,228,2,1,0,0,finance,medium
0.31,0.61,3,308,6,0,0,0,IT,low
0.04,0.65,4,303,3,0,0,0,hr,low
0.4,0.36,2,303,8,0,0,0,hr,medium
0.2,0.45,2,208,3,0,0,0,RandD,low
0.36,0.59,5,207,8,0,0,0,finance,low
0.38,0.54,4,294,4,0,0,0,finance,high
0.62,0.51,4,189,10,0,1,0,hr,medium
0.35,0.75,2,298,2,0,0,0,IT,low
0.55,0.76,6,133,4,0,0,0,hr,medium
0.13,0.62,3,159,3,0,0,0,hr,low
0.41,0.36,7,293,7,0,0,0,RandD,medium
0.39,0.36,4,158,2,0,0,0,IT,low
0.5,0.84,6,127,6,0,0,0,sales,medium
0.35,0.36,7,171,8,0,0,0,sales,medium
0.69,0.68,4,234,2,0,0,0,product_mng,medium
0.52,0.52,6,247,8,0,0,0,management,low
0.49,0.58,3,258,9,0,0,0,hr,medium
0.3,0.79,3,301,6,0,1,0,support,high
0.52,0.82,2,229,10,0,1,0,management,high
0.7,0.84,7,303,8,0,0,0,product_mng,low
0.43,0.78,7,261,3,0,0,0,technical,low
0.3,0.87,7,275,7,0,0,0,RandD,medium
0.5,0.39,7,213,3,0,0,0,hr,medium
0.35,0.46,4,167,6,0,1,0,IT,low
0.6,0.83,6,208,6,0,0,0,marketing,low
0.42,0.79,7,216,5,0,0,0,IT,low
0.23,0.8,4,145,10,1,0,0,hr,medium
0.81,0.62,7,225,2,0,1,0,support,medium
0.67,0.66,4,140,7,0,1,0,finance,high
0.61,0.36,7,277,7,1,0,0,IT,high
0.39,0.75,3,293,7,0,0,0,RandD,low
0.38,0.45,5,161,2,0,0,0,IT,low
0.61,0.65,3,283,8,0,0,0,sales,medium
0.14,0.56,2,262,4,0,0,0,sales,low
0.39,0.71,7,206,2,0,1,0,marketing,high
0.48,0.58,6,187,9,0,0,0,finance,medium
0.25,0.4,5,179,3,1,0,0,sales,low
0.23,0.76,5,156,10,0,1,0,product_mng,medium
0.71,0.69,5,188,4,1,0,0,finance,low
0.66,0.52,7,270,2,0,0,0,IT,medium
0.29,0.43,6,256,4,0,1,0,sales,high
0.12,0.97,6,276,4,0,1,0,technical,medium
0.08,0.85,7,157,10,0,0,0,hr,low
0.45,0.54,7,230,6,0,0,0,hr,medium
0.92,0.41,3,298,2,0,0,0,sales,medium
0.4,0.36,2,206,6,0,0,0,finance,low
0.15,0.63,7,268,7,0,1,0,hr,low
0.51,0.83,6,129,10,1,1,0,support,medium
0.29,0.78,6,123,4,0,0,0,finance,medium
0.36,0.53,5,305,5,0,0,0,RandD,low
0.5,0.36,7,234,2,0,1,0,marketing,low
0.11,0.85,6,120,9,1,1,0,finance,low
0.79,0.93,4,302,4,0,0,0,technical,low
0.42,0.46,5,268,4,1,1,0,finance,low
0.47,0.81,5,225,7,0,0,0,finance,low
0.25,0.85,5,248,9,0,0,0,technical,high
0.12,0.67,2,308,6,0,1,0,finance,low
0.37,0.59,3,210,9,0,0,0,hr,medium
0.32,0.42,2,139,4,1,0,0,finance,low
0.61,0.42,3,172,5,0,0,0,RandD,medium
0.17,0.52,7,257,10,0,0,0,hr,low
0.65,0.87,7,206,7,0,1,0,support,medium
0.08,0.74,2,101,2,0,1,0,technical,medium
0.51,0.44,7,294,2,1,0,0,support,low
0.15,0.7,3,167,8,0,0,0,RandD,low
0.1,0.38,4,149,2,0,1,0,finance,low
0.44,0.74,7,139,7,0,0,0,product_mng,high
0.36,0.66,3,263,6,0,1,0,product_mng,high
0.9,0.44,6,256,7,0,0,0,IT,low
0.35,0.9,3,153,4,0,0,0,hr,low
0.5,0.48,4,267,4,0,0,0,sales,low
0.21,0.36,4,171,4,0,0,0,marketing,medium
0.46,0.42,4,242,5,1,0,0,sales,medium
0.38,0.78,2,167,3,0,0,0,IT,medium
0.09,0.9,7,142,4,0,0,0,RandD,medium
0.61,0.7,7,309,7,0,1,0,marketing,low
0.71,0.45,4,245,8,0,1,0,support,low
0.37,0.74,7,249,2,1,0,0,sales,medium
0.8,0.36,7,103,7,0,0,0,technical,low
0.41,0.52,6,137,8,0,0,0,support,medium
0.4,0.94,3,108,5,0,0,0,support,high
0.34,0.65,6,122,8,0,1,0,hr,medium
0.25,0.7,3,309,5,0,0,0,technical,medium
0.54,0.36,4,99,4,0,1,0,finance,low
0.42,0.61,3,270,6,0,1,0,IT,low
0.77,0.69,2,264,9,0,0,0,product_mng,high
0.07,0.76,5,254,10,0,1,0,support,low
0.52,0.92,2,289,10,0,0,0,RandD,low
0.17,0.48,6,188,6,0,0,0,RandD,low
0.4,0.72,4,186,9,0,1,0,marketing,low
0.36,0.79,5,98,6,0,0,0,IT,medium
0.04,0.87,7,180,8,0,0,0,management,medium
0.16,0.96,2,149,9,0,0,0,RandD,low
0.74,0.67,4,194,7,0,0,0,marketing,low
0.36,0.61,5,301,6,1,0,0,technical,medium
0.59,0.36,6,151,8,0,1,0,technical,high
0.41,0.59,2,99,6,0,0,0,RandD,medium
0.3,0.47,4,225,5,0,1,0,management,medium
0.12,0.36,5,136,6,0,1,0,marketing,low
0.81,0.71,5,262,6,1,0,0,support,medium
0.58,0.36,5,249,4,1,0,0,support,low
0.57,0.57,2,168,8,0,0,0,support,low
0.23,0.36,6,299,10,0,1,0,support,low
0.56,0.56,6,290,4,0,1,0,management,low
0.08,0.76,7,148,7,0,0,0,product_mng,medium
0.08,0.38,3,243,6,0,1,0,product_mng,medium
0.43,0.93,3,239,8,0,0,0,sales,low
0.22,0.77,6,254,4,0,0,0,management,medium
0.24,0.36,4,215,7,0,1,0,support,medium
0.25,0.51,5,269,8,0,0,0,support,low
0.26,0.45,4,227,9,0,0,0,support,high
0.17,0.91,4,213,4,0,0,0,sales,low
0.8,0.89,4,125,6,1,0,0,support,low
0.28,0.49,7,232,9,0,0,0,sales,medium
0.3,0.36,5,110,2,0,0,0,sales,medium
0.18,0.74,4,240,10,0,1,0,management,medium
0.36,0.71,2,298,7,0,0,0,management,low
0.83,0.38,4,136,5,0,0,0,sales,medium
0.35,0.72,6,143,3,0,0,0,RandD,low
0.71,0.75,2,200,4,0,1,0,IT,low
0.41,0.92,3,234,4,0,0,0,management,low
0.29,0.65,4,219,2,0,0,0,marketing,low
0.04,0.36,6,232,3,1,0,0,IT,low
0.35,0.73,7,125,7,0,0,1,RandD,low
0.4,0.36,2,130,5,0,0,0,marketing,low
0.23,0.59,7,170,6,0,0,0,support,medium
0.31,0.91,5,220,5,1,0,0,sales,low
0.2,0.55,4,162,6,0,0,0,finance,high
0.25,0.36,3,132,5,0,0,0,IT,low
0.2,0.77,6,283,4,0,1,0,marketing,medium
0.38,0.48,7,212,8,0,0,0,IT,low
0.18,0.36,2,288,10,0,0,0,IT,medium
0.68,0.58,5,206,5,1,0,0,technical,low
0.46,0.49,2,242,6,0,0,0,RandD,medium
0.19,0.36,5,224,9,0,0,0,management,medium
0.21,0.9,6,132,8,0,0,0,support,medium
0.28,0.83,2,238,7,0,0,0,hr,high
0.59,0.59,2,151,10,0,0,0,RandD,low
0.53,0.76,7,194,3,0,1,0,hr,low
0.16,0.73,2,303,2,0,0,0,hr,medium
0.75,0.85,6,100,9,0,0,0,marketing,low
0.3,0.36,2,110,6,0,0,0,management,low
0.32,0.63,7,198,8,1,1,0,hr,medium
0.29,0.36,7,262,8,0,0,0,sales,low
0.35,0.83,2,274,6,0,0,0,RandD,medium
0.4,0.79,2,216,3,0,1,0,RandD,medium
0.24,0.36,4,216,5,0,0,0,hr,medium
0.27,0.41,2,224,7,0,0,0,hr,medium
0.23,0.85,7,107,7,0,0,0,RandD,low
0.19,0.4,6,131,2,0,0,0,hr,low
0.32,0.42,6,196,4,0,1,0,technical,medium
0.31,0.43,2,283,6,0,1,0,sales,low
0.56,0.4,5,227,3,1,1,0,marketing,low
0.47,0.58,2,117,5,0,0,0,marketing,low
0.42,0.84,4,299,6,0,0,0,finance,medium
0.48,0.83,3,128,2,0,1,0,hr,medium
0.65,0.36,3,197,6,0,1,0,marketing,low
0.57,0.46,4,226,5,0,0,0,RandD,high
0.49,0.55,5,270,8,0,1,0,RandD,medium
0.11,0.55,2,228,6,0,0,0,sales,medium
0.23,0.36,2,174,2,0,0,0,hr,medium
0.37,0.7,6,270,2,0,0,0,support,low
0.54,0.94,7,277,5,0,0,0,support,low
0.51,0.65,2,102,10,1,0,0,management,medium
0.26,0.43,4,231,9,0,1,0,product_mng,medium
0.14,0.45,7,245,5,0,0,0,finance,medium
0.38,0.84,2,113,6,0,0,0,IT,high
0.14,0.69,6,231,8,0,0,0,technical,low
0.35,0.42,4,109,4,1,1,0,IT,low
0.38,0.77,3,163,10,0,0,0,RandD,low
0.16,0.65,6,240,5,0,0,0,marketing,medium
0.56,0.73,6,219,10,1,0,0,product_mng,low
0.69,0.68,2,171,4,1,1,0,RandD,low
0.38,0.79,5,179,7,0,0,0,marketing,low
0.3,0.4,3,189,3,0,0,1,hr,medium
0.58,0.47,4,269,6,0,0,0,RandD,medium
0.47,0.52,4,136,4,0,0,0,product_mng,medium
0.2,0.36,6,230,6,0,0,1,RandD,low
0.55,0.62,5,162,10,0,0,0,marketing,high
0.25,0.61,2,116,5,0,0,0,marketing,low
0.85,0.66,3,303,4,0,0,0,hr,low
0.4,0.36,4,193,2,0,1,0,RandD,high
0.54,0.61,3,195,3,0,0,0,hr,medium
0.79,0.8,7,310,2,0,0,0,marketing,low
0.35,0.44,4,253,3,0,0,0,RandD,low
0.09,0.78,4,117,7,0,1,0,marketing,medium
0.2,0.36,4,114,5,0,1,0,finance,medium
0.51,0.81,7,218,9,0,0,0,RandD,medium
0.44,0.52,4,251,3,0,0,0,RandD,medium
0.14,0.36,6,98,6,0,0,0,hr,medium
0.49,0.72,3,214,8,0,0,0,management,medium
0.57,0.46,2,279,2,0,0,0,technical,low
0.35,0.36,4,127,3,0,0,0,management,medium
0.84,0.81,6,309,2,0,1,0,finance,low
0.26,0.48,6,237,6,0,0,0,technical,medium
0.45,0.56,4,270,7,0,1,0,RandD,medium
0.19,0.46,7,299,6,0,0,0,finance,high
0.19,0.42,2,299,6,0,0,0,marketing,low
0.2,0.36,5,207,2,0,0,0,marketing,low
0.49,0.36,3,284,2,0,1,0,finance,medium
0.29,0.36,5,211,3,0,0,0,sales,low
0.37,0.65,6,106,6,0,0,0,sales,medium
0.48,0.6,2,165,10,0,1,0,support,medium
0.16,0.73,6,277,4,0,1,0,product_mng,low
0.29,0.66,4,104,8,0,1,0,marketing,medium
0.57,0.42,2,151,9,1,0,0,sales,low
0.75,0.36,2,222,6,0,1,0,support,high
0.59,0.47,6,177,10,0,0,0,product_mng,low
0.37,0.36,2,177,5,0,1,0,finance,low
0.5,0.54,4,145,2,1,0,0,management,low
0.48,0.74,5,157,9,0,0,0,IT,medium
0.5,0.8,6,235,5,1,0,0,IT,high
0.37,0.36,3,184,4,0,0,0,hr,medium
0.26,0.69,6,294,8,0,0,0,sales,low
0.42,0.55,7,294,5,0,0,0,technical,high
0.89,0.77,6,203,3,0,0,0,technical,high
0.6,0.42,5,122,3,0,0,0,product_mng,medium
0.38,0.36,4,284,7,1,0,0,marketing,medium
0.65,0.65,3,175,3,1,0,0,management,low
0.1,0.48,7,280,2,1,0,0,IT,low
0.37,0.92,6,282,3,0,0,0,management,medium
0.59,0.36,3,240,6,0,0,0,product_mng,medium
0.65,0.61,4,173,10,0,1,0,hr,high
0.28,0.66,6,100,10,0,1,0,support,low
0.15,0.5,5,96,3,0,0,0,management,low
0.5,0.61,4,269,9,1,0,0,RandD,medium
0.39,0.92,4,201,6,1,0,0,finance,low
0.57,0.87,2,167,4,0,1,0,IT,low
0.5,0.62,2,172,4,0,0,0,marketing,low
0.53,0.86,7,97,3,0,0,0,RandD,medium
0.47,0.69,3,285,4,1,0,0,hr,medium
0.48,0.57,2,228,10,0,0,0,sales,low
0.11,0.36,5,252,4,0,1,0,IT,medium
0.22,0.53,3,241,7,0,0,0,RandD,high
0.46,0.36,2,223,8,0,1,0,RandD,low
0.28,0.91,3,303,8,0,1,0,marketing,low
0.7,0.43,2,206,5,0,0,0,sales,low
0.4,0.54,7,112,2,0,0,0,marketing,high
0.7,0.74,7,309,6,0,0,0,RandD,medium
0.13,0.79,6,169,7,0,1,0,finance,low
0.75,0.49,7,207,9,0,1,0,finance,low
0.23,0.61,7,286,6,0,0,0,marketing,medium
0.08,0.36,7,273,3,0,0,0,finance,medium
0.15,0.36,6,175,5,0,0,0,support,medium
0.81,0.61,4,206,6,0,0,0,marketing,medium
0.33,0.72,7,219,10,0,0,0,management,high
0.41,0.66,5,160,9,0,0,0,hr,high
0.31,0.53,4,274,7,0,0,0,IT,low
0.43,0.57,4,153,5,0,0,0,RandD,medium
0.69,0.65,4,177,3,0,0,0,hr,low
0.45,0.36,5,99,10,0,1,0,support,low
0.69,0.53,5,250,4,1,1,0,marketing,low
0.5,0.64,4,142,2,0,0,0,IT,medium
0.25,0.36,6,262,5,0,1,0,RandD,low
0.4,0.58,7,98,6,0,1,0,RandD,low
0.17,0.57,6,170,9,0,0,0,hr,low
0.31,0.71,3,237,3,1,0,0,support,high
0.45,0.92,6,185,3,0,0,0,technical,medium
0.37,0.45,3,288,9,0,1,0,IT,low
0.38,0.92,5,146,10,0,1,0,marketing,medium
0.66,0.56,6,300,8,0,0,0,marketing,medium
0.28,0.88,4,221,3,0,1,0,product_mng,medium
0.5,0.46,7,264,9,0,0,0,marketing,medium
0.37,0.59,3,222,8,0,0,0,management,medium
0.7,0.56,7,171,8,0,0,0,product_mng,low
0.16,0.98,5,181,7,1,1,0,management,medium
0.75,0.7,5,111,3,0,1,0,sales,medium
0.25,0.37,3,171,7,0,0,0,product_mng,medium
0.21,0.41,7,136,2,0,0,1,support,low
0.71,0.59,3,157,9,0,0,0,hr,low
0.39,0.5,2,263,7,0,1,0,product_mng,high
0.68,0.67,2,145,10,0,0,0,product_mng,medium
0.2,0.36,2,268,10,0,0,0,marketing,medium
0.15,0.85,3,296,2,0,0,0,management,medium
0.28,0.56,5,145,7,0,0,0,product_mng,medium
0.1,0.41,5,139,4,0,0,0,management,low
0.3,0.73,3,266,4,0,0,0,sales,low
0.73,0.89,2,166,4,0,0,0,technical,high
0.49,0.43,4,236,4,0,0,0,finance,low
0.36,0.73,2,239,7,0,0,0,marketing,low
0.35,0.56,5,187,3,0,0,0,management,medium
0.25,0.36,3,249,7,0,0,0,IT,medium
0.44,0.82,3,203,10,0,0,0,technical,medium
0.21,0.99,6,180,9,0,0,0,technical,low
0.47,0.42,5,309,6,0,0,0,hr,medium
0.52,0.76,4,134,4,0,0,0,IT,medium
0.09,0.38,4,178,5,0,0,0,support,medium
0.54,0.54,4,199,6,0,1,0,hr,low
0.3,0.77,6,199,3,0,0,0,technical,low
0.09,0.49,6,172,3,0,0,0,sales,low
0.44,0.94,2,155,7,1,1,0,product_mng,low
0.61,0.52,4,207,2,0,0,0,marketing,low
0.27,0.36,4,250,4,1,0,0,marketing,low
0.08,0.47,3,274,8,0,1,0,finance,medium
0.14,0.9,4,293,5,0,0,0,finance,low
0.16,0.8,2,146,5,0,0,0,hr,low
0.23,0.72,6,181,3,0,0,0,marketing,medium
0.76,0.49,7,279,4,0,0,0,hr,low
0.52,0.96,5,169,2,1,1,0,product_mng,low
0.43,0.58,5,224,9,0,0,0,marketing,low
0.26,0.84,5,221,2,1,1,0,marketing,low
0.41,0.7,2,158,8,0,0,0,IT,low
0.61,0.36,2,237,2,0,0,0,marketing,low
0.62,0.85,6,208,5,1,0,0,support,low
0.38,0.85,6,243,7,0,0,0,product_mng,medium
0.27,0.51,3,271,6,0,1,0,product_mng,medium
0.43,0.55,2,163,4,1,0,0,product_mng,low
0.4,0.87,7,178,10,0,0,0,support,low
0.22,0.61,3,148,10,0,0,0,RandD,low
0.38,0.68,5,187,9,0,0,0,management,medium
0.46,0.36,5,280,9,0,0,0,finance,medium
0.55,0.71,7,255,9,0,1,0,technical,low
0.3,0.71,5,159,4,0,0,0,IT,low
0.19,0.88,3,238,6,0,0,0,IT,low
0.32,0.45,4,308,9,0,1,0,product_mng,medium
0.39,0.77,6,165,2,0,0,0,RandD,high
0.13,0.61,6,102,10,0,0,0,management,low
0.14,0.94,7,222,7,0,0,0,hr,medium
0.41,0.55,3,115,7,0,1,0,RandD,low
0.07,0.52,3,310,3,0,0,0,RandD,high
0.56,0.81,4,182,7,0,0,0,sales,medium
0.44,0.73,5,111,9,1,0,0,hr,medium
0.29,0.72,7,279,5,0,1,0,RandD,low
0.28,0.68,3,301,2,1,0,0,sales,medium
0.49,0.57,5,310,2,1,0,0,sales,medium
0.29,0.36,4,299,2,0,0,0,hr,medium
0.28,0.77,6,117,8,0,0,0,hr,low
0.35,0.58,3,166,6,0,0,0,technical,low
0.76,0.59,4,269,6,1,0,0,finance,low
0.13,0.77,3,233,6,0,1,0,marketing,medium
0.3,0.53,2,309,9,1,1,0,management,medium
0.32,0.67,2,245,6,0,1,0,RandD,medium
0.5,0.46,6,127,2,0,1,0,management,medium
0.57,0.81,5,285,4,0,1,0,marketing,low
0.35,0.36,7,198,9,1,1,0,hr,medium
0.16,0.66,7,208,8,0,0,0,hr,medium
0.44,0.66,3,194,2,0,0,0,management,medium
0.25,0.68,4,281,3,0,1,0,product_mng,low
0.43,0.61,5,240,5,0,0,0,marketing,low
0.22,0.36,3,284,2,1,0,0,sales,medium
0.19,0.87,5,289,10,0,0,0,marketing,medium
0.18,0.43,3,303,4,0,0,0,sales,medium
0.55,0.36,5,278,10,0,1,0,sales,medium
0.15,0.76,3,216,8,1,1,0,hr,low
0.38,0.9,7,179,3,0,0,0,IT,low
0.46,0.69,5,136,3,0,0,0,IT,low
0.55,0.36,2,269,4,0,0,0,RandD,low
0.29,0.52,4,272,7,0,0,0,hr,medium
0.39,0.36,5,209,5,0,0,0,hr,medium
0.41,0.36,7,102,7,0,1,0,hr,low
0.16,0.63,6,200,3,0,0,0,sales,medium
0.1,0.39,5,160,10,0,0,0,management,medium
0.32,0.78,4,309,10,0,1,0,finance,low
0.66,0.71,4,105,5,0,0,0,product_mng,low
0.24,0.44,3,216,4,0,0,0,support,low
0.61,0.87,6,182,7,0,0,0,support,low
0.54,0.36,3,143,4,0,1,0,sales,medium
0.18,0.59,7,144,5,0,0,0,finance,low
0.77,0.73,2,304,6,0,0,0,hr,medium
0.68,0.61,2,228,4,1,0,0,management,medium
0.15,0.36,2,281,6,0,0,0,finance,low
0.55,0.65,6,208,9,0,0,0,hr,low
0.49,0.88,6,255,10,0,0,0,marketing,low
0.31,0.74,6,242,10,0,0,0,marketing,low
0.43,0.66,5,204,7,0,0,0,management,low
0.18,0.78,4,225,9,0,0,0,RandD,low
0.08,0.36,2,170,3,0,0,0,technical,low
0.63,0.61,7,254,2,0,1,0,technical,medium
0.64,0.47,4,104,2,0,1,0,technical,medium
0.26,0.79,4,192,2,0,0,0,management,medium
0.85,0.89,4,163,10,0,1,0,sales,low
0.71,0.69,2,183,9,0,0,0,hr,medium
0.06,0.53,3,187,3,0,0,0,marketing,low
0.32,0.77,7,164,4,0,1,0,support,medium
0.82,0.67,7,157,6,0,0,0,management,medium
0.19,0.7,3,163,8,1,0,0,technical,medium
0.28,0.6,5,153,10,0,0,0,finance,medium
0.09,0.79,7,258,7,0,0,0,technical,low
0.43,0.4,5,301,6,0,0,0,marketing,low
0.09,0.89,3,310,2,0,0,0,marketing,low
0.05,0.77,3,202,7,0,0,0,technical,low
0.06,0.52,2,175,5,0,0,0,technical,low
0.19,0.36,2,176,3,0,0,0,IT,medium
0.32,0.5,4,134,7,0,1,0,finance,medium
0.39,0.49,3,226,4,0,0,0,IT,low
0.17,0.47,7,205,9,0,1,0,marketing,medium
0.62,0.86,3,250,4,0,0,0,RandD,low
0.52,0.52,6,288,5,0,0,0,marketing,low
0.1,0.65,5,103,10,0,1,0,hr,low
0.54,0.88,4,211,4,0,0,0,finance,low
0.45,0.56,5,309,3,0,0,0,product_mng,low
0.18,0.69,6,202,8,0,0,0,management,medium
0.4,0.45,6,310,6,0,1,0,sales,medium
0.37,0.75,6,174,7,0,0,0,marketing,medium
0.65,0.78,4,257,10,0,0,0,RandD,low
0.32,0.6,6,265,2,0,1,0,product_mng,low
0.6,0.36,6,124,9,0,0,0,management,low
0.42,0.44,3,286,4,0,0,0,product_mng,medium
0.41,0.54,3,120,10,0,0,0,IT,low
0.84,0.44,3,271,2,0,0,0,product_mng,medium
0.14,0.91,6,133,10,0,0,0,marketing,high
0.15,0.63,7,120,8,0,1,0,management,medium
0.39,0.72,6,237,8,1,0,0,RandD,low
0.08,0.72,2,146,3,0,1,0,sales,low
0.27,0.43,4,111,6,0,1,0,technical,medium
0.69,0.46,7,300,9,0,0,0,hr,medium
0.54,0.57,5,292,2,0,0,0,management,low
0.68,0.45,3,105,2,0,0,0,RandD,medium
0.27,0.49,7,207,7,0,0,0,product_mng,medium
0.22,0.79,4,158,8,0,0,0,hr,low
0.49,0.36,5,273,7,1,0,0,sales,high
0.47,0.38,2,112,5,0,0,0,finance,medium
0.46,0.88,4,272,5,0,0,0,support,medium
0.3,0.75,2,231,2,0,0,0,hr,low
0.14,0.36,5,245,2,0,0,0,product_mng,low
0.45,0.7,4,229,8,0,0,0,IT,low
0.49,0.67,3,129,8,0,0,0,sales,medium
0.64,0.52,6,297,2,0,0,0,finance,low
0.51,0.68,6,100,5,0,1,0,marketing,medium
0.13,0.65,5,243,8,0,0,0,technical,low
0.28,0.38,2,187,2,0,0,0,technical,medium
0.37,0.36,4,109,8,0,0,0,IT,low
0.56,0.55,5,257,7,1,0,0,RandD,medium
0.39,0.4,6,135,4,1,1,0,support,low
0.16,0.46,5,153,6,1,0,0,technical,medium
0.58,0.85,2,259,2,0,0,0,IT,medium
0.27,0.37,6,210,8,1,0,0,RandD,medium
0.55,0.9,6,237,10,0,1,0,hr,low
0.55,0.36,4,276,8,1,0,0,sales,low
0.45,0.59,5,150,2,0,0,0,product_mng,medium
0.27,0.47,7,163,5,1,0,0,management,low
0.52,0.74,5,267,6,1,0,0,marketing,medium
0.17,0.56,4,258,7,1,0,0,IT,low
0.67,0.76,4,195,3,0,1,0,finance,low
0.56,0.82,6,251,6,0,0,0,finance,low
0.79,0.64,3,99,6,0,0,0,support,low
0.35,0.62,3,309,10,0,1,0,finance,low
0.37,0.36,2,133,4,0,1,0,product_mng,medium
0.44,0.83,2,130,10,0,0,0,marketing,medium
0.72,0.36,4,212,10,1,0,0,IT,low
0.42,0.92,5,293,8,0,1,0,hr,medium
0.46,0.6,7,168,10,1,0,0,product_mng,low
0.23,0.86,3,296,4,0,0,0,finance,medium
0.5,0.36,4,182,10,0,0,0,product_mng,medium
0.49,0.39,7,221,8,1,0,0,hr,low
0.57,1.0,6,128,3,0,1,0,support,low
0.43,0.57,7,292,9,0,0,0,finance,low
0.61,0.75,6,110,8,1,0,0,hr,medium
0.63,0.58,7,130,8,1,0,0,hr,low
0.1,0.73,3,231,2,0,0,1,finance,medium
0.54,0.36,7,147,3,0,0,0,RandD,low
0.38,0.86,6,181,3,1,1,0,support,low
0.3,0.87,5,144,4,0,0,0,management,low
0.66,0.4,3,141,5,0,0,0,hr,low
0.63,0.45,3,280,3,0,0,0,RandD,low
0.45,0.41,2,283,9,0,0,0,management,medium
0.44,0.69,4,222,9,1,0,0,management,low
0.15,0.79,3,199,6,0,1,0,marketing,low
0.34,0.81,2,119,9,0,0,0,IT,medium
0.58,0.56,7,141,3,0,0,0,management,medium
0.2,0.56,4,144,3,0,1,0,product_mng,low
0.46,0.36,2,236,6,0,0,0,technical,medium
0.56,0.76,4,159,7,0,1,0,product_mng,medium
0.55,0.62,2,300,8,0,0,0,product_mng,low
0.24,0.61,5,128,9,0,0,0,management,medium
0.74,0.63,7,143,9,1,1,0,RandD,medium
0.43,0.61,5,180,7,0,0,0,support,medium
0.09,0.94,4,108,4,0,0,0,product_mng,low
0.36,0.54,3,140,3,0,1,0,support,medium
0.68,0.48,6,103,6,1,0,0,RandD,low
0.33,0.73,3,230,10,0,0,0,finance,low
0.17,0.6,4,236,9,0,1,0,RandD,low
0.51,0.61,6,274,3,0,0,0,support,medium
0.23,0.62,6,141,2,0,0,0,hr,low
0.66,0.76,2,274,10,0,1,0,technical,low
0.74,0.75,3,273,8,0,0,0,RandD,medium
0.71,0.87,4,224,9,0,0,0,technical,low
0.02,0.46,3,187,5,0,0,0,management,low
0.02,0.38,2,131,5,0,0,0,finance,low
0.62,0.82,2,216,9,0,0,0,sales,low
0.55,0.55,3,141,3,0,1,0,sales,medium
0.75,0.46,2,258,9,0,0,0,product_mng,medium
0.04,0.92,5,223,2,0,1,0,hr,low
0.18,0.69,7,308,5,0,0,1,sales,medium
0.42,0.85,6,221,10,0,0,0,sales,high
0.22,0.73,7,161,7,0,0,0,hr,medium
0.55,0.76,6,222,4,0,0,0,sales,medium
0.09,0.88,6,310,5,0,0,0,hr,medium
0.31,0.79,6,308,2,0,0,0,marketing,low
0.68,0.63,5,240,8,0,0,0,sales,low
0.2,0.74,7,183,6,0,0,0,RandD,low
0.41,0.89,3,303,7,1,0,0,support,low
0.44,0.46,7,112,4,1,0,0,sales,low
0.43,0.6,3,239,3,0,0,0,IT,low
0.36,0.57,4,228,8,0,0,0,support,medium
0.26,0.6,6,194,5,0,0,0,RandD,medium
0.23,0.39,6,104,10,0,0,0,RandD,medium
0.05,0.74,6,189,5,0,0,0,sales,low
0.07,0.36,7,264,2,0,0,0,management,medium
0.22,0.66,5,270,6,0,1,0,IT,low
0.77,0.87,3,153,3,0,0,0,support,low
0.6,0.76,6,181,7,0,0,0,technical,low
0.07,0.36,2,281,4,0,1,0,IT,low
0.04,0.6,7,147,9,0,0,0,management,low
0.18,0.52,2,277,6,0,0,0,sales,medium
0.27,0.72,4,263,6,1,0,0,management,low
0.33,0.74,3,260,10,1,1,0,RandD,medium
0.55,0.36,2,275,4,0,1,0,hr,low
0.42,0.62,7,111,2,0,0,0,IT,low
0.34,0.76,4,117,7,0,0,0,technical,low
0.43,0.82,2,250,4,0,0,0,hr,low
0.4,0.92,3,230,7,0,0,0,IT,medium
0.47,0.72,2,133,7,0,0,0,hr,low
0.09,0.55,4,188,10,0,0,0,IT,medium
0.35,0.64,2,145,10,0,1,0,product_mng,low
0.11,0.89,7,135,9,0,0,0,technical,medium
0.66,0.88,4,269,3,0,1,0,marketing,medium
0.19,0.69,4,256,8,0,0,0,product_mng,medium
0.32,0.63,6,154,6,0,0,0,sales,medium
0.57,0.41,6,220,2,0,1,0,marketing,medium
0.29,0.71,5,271,10,0,0,0,technical,high
0.11,0.9,3,238,9,0,0,0,product_mng,medium
0.1,0.82,5,183,4,0,1,0,sales,medium
0.19,0.62,4,226,6,0,0,0,IT,low
0.54,0.94,2,228,6,0,0,0,management,low
0.73,0.67,4,157,8,0,0,0,management,medium
0.22,0.57,6,116,2,0,0,0,hr,high
0.36,0.71,6,272,8,0,0,0,marketing,low
0.69,0.65,2,297,7,0,0,0,RandD,high
0.31,0.84,3,121,10,0,0,0,management,low
0.73,0.44,7,262,8,0,0,0,RandD,medium
0.22,0.36,3,156,4,0,1,0,sales,low
0.15,0.36,5,227,4,0,0,0,finance,medium
0.43,0.75,6,258,2,1,0,0,RandD,medium
0.1,0.56,3,242,3,0,0,0,marketing,low
0.28,0.71,5,292,2,0,0,0,management,low
0.43,0.6,4,101,10,0,0,0,RandD,medium
0.53,0.73,6,282,6,0,0,0,marketing,low
0.17,0.5,5,282,6,1,1,0,sales,medium
0.2,0.74,4,208,5,0,0,0,sales,low
0.4,0.66,3,238,8,0,0,0,support,medium
0.22,0.48,4,229,3,0,0,0,IT,medium
0.55,0.76,5,140,6,0,0,0,marketing,medium
0.16,0.54,7,245,3,1,1,0,hr,high
0.62,0.5,7,99,8,0,1,0,marketing,low
0.34,0.51,2,110,4,1,0,0,technical,medium
0.6,0.36,7,188,10,0,0,0,IT,low
0.67,0.77,4,287,4,0,1,0,hr,medium
0.72,0.46,5,118,3,0,0,0,support,low
0.78,0.89,5,213,5,0,1,0,support,low
0.58,0.87,4,225,5,0,0,0,finance,low
0.21,0.36,7,228,8,0,0,0,IT,low
0.17,0.55,7,277,3,0,1,0,technical,low
0.46,0.8,2,145,7,0,1,0,management,low
0.45,0.69,6,163,10,0,0,0,finance,low
0.53,0.6,3,207,5,0,0,0,support,medium
0.56,0.51,7,292,2,1,0,0,product_mng,medium
0.45,0.76,6,191,9,0,0,0,management,high
0.42,0.52,3,206,9,0,0,0,IT,high
0.39,0.93,5,175,7,0,0,0,technical,high
0.31,0.83,3,163,7,0,0,0,management,medium
0.51,0.76,4,154,10,0,1,0,finance,low
0.22,0.63,4,232,5,0,0,0,hr,high
0.55,0.45,5,219,7,0,0,0,product_mng,high
0.04,0.58,3,286,8,0,0,0,IT,low
0.23,0.4,2,252,6,0,0,0,marketing,low
0.71,0.62,4,225,3,0,1,0,sales,medium
0.55,0.71,4,251,10,0,0,0,marketing,medium
0.14,0.74,5,237,9,0,0,0,RandD,low
0.41,0.45,3,149,4,0,0,0,IT,low
0.51,0.43,2,153,6,0,0,0,hr,low
0.57,0.7,3,288,4,0,0,0,IT,low
0.7,0.8,4,197,2,0,0,0,management,low
0.42,0.95,6,260,8,0,1,0,RandD,low
0.17,0.84,7,264,6,0,0,0,sales,high
0.18,0.75,5,198,5,0,1,0,sales,low
0.13,0.36,2,277,7,0,1,0,RandD,medium
0.37,0.36,7,179,6,0,0,0,hr,low
0.11,0.47,3,269,9,0,1,0,hr,low
0.19,0.36,4,112,6,0,0,0,management,low
0.49,0.87,6,111,2,0,0,0,marketing,medium
0.35,0.5,7,285,4,1,0,0,technical,medium
0.13,0.41,5,266,7,0,0,0,management,low
0.15,0.48,2,290,6,0,0,0,sales,medium
0.35,0.84,3,169,7,0,0,0,product_mng,low
0.15,0.82,2,269,3,0,0,0,support,low
0.49,0.39,5,164,3,0,0,0,sales,low
0.66,0.69,3,211,10,0,1,0,RandD,medium
0.46,0.89,4,112,4,0,0,0,IT,low
0.87,0.74,4,104,2,0,1,0,product_mng,medium
0.47,0.66,6,265,8,0,0,0,RandD,low
0.68,0.83,3,149,3,0,0,0,management,low
0.31,0.37,7,296,8,1,0,0,product_mng,medium
0.78,0.75,2,309,3,0,0,0,hr,low
0.07,0.36,6,133,2,0,0,0,IT,medium
0.17,0.54,3,307,10,1,0,0,finance,medium
0.17,0.48,7,142,4,0,1,0,technical,medium
0.26,0.47,3,276,8,0,1,0,management,medium
0.06,0.51,4,297,7,0,1,0,management,medium
0.42,0.65,3,138,6,0,0,0,product_mng,low
0.49,0.45,3,234,5,1,1,0,finance,low
0.26,0.36,4,236,8,0,0,0,support,medium
0.16,0.64,6,251,5,0,0,0,sales,low
0.26,0.93,7,267,2,0,0,0,technical,low
0.8,0.77,7,229,6,1,0,0,hr,low
0.4,0.88,6,112,9,0,0,0,marketing,medium
0.95,0.96,7,103,3,0,0,0,management,medium
0.51,0.36,3,250,5,0,0,0,RandD,low
0.13,0.77,5,302,5,0,0,0,management,low
0.06,0.59,4,305,4,0,0,0,sales,medium
0.76,0.64,6,305,8,0,0,0,hr,medium
0.1,0.47,5,191,6,0,0,0,IT,low
0.43,0.96,4,144,9,0,0,0,marketing,low
0.8,0.44,3,114,3,0,1,0,RandD,high
0.33,0.65,4,231,4,0,0,0,sales,medium
0.58,0.71,5,254,9,0,0,0,hr,low
0.1,0.36,7,146,8,0,0,0,technical,medium
0.38,0.53,4,161,6,0,0,0,support,medium
0.38,0.93,2,133,9,0,0,0,marketing,low
0.21,0.9,3,279,3,0,0,0,hr,medium
0.66,0.79,7,205,10,0,1,0,IT,medium
0.45,0.88,4,195,6,0,1,0,hr,low
0.15,0.36,5,123,6,0,1,1,marketing,low
0.41,0.43,2,245,4,0,0,0,management,low
0.37,0.53,3,109,10,1,0,0,RandD,low
0.29,0.36,7,99,5,0,1,0,RandD,medium
0.16,0.47,2,136,5,0,1,0,sales,low
0.17,0.75,7,233,9,0,0,0,product_mng,low
0.56,0.92,7,158,8,0,0,0,product_mng,low
0.46,0.56,7,200,2,1,0,0,IT,low
0.06,0.36,2,253,6,0,0,0,IT,low
0.59,0.57,6,196,10,0,1,0,RandD,low
0.46,0.44,6,246,3,0,1,0,product_mng,low
0.25,0.66,6,292,8,0,0,0,product_mng,medium
0.16,0.46,3,230,7,0,0,0,product_mng,low
0.41,0.57,3,262,7,0,1,0,marketing,medium
0.69,0.76,7,147,3,0,0,0,technical,medium
0.4,0.67,5,282,6,0,0,0,management,low
0.51,0.36,4,213,5,0,0,0,sales,medium
0.15,0.59,4,247,5,0,0,0,technical,low
0.12,0.55,2,109,5,1,0,0,finance,medium
0.56,0.39,7,263,3,1,0,0,sales,medium
0.52,0.69,5,224,2,0,1,0,product_mng,medium
0.48,0.67,6,137,9,0,0,0,support,low
0.2,0.5,4,243,8,0,0,0,technical,high
0.18,0.36,3,307,10,0,0,0,RandD,low
0.2,0.82,6,275,6,0,0,0,RandD,low
0.68,0.45,4,208,5,1,0,0,IT,medium
0.7,0.36,3,195,7,1,0,0,RandD,medium
0.26,0.94,3,107,4,0,0,0,finance,low
0.29,0.85,6,191,4,0,0,0,finance,medium
0.33,0.9,6,232,5,0,0,0,IT,low
0.59,0.6,3,127,9,0,1,0,support,high
0.41,0.96,5,238,9,0,0,0,hr,medium
0.53,0.62,7,104,8,0,0,0,sales,low
0.35,0.65,3,168,2,0,0,0,RandD,low
0.63,0.63,3,227,2,0,0,0,technical,low
0.44,0.69,3,136,2,1,1,0,management,low
0.45,0.36,6,119,7,0,0,0,support,low
0.65,0.6,7,252,2,0,0,0,sales,low
0.39,0.53,6,290,10,0,0,0,marketing,low
0.16,0.48,7,148,10,0,0,0,marketing,medium
0.6,0.45,3,212,5,0,0,0,technical,medium
0.58,0.78,3,109,8,1,0,0,technical,low
0.46,0.67,2,105,6,0,0,0,sales,medium
0.45,0.59,5,208,3,0,1,0,support,medium
0.37,0.56,3,109,6,0,0,0,RandD,medium
0.41,0.52,3,293,7,0,1,0,RandD,low
0.42,0.4,2,105,6,0,0,0,management,medium
0.64,0.63,6,101,2,0,0,0,marketing,medium
0.57,0.41,7,179,4,1,0,0,marketing,medium
0.27,0.67,4,260,9,0,0,0,management,low
0.28,0.67,2,107,3,0,1,0,sales,low
0.39,0.8,6,279,10,0,0,0,support,medium
0.41,0.53,6,195,5,0,1,0,product_mng,low
0.49,0.9,7,190,4,0,1,0,technical,medium
0.13,0.93,2,250,9,0,0,0,IT,low
0.46,0.6,5,214,2,0,0,0,RandD,medium
0.23,0.53,6,304,10,0,0,0,technical,medium
0.29,0.83,4,302,7,0,0,0,technical,medium
0.37,0.7,7,162,6,0,0,0,RandD,low
0.41,0.46,5,123,2,0,0,0,product_mng,high
0.2,0.77,2,157,5,1,1,0,marketing,medium
0.51,0.69,6,132,8,0,0,0,technical,low
0.18,0.59,6,147,5,0,0,0,RandD,low
0.56,0.44,3,212,10,0,0,0,finance,low
0.23,0.36,5,241,8,0,0,0,support,medium
0.05,0.67,4,236,10,0,0,0,management,medium
0.41,0.83,6,200,10,1,0,0,RandD,low
0.22,0.71,4,186,3,0,0,0,management,medium
0.45,0.94,4,231,3,0,1,0,support,high
0.2,0.58,3,293,10,0,0,0,technical,low
0.44,0.57,4,180,7,0,0,0,IT,low
0.37,0.71,4,172,7,0,0,0,finance,low
0.61,0.83,3,198,6,0,1,0,hr,low
0.56,0.66,5,272,4,0,0,0,finance,low
0.16,0.87,5,310,6,0,0,0,finance,medium
0.14,0.72,5,101,6,0,0,0,technical,low
0.04,0.37,2,105,2,0,1,0,finance,medium
0.64,0.66,2,239,5,0,0,0,support,medium
0.19,0.67,7,121,3,0,0,0,support,low
0.13,0.36,3,256,3,0,0,0,technical,medium
0.53,0.84,4,190,2,0,0,0,product_mng,low
0.39,0.71,2,256,2,0,0,0,IT,low
0.12,0.79,5,107,4,0,0,0,marketing,low
0.17,0.85,4,283,10,0,0,0,hr,medium
0.87,0.36,6,177,10,1,0,0,management,medium
0.77,0.47,5,114,7,1,1,0,marketing,medium
0.63,0.93,5,199,7,0,0,0,hr,medium
0.41,0.36,7,150,4,1,1,0,product_mng,medium
0.5,0.58,4,220,6,0,0,0,marketing,medium
0.52,0.84,5,289,6,0,0,0,management,medium
0.54,0.42,3,210,10,0,0,0,support,low
0.25,0.47,4,250,8,0,0,0,RandD,low
0.64,0.56,4,221,3,0,0,0,technical,high
0.46,0.39,7,304,7,0,0,0,sales,medium
0.05,0.72,2,307,8,1,0,0,RandD,low
0.47,0.71,6,276,10,1,0,0,support,low
0.63,0.58,4,306,7,1,1,0,hr,low
0.32,0.62,7,114,8,0,0,0,sales,low
0.15,0.76,5,116,6,0,1,0,marketing,low
0.03,0.53,5,251,10,0,0,0,technical,high
0.82,0.36,6,225,4,0,0,0,sales,low
0.29,0.6,2,126,3,0,0,0,hr,medium
0.45,0.58,4,253,6,0,0,0,RandD,low
0.76,0.43,2,284,4,0,1,0,finance,low
0.52,0.54,2,200,5,0,0,0,sales,low
0.33,0.36,7,181,7,0,0,0,finance,low
0.66,0.78,5,216,3,0,1,0,hr,medium
0.18,0.83,3,222,10,0,0,0,RandD,medium
0.21,0.73,2,117,7,0,0,0,hr,low
0.14,0.89,7,273,3,0,1,0,finance,medium
0.3,0.71,4,217,9,0,0,0,finance,low
0.19,0.84,2,251,2,1,0,0,management,low
0.88,0.7,7,248,3,0,1,0,sales,low
0.12,0.88,5,212,10,0,1,0,hr,low
0.14,0.39,7,175,3,0,0,0,finance,medium
0.2,0.59,7,157,4,0,0,0,product_mng,low
0.76,0.93,2,305,9,0,0,0,management,medium
0.14,0.89,6,304,6,0,1,0,technical,low
0.39,0.52,2,141,8,0,0,0,IT,medium
0.17,0.46,5,296,9,0,0,0,hr,low
0.2,0.36,3,201,8,0,0,0,management,low
0.55,0.45,2,116,7,0,0,0,technical,medium
0.32,0.51,3,212,8,1,0,0,hr,medium
0.75,0.36,6,236,4,0,0,0,hr,medium
0.21,0.9,7,294,8,0,0,0,support,low
0.74,0.47,3,254,10,0,1,0,support,low
0.12,0.91,2,139,4,1,0,0,marketing,medium
0.2,0.41,2,287,4,0,0,0,IT,low
0.23,0.91,2,142,9,0,0,0,management,low
0.37,0.47,4,222,6,1,0,0,support,high
0.23,0.65,5,213,8,0,0,0,IT,medium
0.54,0.56,2,165,2,1,0,0,technical,low
0.6,0.47,3,241,7,0,0,0,finance,low
0.5,0.55,3,208,5,0,1,0,technical,medium
0.17,0.41,6,248,9,0,0,0,product_mng,low
0.36,0.57,3,309,3,0,0,1,sales,medium
0.47,0.74,7,159,3,0,0,0,support,medium
0.43,0.79,3,230,5,0,1,0,support,medium
0.13,0.54,3,233,3,0,0,0,management,high
0.06,0.73,4,143,3,0,0,0,hr,low
0.32,0.57,2,215,6,1,1,0,hr,medium
0.05,0.48,6,108,2,0,0,0,sales,low
0.69,0.76,5,292,3,0,0,0,RandD,medium
0.34,0.58,4,178,5,0,0,0,management,low
0.68,0.36,6,290,6,0,1,0,RandD,medium
0.48,0.92,5,304,10,1,0,0,product_mng,low
0.26,0.66,5,242,3,0,0,0,support,medium
0.1,0.57,6,238,3,1,1,0,support,high
0.31,0.36,7,294,6,0,0,0,technical,low
0.37,0.62,6,256,4,0,0,0,product_mng,low
0.3,0.45,2,102,7,0,0,0,marketing,low
0.69,0.62,5,217,8,0,0,0,management,medium
0.58,0.49,2,126,6,0,0,0,support,low
0.53,0.77,2,288,2,1,0,1,support,medium
0.45,0.69,5,108,3,0,0,0,RandD,low
0.32,0.36,7,187,2,0,0,0,sales,medium
0.49,0.62,7,175,9,0,1,0,RandD,high
0.75,0.89,5,274,10,0,0,0,IT,medium
0.33,0.36,6,120,9,1,1,0,support,medium
0.57,0.69,4,184,10,0,1,0,RandD,medium
0.5,0.61,6,184,8,0,1,0,marketing,high
0.39,0.36,6,99,6,0,0,0,sales,medium
0.3,0.79,5,194,4,0,0,0,marketing,low
0.55,0.38,5,164,7,0,0,0,technical,medium
0.27,0.39,7,102,2,1,0,0,finance,high
0.27,0.62,2,225,9,0,0,0,finance,low
0.22,0.58,2,151,4,0,0,0,management,medium
0.57,0.86,5,151,5,0,0,0,sales,low
0.31,0.68,4,135,2,0,0,0,finance,medium
0.57,0.63,2,232,10,0,1,1,IT,low
0.19,0.68,3,216,2,0,0,0,finance,low
0.5,0.49,3,108,8,0,0,0,RandD,low
0.55,0.68,5,193,10,0,1,0,support,medium
0.5,0.8,7,184,3,0,0,0,product_mng,low
0.26,0.46,7,287,3,1,0,0,technical,low
0.67,0.5,3,109,6,0,0,0,sales,low
0.29,0.83,4,149,4,1,0,0,marketing,low
0.28,0.46,2,199,4,1,0,0,management,medium
0.72,0.77,4,161,2,0,0,0,product_mng,low
0.4,0.54,7,103,6,0,0,0,RandD,medium
0.2,0.77,2,301,9,0,0,0,IT,medium
0.16,0.65,2,159,7,0,0,0,RandD,medium
0.38,0.59,6,187,10,0,0,0,management,medium
0.14,0.74,4,212,7,0,0,0,technical,medium
0.6,0.36,3,290,3,1,0,0,product_mng,low
0.47,0.59,5,229,8,0,1,0,management,low
0.29,0.39,7,134,4,0,0,0,technical,low
0.19,0.71,7,294,10,0,0,0,support,medium
0.16,0.36,6,239,3,0,1,0,marketing,low
0.49,0.74,2,242,6,0,0,0,technical,medium
0.14,0.51,4,284,2,1,1,0,management,low
0.45,0.58,4,306,2,0,0,0,hr,medium
0.37,0.36,3,146,6,0,1,0,RandD,medium
0.15,0.36,6,114,4,0,1,0,product_mng,low
0.89,0.48,4,149,7,0,0,0,hr,medium
0.22,0.73,7,161,4,1,1,0,technical,low
0.22,0.84,5,241,7,0,0,0,hr,low
0.64,0.6,5,102,10,1,0,0,management,medium
0.37,0.36,3,300,8,0,1,0,technical,low
0.24,0.75,3,258,6,0,1,0,product_mng,medium
0.49,0.44,3,238,9,1,0,0,marketing,low
0.5,0.6,5,274,3,0,0,0,product_mng,medium
0.69,0.79,5,245,7,0,1,0,technical,medium
0.08,0.79,5,203,7,0,0,0,management,low
0.31,0.36,3,257,4,0,0,0,IT,low
0.15,0.36,2,201,10,0,0,0,support,medium
0.4,0.83,2,233,8,0,1,0,product_mng,low
0.08,0.69,2,125,4,0,1,0,IT,high
0.37,0.75,3,272,10,0,1,0,hr,medium
0.5,0.49,4,255,2,0,0,0,technical,medium
0.3,0.36,3,303,7,0,0,0,IT,medium
0.36,0.55,6,178,6,0,0,0,RandD,medium
0.38,0.91,4,253,10,1,1,0,support,low
0.16,0.56,3,201,4,0,1,0,IT,low
0.23,0.92,3,289,10,0,0,0,hr,medium
0.08,0.53,5,189,5,0,0,0,RandD,low
0.42,0.93,6,156,7,0,0,0,marketing,low
0.48,0.71,4,260,5,0,1,0,product_mng,medium
0.2,0.71,7,185,2,1,0,0,product_mng,medium
0.4,0.36,3,293,5,0,0,0,technical,low
0.2,0.5,6,165,8,0,1,0,management,medium
0.05,0.47,5,306,6,0,0,0,finance,low
0.59,0.7,2,256,2,0,0,0,sales,medium
0.27,0.61,3,97,6,0,0,0,hr,low
0.32,0.71,6,297,2,0,1,0,hr,medium
0.38,0.36,2,110,10,0,0,0,marketing,low
0.09,0.61,3,291,10,0,0,0,support,low
0.57,0.58,2,192,2,0,0,0,technical,low
0.54,0.86,6,292,4,0,0,0,hr,low
0.23,0.63,7,143,5,0,0,0,finance,low
0.37,0.74,6,302,2,0,1,0,product_mng,low
0.36,0.93,6,303,4,0,0,0,product_mng,medium
0.08,0.36,5,253,7,0,0,0,technical,low
0.3,0.64,6,259,5,0,0,0,management,low
0.1,0.58,3,130,7,0,1,0,support,low
0.34,0.43,7,225,5,0,0,0,RandD,medium
0.09,0.77,7,240,10,0,0,0,marketing,low
0.53,0.96,5,262,4,0,0,0,management,low
0.53,0.56,6,227,5,0,0,0,marketing,low
0.33,0.75,7,195,6,0,1,0,hr,low
0.34,0.88,6,110,3,0,0,0,technical,medium
0.55,0.48,6,253,7,0,0,0,sales,low
0.4,0.36,3,173,10,0,0,0,management,low
0.1,0.92,2,117,10,0,0,0,product_mng,low
0.49,0.61,5,184,10,0,0,0,finance,low
0.39,0.66,6,104,9,0,0,0,hr,medium
0.1,0.84,4,303,7,0,1,0,management,medium
0.53,0.44,5,263,2,0,1,0,technical,medium
0.29,0.5,5,100,8,0,0,0,RandD,medium
0.2,0.73,2,292,8,0,0,0,support,low
0.09,0.38,5,149,9,0,1,0,sales,low
0.59,0.84,3,116,7,1,0,0,IT,medium
0.62,0.5,7,186,5,0,0,0,technical,medium
0.44,0.38,5,281,8,0,0,0,support,medium
0.54,0.8,7,202,4,0,1,0,marketing,medium
0.37,0.67,3,281,2,1,0,0,IT,low
0.56,0.66,3,119,4,0,1,0,sales,medium
0.68,0.4,7,205,2,0,0,0,support,medium
0.07,0.82,3,246,4,0,0,0,IT,medium
0.2,0.74,6,295,7,0,0,0,support,medium
0.24,0.36,5,97,2,0,0,0,support,medium
0.2,0.84,7,134,2,0,0,0,IT,low
0.29,0.38,7,97,5,0,0,0,finance,low
0.2,0.49,2,266,8,0,0,0,finance,low
0.68,0.87,7,218,8,0,0,0,sales,low
0.33,0.53,7,209,9,0,0,0,RandD,medium
0.2,0.6,3,147,5,0,0,0,technical,low
0.15,0.86,3,167,6,1,0,0,hr,low
0.22,0.93,4,270,7,0,0,0,RandD,medium
0.4,0.71,7,272,9,0,0,0,RandD,low
0.32,0.88,7,247,4,0,1,0,hr,low
0.39,0.78,2,195,7,0,0,0,IT,low
0.04,0.91,3,138,8,0,0,1,hr,medium
0.51,0.64,2,225,3,0,0,0,IT,medium
0.56,0.49,6,279,9,0,0,0,support,medium
0.65,0.36,4,249,2,0,1,0,support,medium
0.61,0.43,4,192,8,0,0,0,management,medium
0.39,0.37,3,266,7,0,0,0,RandD,medium
0.77,0.89,7,121,7,0,0,0,hr,low
0.05,0.44,3,202,9,0,1,0,sales,low
0.2,0.52,5,132,8,0,0,0,support,medium
0.61,0.66,6,132,5,0,0,0,IT,low
0.35,0.67,2,172,8,1,0,0,product_mng,medium
0.7,0.95,4,138,6,0,0,0,support,low
0.32,0.66,5,260,3,0,0,0,RandD,medium
0.22,0.53,2,307,3,1,0,1,marketing,medium
0.28,0.42,3,160,7,0,0,0,IT,low
0.82,0.44,2,287,9,0,0,0,management,medium
0.39,0.51,6,144,2,1,1,0,sales,low
0.36,0.66,5,204,4,1,0,0,product_mng,medium
0.45,0.36,6,115,6,0,0,0,finance,low
0.33,0.69,2,156,3,0,0,0,marketing,low
0.25,0.36,5,220,4,0,0,0,management,medium
0.53,0.71,7,179,10,0,0,0,product_mng,medium
0.68,0.63,6,154,10,0,0,0,RandD,low
0.26,0.55,7,291,6,0,0,0,management,medium
0.39,0.75,5,265,10,1,0,0,management,low
0.07,0.36,4,202,9,0,0,0,support,low
0.08,0.48,2,129,3,0,0,0,support,medium
0.23,0.41,2,109,9,0,0,0,technical,low
0.4,0.36,3,223,2,0,0,0,product_mng,medium
0.36,0.54,3,215,7,0,1,0,IT,low
0.48,0.46,6,148,4,0,0,0,finance,medium
0.59,0.55,7,237,2,0,1,0,IT,low
0.37,0.36,3,128,6,1,0,0,product_mng,low
0.4,0.5,5,214,10,0,0,0,hr,low
0.22,0.68,3,232,9,0,0,0,management,low
0.52,0.61,5,293,9,0,0,0,product_mng,medium
0.2,0.92,2,262,7,0,1,0,sales,medium
0.48,0.78,2,180,8,0,1,0,sales,low
0.51,0.86,3,101,5,0,0,0,sales,medium
0.41,0.72,4,145,8,0,0,0,RandD,medium
0.74,0.89,5,278,8,0,0,0,sales,medium
0.33,0.83,2,172,2,0,0,0,support,low
0.37,0.37,4,103,5,0,0,0,RandD,low
0.58,0.6,6,200,7,0,0,0,management,low
0.39,0.78,3,238,5,0,0,0,RandD,low
0.38,0.78,4,198,6,0,0,0,sales,low
0.48,0.6,7,179,9,0,1,0,technical,medium
0.47,0.86,3,106,8,0,0,0,marketing,medium
0.23,0.5,4,229,9,0,0,0,technical,low
0.8,0.36,3,277,8,0,0,0,finance,low
0.57,0.66,4,214,4,0,1,0,IT,low
0.7,0.78,5,107,7,0,0,0,product_mng,medium
0.32,0.91,6,276,3,0,1,0,RandD,medium
0.62,0.4,7,251,3,0,0,0,sales,high
0.34,0.73,6,163,8,0,0,0,product_mng,low
0.44,0.73,5,247,5,0,0,0,hr,low
0.22,0.36,5,131,10,0,1,0,marketing,low
0.49,0.51,6,231,10,0,0,0,sales,medium
0.68,0.9,6,291,2,1,0,0,sales,low
0.13,0.89,7,200,3,0,0,0,technical,medium
0.43,0.77,5,300,6,0,0,0,hr,medium
0.36,0.6,7,226,3,0,0,0,RandD,low
0.2,0.53,5,143,3,0,0,0,technical,medium
0.18,0.51,4,143,6,0,0,0,product_mng,medium
0.15,0.72,6,140,8,0,1,0,product_mng,low
0.4,0.82,2,307,3,0,0,0,sales,medium
0.33,0.71,7,130,10,0,0,0,finance,medium
0.46,0.67,6,168,3,0,1,0,finance,low
0.47,0.47,7,129,9,0,0,0,IT,low
0.13,0.73,6,260,6,0,0,0,technical,medium
0.11,0.36,7,240,3,0,0,0,sales,low
0.52,0.58,7,263,4,0,1,0,hr,medium
0.6,0.36,2,138,3,0,0,0,support,low
0.7,0.88,2,180,9,0,0,0,sales,medium
0.85,0.37,7,288,2,0,0,0,management,low
0.44,0.79,2,281,2,0,1,0,RandD,medium
0.23,0.38,3,158,5,0,0,0,technical,low
0.65,0.56,6,156,6,0,0,0,support,low
0.65,0.48,4,262,10,0,0,0,hr,low
0.45,0.36,2,102,3,0,0,0,finance,medium
0.15,0.49,3,138,9,0,1,0,support,low
0.27,0.54,2,242,10,0,0,0,hr,low
0.43,0.73,6,201,9,1,0,0,finance,low
0.27,0.9,6,140,3,0,0,0,management,medium
0.21,0.36,3,251,3,0,0,0,finance,medium
0.48,0.45,3,291,2,0,0,0,management,medium
0.45,0.42,6,107,3,1,0,0,management,medium
0.56,0.36,2,194,5,0,0,0,finance,medium
0.85,0.71,5,238,6,0,1,0,RandD,medium
0.5,0.82,4,285,3,0,0,0,hr,low
0.27,0.6,4,155,3,0,1,0,product_mng,low
0.32,0.43,5,184,6,0,0,0,sales,low
0.56,0.56,4,301,5,1,1,0,product_mng,low
0.41,0.36,7,137,2,0,0,0,support,low
0.42,0.36,2,188,6,1,0,0,management,medium
0.28,0.63,6,223,6,0,1,0,sales,medium
0.57,0.37,6,277,4,0,0,0,sales,low
0.48,0.65,2,270,3,0,0,0,technical,medium
0.2,0.36,4,259,3,0,0,0,hr,medium
0.18,0.55,3,125,6,1,1,0,RandD,high
0.55,0.84,6,272,9,0,1,0,management,medium
0.41,0.48,4,217,7,0,0,0,product_mng,low
0.27,0.62,6,148,4,0,0,0,hr,medium
0.6,0.8,5,189,8,0,0,0,IT,medium
0.17,0.52,6,295,3,0,1,0,sales,low
0.11,0.66,3,276,6,0,0,0,technical,low
0.1,0.44,2,230,10,0,0,0,support,low
0.42,0.94,6,156,8,0,0,0,RandD,high
0.8,0.57,7,162,8,0,0,1,sales,low
0.17,0.44,5,146,8,0,0,0,finance,medium
0.45,0.54,6,213,5,0,0,0,RandD,low
0.26,0.39,5,230,6,0,0,0,IT,medium
0.27,0.43,2,294,3,1,0,0,support,medium
0.61,0.46,2,98,7,0,1,1,product_mng,medium
0.45,0.54,6,165,3,0,0,0,finance,medium
0.27,0.36,3,297,2,1,1,0,technical,low
0.04,0.39,2,237,6,0,0,0,hr,low
0.28,0.46,2,212,9,0,0,0,marketing,medium
0.12,0.39,2,274,9,0,0,0,RandD,low
0.15,0.4,4,250,4,0,0,0,sales,medium
0.24,0.4,4,268,9,0,1,0,product_mng,high
0.24,0.4,5,244,4,1,0,0,hr,medium
0.72,0.7,6,177,6,0,0,0,IT,medium
0.41,0.73,4,265,9,1,1,0,hr,low
0.39,0.96,3,281,10,0,0,0,sales,medium
0.72,0.43,2,130,9,0,0,0,support,low
0.52,0.68,7,183,4,1,0,0,support,low
0.4,0.76,6,202,3,0,1,0,RandD,high
0.65,0.78,5,162,2,0,0,0,finance,low
0.56,0.48,2,295,7,0,0,0,sales,low
0.63,0.36,2,217,2,0,1,0,management,low
0.42,0.45,3,149,10,1,0,0,management,low
0.38,0.56,7,239,3,0,0,0,management,medium
0.26,0.52,6,203,10,0,0,0,IT,low
0.48,0.41,3,207,3,0,0,0,hr,low
0.37,0.82,5,108,7,0,1,0,technical,medium
0.3,0.84,7,260,5,0,0,0,support,low
0.68,0.74,5,238,4,0,0,0,support,low
0.38,0.56,7,310,9,0,0,0,product_mng,medium
0.82,0.4,2,134,10,0,0,0,product_mng,low
0.23,0.75,5,202,2,0,0,0,technical,low
0.13,0.4,6,127,9,0,0,0,sales,low
0.57,0.83,2,202,3,0,1,0,technical,low
0.47,0.46,6,256,3,0,1,0,sales,medium
0.41,0.65,4,266,8,0,0,0,finance,low
0.11,0.77,3,105,8,0,1,0,finance,low
0.03,0.72,7,235,4,0,0,0,RandD,low
0.24,0.53,6,167,2,1,0,0,support,medium
0.39,0.68,2,256,4,0,0,0,product_mng,medium
0.68,0.75,6,133,9,0,0,0,management,low
0.11,0.65,7,129,4,0,0,0,support,low
0.45,0.65,5,173,9,0,0,0,IT,low
0.14,0.5,5,273,7,0,0,0,marketing,high
0.39,0.66,2,306,9,0,0,0,sales,low
0.83,0.67,6,266,3,0,1,0,product_mng,low
0.31,0.89,4,151,9,0,0,0,sales,high
0.15,0.56,5,285,4,0,0,0,IT,medium
0.2,0.68,3,107,5,0,0,0,RandD,high
0.36,0.62,7,159,7,0,0,0,sales,medium
0.21,0.92,6,283,3,1,0,0,marketing,medium
0.61,0.87,7,271,9,0,1,0,hr,low
0.51,0.62,6,200,2,0,0,0,management,low
0.78,0.36,6,270,3,0,1,0,finance,low
0.26,0.55,6,113,5,0,0,0,hr,medium
0.61,0.57,3,229,6,0,0,0,finance,low
0.26,0.51,6,100,6,0,0,0,technical,medium
0.37,0.36,2,210,6,0,0,0,IT,medium
0.08,0.79,2,203,5,0,1,0,product_mng,medium
0.23,0.9,6,214,2,1,0,0,finance,low
0.65,0.55,5,258,2,0,0,0,product_mng,medium
0.35,0.36,5,188,3,0,0,0,support,low
0.65,0.78,6,175,7,0,1,0,IT,medium
0.75,0.36,6,197,9,0,1,0,sales,low
0.54,0.78,6,115,7,0,0,0,finance,medium
0.81,0.59,6,275,7,0,0,0,sales,low
0.45,0.77,4,271,10,0,0,0,technical,low
0.32,0.55,2,119,2,0,1,0,IT,low
0.32,0.66,5,294,6,0,0,0,sales,low
0.46,0.78,2,237,6,0,0,0,IT,medium
0.58,0.94,6,163,5,0,0,0,hr,low
0.38,0.67,7,240,2,0,0,0,sales,low
0.4,0.6,5,206,5,0,0,0,product_mng,low
0.46,0.39,2,183,9,0,0,0,RandD,low
0.6,0.93,2,300,3,0,0,0,technical,low
0.2,0.36,3,222,8,0,0,0,hr,medium
0.14,0.55,7,108,8,0,0,0,product_mng,medium
0.59,0.53,5,249,2,0,0,0,management,low
0.21,0.63,4,105,9,1,0,0,support,medium
0.14,0.38,7,243,4,0,1,0,marketing,low
0.29,0.53,3,194,6,0,1,0,finance,low
0.33,0.36,2,237,6,0,0,0,technical,low
0.71,0.47,5,213,5,0,0,0,sales,high
0.54,0.82,5,148,9,0,0,0,support,medium
0.69,0.91,2,239,6,0,0,0,product_mng,low
0.38,0.36,4,156,4,1,0,0,product_mng,medium
0.34,0.49,4,135,4,0,1,0,product_mng,low
0.37,0.63,2,175,10,0,0,0,product_mng,low
0.2,0.69,6,168,10,1,0,0,hr,low
0.24,0.59,7,151,7,0,0,0,sales,low
0.33,0.41,2,115,8,0,0,0,support,low
0.49,0.68,6,188,2,0,0,0,sales,low
0.62,0.77,7,216,4,0,1,0,RandD,low
0.71,0.43,4,128,9,1,0,0,IT,medium
0.35,0.87,7,111,10,0,0,0,support,low
0.15,0.95,3,274,10,1,0,0,hr,low
0.68,0.66,4,132,9,0,0,0,finance,medium
0.24,0.52,3,106,4,0,0,0,management,medium
0.43,0.48,5,155,4,1,0,0,hr,low
0.19,0.36,5,284,2,1,0,0,product_mng,high
0.58,0.82,5,263,9,0,0,0,finance,low
0.36,0.48,6,283,5,0,0,0,management,medium
0.46,0.36,7,137,4,0,0,0,technical,medium
0.39,0.92,7,174,2,1,0,0,product_mng,medium
0.1,0.73,4,99,9,0,0,0,product_mng,medium
0.02,0.54,6,185,3,0,0,0,hr,medium
0.59,0.36,2,136,9,0,0,0,hr,low
0.27,0.83,3,184,2,0,0,0,hr,medium
0.54,0.6,6,245,5,0,1,0,support,low
0.33,0.36,2,161,6,1,0,0,technical,medium
0.19,0.74,5,175,4,0,0,0,management,medium
0.64,0.79,2,129,6,0,1,0,hr,low
0.92,0.51,7,272,9,0,1,0,marketing,medium
0.36,0.6,4,173,2,0,0,0,management,medium
0.55,0.43,2,271,4,0,0,0,sales,medium
0.3,0.64,6,250,5,0,0,0,finance,low
0.54,0.67,5,154,8,0,0,0,RandD,low
0.23,0.69,7,168,9,0,0,0,support,high
0.4,0.78,7,172,2,0,0,0,management,medium
0.3,0.66,6,245,4,0,0,0,management,low
0.49,0.36,3,116,3,0,1,0,marketing,low
0.41,0.65,2,286,5,0,0,0,sales,low
0.25,0.77,3,224,2,0,1,0,marketing,medium
0.46,0.79,4,258,8,0,0,0,RandD,medium
0.29,0.96,2,277,9,0,0,0,management,high
0.27,0.9,6,141,5,0,1,0,hr,medium
0.39,0.41,6,205,8,0,0,0,sales,low
0.24,0.46,3,211,2,0,1,0,support,low
0.65,0.83,2,103,8,0,0,0,finance,low
0.04,0.72,7,145,10,0,0,0,IT,medium
0.32,0.58,7,215,4,0,1,0,hr,medium
0.46,0.46,2,220,8,0,0,0,finance,medium
0.57,0.6,2,261,3,0,1,0,technical,high
0.38,0.8,4,213,6,0,0,0,RandD,low
0.62,0.36,7,298,5,1,0,0,product_mng,low
0.15,0.8,6,162,4,0,0,0,RandD,high
0.34,0.49,3,250,4,0,1,0,hr,low
0.35,0.78,5,244,2,1,0,0,sales,medium
0.38,0.36,2,252,4,0,0,0,support,low
0.57,0.74,2,273,10,1,0,0,support,medium
0.06,0.36,7,141,8,0,1,0,finance,low
0.75,0.67,6,178,9,0,1,0,hr,low
0.61,0.68,3,155,8,0,1,0,RandD,low
0.14,0.63,5,267,9,0,0,0,IT,medium
0.08,0.67,3,151,6,0,1,0,support,medium
0.86,0.48,6,298,3,0,0,0,product_mng,medium
0.55,0.76,2,310,6,0,1,0,management,low
0.22,0.79,6,263,5,0,0,0,technical,high
0.29,0.52,5,271,6,0,0,0,marketing,medium
0.19,0.36,4,309,8,0,0,0,hr,low
0.5,0.48,3,119,10,0,0,0,support,medium
0.7,0.6,3,293,10,1,1,0,marketing,low
0.69,0.69,2,269,5,0,0,0,hr,low
0.3,0.36,3,272,2,0,1,0,management,medium
0.56,0.76,6,202,3,0,0,0,IT,medium
0.49,0.37,6,101,2,0,0,0,IT,high
0.63,0.79,4,264,6,0,0,0,technical,medium
0.43,0.47,4,238,3,0,0,0,support,low
0.51,0.9,2,291,6,0,0,0,IT,medium
0.53,0.36,6,142,7,0,0,0,technical,medium
0.34,0.86,7,236,2,0,0,0,finance,low
0.46,0.83,5,167,6,0,0,1,product_mng,low
0.72,0.36,6,303,8,0,0,0,RandD,low
0.31,0.89,7,271,3,0,0,0,management,low
0.64,0.82,7,281,6,0,0,0,technical,medium
0.09,0.77,7,121,9,0,0,0,finance,low
0.8,0.91,5,128,4,0,0,0,IT,low
0.38,0.93,4,197,7,1,0,0,RandD,low
0.49,0.62,7,259,9,0,0,0,marketing,low
0.33,0.7,4,207,5,0,0,0,hr,high
0.12,0.71,6,298,2,0,0,0,technical,low
0.34,0.72,3,277,2,0,0,0,marketing,medium
0.66,0.55,3,146,7,0,0,0,RandD,medium
0.64,0.77,4,156,3,0,1,0,support,medium
0.69,0.39,2,266,10,0,0,0,marketing,medium
0.58,0.76,6,248,4,0,0,0,finance,medium
0.73,0.38,4,221,7,0,0,0,finance,low
0.29,0.86,5,179,5,0,1,0,management,medium
0.59,0.74,7,124,9,0,1,0,support,medium
0.31,0.65,7,278,5,0,0,0,sales,low
0.19,0.7,7,145,9,0,1,0,support,medium
0.54,0.36,4,223,3,1,0,0,sales,low
0.33,0.52,2,284,3,0,0,1,marketing,low
0.72,0.85,6,111,6,0,1,0,hr,medium
0.29,0.8,7,103,4,1,0,0,technical,medium
0.64,0.9,2,234,8,0,0,0,IT,medium
0.28,0.92,3,101,5,0,0,0,sales,medium
0.3,0.71,3,263,2,0,0,0,sales,medium
0.69,0.54,2,127,6,1,0,1,finance,low
0.57,0.43,2,294,4,0,0,0,technical,low
0.43,0.75,2,205,10,0,1,0,hr,low
0.75,0.42,3,131,4,0,0,0,management,medium
0.52,0.36,5,246,3,1,0,0,management,low
0.42,0.57,4,270,10,0,0,0,management,low
0.34,0.81,4,250,6,0,0,0,finance,low
0.43,0.4,5,121,10,0,1,0,RandD,medium
0.22,0.76,4,274,2,0,1,0,sales,low
0.52,0.57,6,150,4,1,1,0,IT,medium
0.27,0.94,5,154,6,0,1,0,product_mng,low
0.53,0.82,3,175,5,0,1,0,sales,low
0.14,0.64,3,149,7,0,0,0,technical,low
0.26,0.6,3,231,7,0,0,0,management,medium
0.41,0.68,2,262,9,0,0,0,marketing,medium
0.84,0.47,3,119,2,0,0,0,support,medium
0.37,0.44,4,243,10,0,0,0,hr,medium
0.61,0.6,4,308,9,0,1,0,product_mng,medium
0.45,0.56,6,219,4,0,1,0,management,medium
0.55,0.8,2,166,9,0,1,0,marketing,high
0.43,0.65,3,286,9,1,0,0,support,low
0.63,0.48,7,146,6,0,1,0,RandD,medium
0.36,0.41,6,308,5,0,1,0,product_mng,low
0.43,0.53,7,273,5,0,1,0,finance,low
0.11,0.75,7,290,7,1,1,0,management,high
0.14,0.87,3,266,8,1,0,0,marketing,medium
0.26,0.72,3,203,2,0,0,0,RandD,medium
0.44,0.66,5,283,6,0,0,0,product_mng,low
0.62,0.65,2,271,2,0,0,0,management,low
0.5,0.69,3,243,10,0,0,0,sales,low
0.37,0.77,3,301,9,0,0,0,sales,low
0.76,0.6,5,261,10,0,0,0,RandD,medium
0.4,0.48,5,180,3,0,0,0,product_mng,medium
0.89,0.73,2,106,6,0,1,0,management,low
0.09,0.36,5,288,9,1,1,0,hr,medium
0.18,0.85,6,303,4,0,0,0,product_mng,medium
0.17,0.45,6,235,3,0,0,0,RandD,high
0.36,0.5,7,202,9,0,0,0,management,high
0.53,0.74,7,171,4,0,0,0,RandD,low
0.77,0.54,5,297,9,0,0,0,management,medium
0.25,0.88,4,170,4,0,0,0,product_mng,low
0.05,0.91,4,131,10,0,1,0,management,medium
0.59,0.69,5,221,10,0,0,0,RandD,medium
0.4,0.8,6,133,4,0,0,0,technical,low
0.06,0.61,2,188,4,0,0,0,management,medium
0.08,0.54,7,149,4,1,1,0,IT,medium
0.69,0.66,4,248,3,0,0,0,technical,low
0.62,0.87,2,205,5,0,0,0,technical,low
0.31,0.56,5,245,2,0,0,0,sales,low
0.31,0.51,6,204,9,0,0,0,support,medium
0.34,0.87,7,111,9,0,0,0,management,medium
0.63,0.49,6,291,10,0,1,0,sales,low
0.27,0.86,4,272,7,0,0,0,support,high
0.64,0.67,7,176,8,1,1,0,IT,medium
0.28,0.66,5,152,5,0,0,0,product_mng,medium
0.36,0.86,7,264,9,0,0,0,support,low
0.45,0.36,3,176,6,0,0,0,product_mng,medium
0.44,0.75,4,159,4,0,0,0,management,medium
0.18,0.87,7,231,8,1,0,0,support,medium
0.1,0.4,2,278,5,0,1,0,finance,medium
0.19,0.72,7,265,6,0,0,0,product_mng,medium
0.45,0.6,5,274,5,1,0,0,support,medium
0.08,0.41,7,236,3,0,0,0,management,medium
0.22,0.5,2,122,10,0,1,0,technical,medium
0.37,0.97,3,263,8,0,1,0,marketing,low
0.47,0.36,3,217,2,0,1,0,IT,medium
0.1,0.84,4,119,7,0,0,0,sales,low
0.08,0.75,2,176,7,0,0,0,finance,low
0.09,0.6,2,173,2,0,0,0,hr,medium
0.29,0.36,2,253,2,0,1,0,IT,medium
0.14,0.53,3,132,5,0,0,0,IT,medium
0.34,0.36,7,265,5,0,0,0,support,low
0.51,0.36,7,121,7,0,0,0,product_mng,low
0.38,0.6,2,167,6,1,0,0,hr,medium
0.11,0.8,5,303,10,0,1,0,support,low
0.72,0.63,4,97,9,0,0,1,sales,low
0.18,0.68,2,137,3,0,0,0,marketing,medium
0.27,0.36,3,184,8,0,0,0,hr,medium
0.59,0.36,2,212,5,0,1,0,marketing,low
0.37,0.57,6,298,5,0,0,0,management,low
0.72,0.8,4,139,8,0,1,0,product_mng,low
0.64,0.79,4,235,7,0,0,0,support,low
0.61,0.55,5,119,8,0,0,0,marketing,low
0.61,0.89,6,116,9,0,0,0,RandD,medium
0.39,0.53,2,241,8,0,0,0,support,low
0.65,0.75,5,300,9,0,1,0,hr,medium
0.25,0.68,4,267,9,0,1,0,finance,medium
0.37,0.71,3,271,6,1,0,0,management,medium
0.27,0.81,6,176,3,0,0,0,marketing,high
0.71,0.51,3,140,2,0,0,0,management,medium
0.79,0.8,4,162,4,1,0,0,product_mng,medium
0.2,0.65,4,122,10,0,0,0,hr,low
0.56,0.37,4,191,10,0,0,0,support,low
0.27,0.52,4,115,3,0,0,0,finance,low
0.38,0.72,7,179,3,0,0,0,product_mng,medium
0.79,0.63,7,279,9,0,1,0,IT,low
0.19,0.36,5,220,10,0,0,0,marketing,low
0.23,0.36,3,220,3,0,1,0,RandD,medium
0.56,0.44,7,236,10,0,0,0,hr,low
0.68,0.93,6,172,10,0,0,0,IT,low
0.85,0.62,6,294,3,0,0,0,finance,medium
0.19,0.95,4,164,5,0,0,0,support,medium
0.77,0.74,7,135,2,0,1,0,hr,medium
0.59,0.64,3,230,9,0,0,0,product_mng,medium
0.26,0.66,4,309,6,0,1,0,IT,medium
0.23,0.91,4,113,6,0,1,0,management,medium
0.38,0.89,6,179,9,0,1,0,RandD,low
0.37,0.36,6,150,9,0,1,0,management,low
0.38,0.39,3,202,2,0,0,0,sales,medium
0.31,0.36,5,143,3,0,1,0,support,medium
0.2,0.36,5,300,10,1,0,0,technical,medium
0.2,0.57,6,246,2,0,1,0,finance,medium
0.31,0.76,3,167,7,0,0,0,IT,low
0.4,0.36,3,187,7,0,0,0,IT,medium
0.43,0.66,3,105,10,0,0,0,sales,medium
0.32,0.36,5,127,4,0,0,0,IT,low
0.26,0.72,7,281,8,0,0,0,finance,medium
0.3,0.36,2,179,10,0,0,0,support,high
0.12,0.76,3,154,8,0,0,0,sales,medium
0.41,0.62,2,304,7,0,0,0,sales,medium
0.27,0.6,6,275,4,0,0,0,marketing,low
0.12,0.58,6,308,9,0,1,0,product_mng,medium
0.67,0.46,5,280,6,0,0,0,support,medium
0.44,0.36,3,246,9,0,1,0,sales,medium
0.49,0.49,2,245,3,0,0,0,sales,low
0.49,0.71,4,208,7,0,0,0,support,medium
0.75,0.36,3,265,8,0,0,1,hr,low
0.43,0.78,6,129,6,0,1,0,sales,low
0.16,0.57,6,136,6,0,1,0,management,high
0.47,0.94,5,268,5,1,1,0,sales,low
0.08,0.87,6,108,10,0,1,0,hr,high
0.43,0.47,6,259,9,0,1,0,marketing,medium
0.22,0.36,7,253,7,0,0,0,IT,medium
0.29,0.61,3,244,4,1,0,0,RandD,low
0.4,0.88,2,99,5,0,1,0,RandD,medium
0.55,0.86,3,277,8,0,0,0,IT,low
0.22,0.76,5,180,9,0,0,0,hr,low
0.22,0.37,5,105,2,0,0,0,technical,low
0.65,0.43,6,259,8,0,0,0,management,medium
0.45,0.36,6,154,10,0,0,0,IT,medium
0.33,0.44,4,101,7,0,0,0,support,medium
0.38,0.36,6,180,2,0,0,0,sales,low
0.28,0.97,7,195,3,0,0,0,product_mng,high
0.16,0.51,3,262,8,0,1,0,RandD,low
0.41,0.5,5,159,2,0,1,0,management,medium
0.28,0.69,3,275,5,0,0,0,support,medium
0.69,0.79,7,251,6,0,0,0,product_mng,low
0.22,0.4,5,227,5,0,1,0,RandD,low
0.23,0.42,4,179,3,1,0,0,product_mng,medium
0.14,0.67,7,237,4,0,0,0,marketing,low
0.87,0.67,2,213,8,0,0,0,sales,low
0.41,0.36,6,285,7,0,1,0,sales,high
0.25,0.77,7,126,3,0,1,0,sales,medium
0.22,0.5,2,244,3,0,0,0,product_mng,low
0.05,0.81,4,103,2,0,0,0,product_mng,low
0.64,0.82,3,298,6,0,0,0,sales,low
0.7,0.62,7,276,4,0,0,0,IT,low
0.62,0.56,3,250,5,0,0,0,management,low
0.15,0.85,5,198,10,0,1,0,management,medium
0.26,0.58,6,309,9,0,1,0,sales,high
0.19,0.82,4,267,2,0,1,0,technical,low
0.49,0.69,6,235,10,1,1,0,RandD,low
0.27,0.72,2,129,3,0,0,0,technical,medium
0.41,0.78,2,302,9,0,1,0,support,low
0.25,0.4,5,167,7,0,0,0,finance,medium
0.48,0.52,5,294,2,0,1,0,technical,medium
0.41,0.75,6,102,6,1,0,0,product_mng,medium
0.22,0.41,6,142,6,1,0,0,hr,medium
0.09,0.71,4,237,3,1,0,0,technical,medium
0.76,0.83,4,214,8,0,0,0,IT,medium
0.72,0.58,7,302,4,0,1,0,IT,low
0.35,0.87,4,115,3,0,0,0,sales,low
0.36,0.8,3,170,7,0,0,0,management,low
0.25,0.39,6,281,8,0,0,0,sales,low
0.49,0.66,6,107,7,0,0,0,technical,low
0.32,0.44,2,144,8,0,0,0,product_mng,medium
0.49,0.61,3,181,4,0,0,0,sales,low
0.2,0.41,2,132,3,0,0,0,technical,medium
0.19,0.93,2,215,4,0,0,0,support,medium
0.31,0.48,2,164,7,1,0,0,technical,low
0.46,0.93,5,286,8,1,0,0,RandD,medium
0.76,0.72,2,186,7,0,0,0,hr,medium
0.53,0.53,3,280,2,1,0,0,product_mng,medium
0.51,0.75,7,125,4,0,0,0,technical,medium
0.46,0.8,6,299,7,0,0,0,sales,low
0.32,0.56,6,226,7,0,0,0,marketing,medium
0.25,0.59,5,112,5,0,0,0,technical,medium
0.35,0.45,4,146,10,0,1,0,sales,low
0.17,0.71,2,214,10,0,0,0,management,medium
0.53,0.7,4,264,2,0,0,0,hr,medium
0.53,0.46,6,245,3,0,1,0,RandD,low
0.15,0.87,7,127,7,0,0,0,support,low
0.12,0.41,5,107,2,0,0,0,support,medium
0.42,0.74,6,115,8,0,0,0,management,low
0.21,0.87,7,280,2,0,0,0,product_mng,low
0.22,0.62,5,300,7,0,0,0,RandD,medium
0.32,0.64,7,194,6,1,1,0,hr,medium
0.27,0.4,7,121,6,0,1,0,RandD,low
0.08,0.36,7,255,8,0,0,1,finance,medium
0.33,0.64,3,267,10,0,1,0,technical,medium
0.71,0.71,6,192,4,0,0,0,product_mng,low
0.48,0.8,3,284,9,0,0,0,management,low
0.41,0.77,6,130,3,0,1,0,hr,medium
0.46,0.49,7,127,7,1,1,0,marketing,low
0.7,0.49,2,178,9,0,0,0,finance,medium
0.24,0.47,7,164,9,0,1,0,product_mng,medium
0.67,0.65,4,154,6,0,0,0,management,low
0.67,0.39,7,173,10,0,1,0,finance,medium
0.24,0.36,4,190,3,1,0,0,RandD,low
0.25,0.36,3,207,2,0,1,0,finance,medium
0.34,0.92,6,169,3,0,0,0,technical,low
0.65,0.36,4,97,5,0,0,0,product_mng,low
0.46,0.52,6,151,7,0,0,0,marketing,medium
0.32,0.36,6,182,9,0,0,0,finance,medium
0.42,0.39,6,216,10,0,0,0,RandD,low
0.31,0.48,4,252,3,0,0,0,sales,low
0.64,0.62,7,236,2,1,0,0,IT,medium
0.57,0.93,4,124,10,0,1,0,marketing,low
0.38,0.69,7,217,4,1,1,0,RandD,low
0.19,0.38,4,308,3,0,0,0,product_mng,low
0.76,0.71,7,121,7,0,1,0,support,medium
0.53,0.56,4,198,3,0,0,0,marketing,low
0.38,0.51,3,223,3,0,0,0,product_mng,low
0.34,0.58,7,175,7,0,0,0,technical,medium
0.4,0.61,4,122,7,1,1,0,finance,low
0.52,0.75,6,137,6,0,0,0,support,low
0.41,0.85,7,247,10,0,0,0,hr,medium
0.27,0.36,6,298,3,0,1,0,product_mng,low
0.07,0.85,3,297,5,0,0,0,hr,medium
0.29,0.37,5,303,3,0,1,0,hr,medium
0.78,0.46,4,181,6,0,0,0,RandD,low
0.3,0.68,4,226,3,0,1,0,finance,low
0.07,0.95,6,130,9,0,0,0,hr,medium
0.57,0.45,7,177,4,0,1,1,support,medium
0.63,0.36,6,232,4,0,0,0,RandD,high
0.23,0.77,5,211,5,0,0,0,marketing,medium
0.55,0.38,6,249,8,0,0,0,sales,medium
0.48,0.4,3,158,7,0,0,0,IT,medium
0.18,0.61,4,239,9,0,0,0,support,low
0.2,0.38,3,219,10,0,0,0,product_mng,high
0.55,0.54,4,180,2,0,0,0,marketing,medium
0.31,0.58,7,99,8,1,1,0,management,medium
0.72,0.36,7,190,6,0,1,0,IT,medium
0.36,0.63,5,159,4,0,0,0,product_mng,low
0.67,0.4,2,297,6,0,0,0,sales,medium
0.31,0.83,5,179,4,0,0,0,marketing,low
0.58,0.5,6,299,8,0,0,0,sales,low
0.36,0.86,4,251,8,0,0,0,sales,low
0.48,0.45,3,105,4,0,0,0,technical,medium
0.14,0.36,2,121,4,0,0,0,hr,medium
0.31,0.63,2,189,4,0,0,0,product_mng,medium
0.4,0.87,5,164,7,0,0,0,sales,low
0.29,0.53,5,273,10,0,0,0,management,low
0.42,0.52,3,287,9,0,0,0,RandD,medium
0.69,0.86,2,143,8,0,0,0,finance,medium
0.03,0.41,2,148,9,0,0,0,product_mng,low
0.15,0.69,7,287,6,0,0,0,technical,low
0.53,0.81,6,172,4,0,0,0,marketing,medium
0.25,0.64,7,117,3,0,0,0,IT,low
0.32,0.79,7,295,5,0,0,0,product_mng,low
0.48,0.42,2,296,8,0,0,0,RandD,medium
0.49,0.64,2,251,5,0,0,0,finance,low
0.47,0.62,5,171,3,0,0,0,finance,medium
0.16,0.78,2,230,3,0,0,0,support,high
0.41,0.78,5,242,10,0,1,0,technical,low
0.73,0.58,2,138,5,1,0,0,support,medium
0.45,0.89,4,238,3,0,1,0,technical,medium
0.18,0.94,3,120,10,0,0,0,product_mng,medium
0.31,0.62,6,176,6,0,0,0,IT,low
0.1,0.63,3,143,9,0,0,1,product_mng,high
0.7,0.53,5,147,4,0,1,0,management,medium
0.91,0.66,5,161,6,0,1,0,support,medium
0.42,0.79,6,186,10,0,0,0,product_mng,low
0.3,0.59,7,255,7,0,0,0,support,medium
0.71,0.68,7,261,9,0,0,1,hr,low
0.41,0.84,2,197,7,0,1,0,marketing,low
0.6,0.59,3,129,6,0,1,0,management,low
0.33,0.57,5,178,5,0,0,0,finance,medium
0.75,0.36,2,143,4,0,0,0,product_mng,low
0.3,0.36,3,171,2,0,0,0,support,medium
0.4,0.36,3,295,4,1,0,0,management,medium
0.39,0.37,5,224,10,0,0,0,technical,medium
0.56,0.8,4,103,5,0,1,0,product_mng,medium
0.5,0.85,7,136,5,0,0,0,hr,low
0.18,0.43,5,273,2,1,1,0,IT,high
0.44,0.55,6,133,7,0,1,0,finance,medium
0.45,0.71,5,166,7,0,0,0,management,low
0.43,0.78,3,275,7,0,0,0,support,medium
0.7,0.43,3,217,9,0,0,0,hr,low
0.15,0.7,5,274,10,0,0,0,support,low
0.21,0.41,3,126,9,0,1,0,marketing,low
0.63,0.7,5,199,9,0,0,0,sales,low
0.59,0.58,7,267,10,0,0,0,sales,medium
0.73,0.4,6,234,5,0,0,0,support,medium
0.07,0.37,3,192,9,0,0,0,marketing,medium
0.59,0.47,2,121,8,0,0,0,hr,low
0.69,0.6,4,284,6,1,1,0,RandD,low
0.49,0.95,4,244,3,0,0,0,technical,low
0.47,0.36,7,246,10,0,1,0,marketing,low
0.38,0.49,2,128,5,0,0,0,management,low
0.3,0.54,6,127,10,0,0,0,hr,medium
0.53,0.4,6,246,7,0,0,0,sales,low
0.7,0.68,6,232,4,1,0,0,marketing,medium
0.33,0.43,2,98,6,1,0,0,hr,low
0.21,0.85,7,220,2,0,0,0,product_mng,low
0.67,0.76,5,202,9,0,1,0,finance,low
0.85,0.85,3,250,8,0,1,0,sales,medium
0.03,0.36,3,266,8,0,0,0,marketing,medium
0.74,0.43,4,182,5,0,0,0,support,low
0.37,0.84,4,202,4,0,0,0,product_mng,low
0.45,0.72,2,261,9,0,0,0,hr,low
0.71,0.83,5,106,7,1,0,0,hr,low
0.68,0.79,4,137,4,0,0,0,sales,low
0.4,0.62,2,288,10,0,1,0,RandD,low
0.5,0.45,2,288,6,0,0,0,technical,low
0.34,0.68,6,169,4,0,1,0,finance,medium
0.72,0.39,2,172,9,0,1,0,IT,medium
0.2,0.4,3,214,4,0,1,0,sales,low
0.81,0.68,6,276,2,0,0,0,IT,low
0.43,0.74,2,175,8,0,0,0,RandD,low
0.32,0.7,4,168,7,0,0,0,IT,high
0.09,0.59,2,97,3,0,1,0,product_mng,medium
0.32,0.79,5,211,3,1,0,0,management,medium
0.33,0.36,2,305,7,0,0,0,technical,low
0.64,0.61,4,268,3,0,0,0,management,low
0.18,0.67,7,244,5,0,0,1,support,low
0.73,0.67,7,197,3,0,0,0,marketing,medium
0.37,0.71,5,230,2,0,1,0,hr,medium
0.57,0.86,2,226,6,0,1,0,IT,medium
0.86,0.75,6,97,6,0,0,0,marketing,low
0.5,0.66,3,170,3,0,0,0,RandD,low
0.32,0.79,5,264,5,0,0,0,RandD,low
0.4,0.72,4,150,9,0,1,0,IT,low
0.07,0.63,2,308,8,0,0,0,finance,medium
0.19,0.36,2,258,6,0,0,0,marketing,medium
0.67,0.81,5,278,2,0,0,0,management,low
0.77,0.81,7,198,10,0,0,0,RandD,high
0.32,0.64,2,114,8,0,0,0,support,low
0.47,0.65,3,300,5,0,0,0,support,medium
0.32,0.51,7,258,7,0,0,0,support,medium
0.41,0.36,6,170,10,0,0,0,sales,high
0.4,0.71,3,156,10,0,0,0,product_mng,medium
0.61,0.67,3,252,2,0,0,0,hr,high
0.17,0.36,4,285,6,0,0,0,product_mng,low
0.23,0.91,6,299,4,1,0,0,hr,low
0.12,0.36,6,114,9,1,0,0,technical,medium
0.65,0.38,2,244,5,0,0,0,RandD,low
0.16,0.49,6,212,5,1,0,0,IT,medium
0.31,0.36,7,256,2,0,1,0,RandD,low
0.52,0.37,4,216,4,0,0,0,support,low
0.26,0.69,7,182,2,0,0,0,hr,medium
0.53,0.43,7,299,9,0,0,0,marketing,medium
0.2,0.78,2,114,8,0,0,0,support,medium
0.08,0.82,2,116,8,0,0,0,support,medium
0.09,0.36,2,138,8,0,0,1,support,medium
0.26,0.84,6,267,3,0,0,0,hr,low
0.74,0.43,6,163,8,0,1,0,IT,low
0.32,0.37,4,255,3,0,0,0,marketing,low
0.29,0.69,6,211,6,0,1,0,product_mng,low
0.81,0.43,2,130,2,0,0,0,hr,medium
0.62,0.47,3,166,7,0,0,0,product_mng,low
0.48,0.74,6,217,2,0,1,0,sales,low
0.07,0.64,4,146,8,0,0,0,RandD,low
0.69,0.5,6,153,7,0,0,0,hr,low
0.31,0.36,7,206,7,0,0,0,product_mng,medium
0.87,0.69,3,263,6,0,1,0,management,low
0.12,0.36,5,118,9,0,0,0,hr,medium
0.39,0.92,4,142,5,0,0,0,sales,medium
0.39,0.63,6,248,5,0,1,0,finance,medium
0.39,0.36,6,210,2,0,0,0,IT,medium
0.75,0.86,3,124,5,0,1,0,RandD,medium
0.53,0.46,7,233,7,0,0,0,marketing,medium
0.31,0.53,6,158,4,0,0,0,marketing,high
0.23,0.6,7,193,5,0,0,0,marketing,low
0.62,0.43,7,230,9,0,0,0,technical,low
0.79,0.56,6,107,9,0,1,0,RandD,low
0.26,0.58,4,294,10,0,0,0,support,high
0.08,0.61,6,142,8,0,0,0,marketing,low
0.39,0.54,5,135,9,0,1,0,hr,low
0.62,0.54,4,271,9,0,0,0,hr,low
0.38,0.44,3,221,3,0,0,0,support,low
0.21,0.63,5,266,6,0,0,0,finance,high
0.29,0.62,3,273,10,1,0,0,product_mng,low
0.15,0.36,2,139,4,0,0,0,finance,low
0.32,0.82,3,215,4,0,0,0,management,medium
0.53,0.74,4,198,9,0,0,0,product_mng,low
0.42,0.74,2,188,3,0,1,0,finance,medium
0.43,0.8,7,171,2,0,1,0,finance,medium
0.13,0.72,5,206,9,0,0,0,finance,medium
0.42,0.36,3,187,6,0,1,0,support,low
0.26,0.46,6,151,7,0,1,0,management,low
0.28,0.87,7,148,3,0,0,0,IT,low
0.5,0.71,4,270,8,0,0,0,technical,low
0.79,0.46,2,248,7,0,0,0,RandD,medium
0.7,0.49,7,305,5,1,0,0,management,high
0.3,0.64,2,301,5,0,0,0,hr,medium
0.19,0.53,5,310,7,0,0,0,sales,low
0.41,0.37,7,176,7,0,0,0,RandD,low
0.44,0.88,5,143,2,0,0,0,support,medium
0.74,0.75,6,298,6,1,0,0,sales,high
0.47,0.6,6,215,10,0,0,0,IT,medium
0.56,0.72,5,223,5,0,0,0,management,high
0.51,0.38,5,247,6,0,0,0,support,medium
0.77,0.7,7,140,5,1,0,0,sales,low
0.02,0.66,3,187,2,1,1,0,finance,medium
0.06,0.71,7,197,6,0,1,0,marketing,low
0.39,0.9,6,135,10,0,0,0,RandD,medium
0.06,0.54,4,281,5,0,0,0,IT,medium
0.58,0.36,5,157,10,0,0,0,finance,low
0.3,0.7,4,123,4,1,0,0,finance,low
0.17,0.65,7,176,9,0,0,0,hr,low
0.2,0.85,4,227,5,0,0,0,hr,low
0.72,0.9,2,205,7,0,0,0,product_mng,medium
0.38,0.78,7,147,4,0,0,0,hr,low
0.36,0.4,2,195,5,0,0,0,IT,medium
0.2,0.54,2,297,6,0,0,0,technical,medium
0.32,0.52,7,310,5,0,0,0,support,medium
0.36,0.86,6,239,6,0,0,0,hr,low
0.29,0.73,3,261,4,1,0,0,sales,low
0.12,0.59,4,166,7,0,0,1,sales,medium
0.46,0.41,7,105,5,1,1,0,RandD,medium
0.07,0.58,7,257,3,0,1,0,IT,medium
0.77,0.54,6,103,9,0,0,0,technical,low
0.35,0.68,7,102,4,0,0,0,hr,low
0.27,0.56,2,263,5,0,0,0,finance,low
0.18,0.48,6,274,2,0,0,0,product_mng,low
0.67,0.67,6,162,2,1,0,0,sales,medium
0.75,0.58,4,139,8,0,1,0,RandD,low
0.52,0.53,6,132,4,0,0,0,marketing,low
0.43,0.62,3,142,3,0,0,0,IT,medium
0.16,0.36,4,98,3,0,1,0,technical,medium
0.37,0.6,7,256,8,0,1,0,technical,low
0.26,0.74,5,116,8,0,1,0,marketing,low
0.14,0.79,4,108,7,0,0,0,RandD,low
0.53,0.53,6,143,5,1,0,0,IT,low
0.13,0.86,3,189,10,1,1,0,marketing,medium
0.28,0.51,6,151,8,1,0,0,RandD,medium
0.26,0.85,6,207,3,0,0,0,support,low
0.24,0.73,4,279,8,0,0,0,finance,low
0.39,0.62,3,238,5,0,0,0,hr,high
0.37,0.36,2,307,7,1,0,0,support,low
0.37,0.84,2,143,10,0,0,0,finance,low
0.68,0.66,2,152,10,0,0,0,sales,medium
0.34,0.51,7,138,7,0,0,0,hr,low
0.44,0.36,5,231,5,0,1,0,IT,medium
0.37,0.57,7,307,8,0,0,0,product_mng,low
0.19,0.88,7,125,4,0,0,0,hr,low
0.62,0.79,7,280,5,0,1,0,support,low
0.34,0.88,3,296,8,0,0,0,hr,low
0.54,0.36,6,121,10,0,0,0,hr,low
0.27,0.44,2,165,4,1,0,0,management,low
0.56,0.36,5,163,4,0,0,0,hr,medium
0.22,0.63,6,170,3,0,0,0,finance,low
0.64,0.36,2,124,8,0,0,0,RandD,low
0.14,0.63,2,256,2,0,0,0,IT,low
0.18,0.68,4,299,5,0,0,0,RandD,medium
0.87,0.72,4,243,6,0,1,0,product_mng,medium
0.6,0.36,6,166,7,1,0,0,support,low
0.31,0.36,6,162,4,1,1,0,marketing,medium
0.39,0.36,3,185,3,1,1,0,marketing,low
0.53,0.41,6,271,7,0,0,0,product_mng,medium
0.42,0.5,7,113,3,0,1,0,finance,low
0.69,0.68,6,118,6,0,1,0,product_mng,medium
0.25,0.37,2,148,10,0,1,0,IT,low
0.36,0.37,7,111,8,0,0,0,hr,medium
0.5,0.61,6,278,10,0,0,0,technical,low
0.38,0.45,4,207,4,0,0,0,technical,medium
0.29,0.55,6,132,8,0,0,0,RandD,medium
0.39,0.6,3,308,4,0,1,0,product_mng,low
0.41,0.69,7,150,7,1,0,0,management,low
0.7,0.36,5,155,5,0,1,0,support,low
0.28,0.36,4,172,7,0,0,0,technical,low
0.69,0.86,5,283,8,0,1,0,product_mng,high
0.66,0.51,7,126,4,1,0,0,support,low
0.58,0.44,4,259,9,1,0,0,RandD,low
0.2,0.67,6,145,6,0,0,0,technical,high
0.38,0.52,3,221,6,0,1,0,marketing,low
0.45,0.42,3,271,6,0,0,0,hr,medium
0.53,0.46,6,249,4,0,0,0,technical,low
0.53,0.76,5,272,7,1,1,0,RandD,low
0.55,0.57,5,97,2,1,0,0,technical,low
0.21,0.8,5,260,6,0,0,0,finance,low
0.21,0.38,6,189,10,0,0,0,finance,low
0.27,0.36,2,263,10,1,0,0,technical,medium
0.41,0.5,2,114,4,1,1,0,sales,low
0.48,0.47,3,182,10,0,0,0,technical,medium
0.24,0.36,5,257,5,0,0,0,hr,medium
0.66,0.67,7,261,10,1,0,1,RandD,low
0.62,0.36,6,262,10,0,0,0,technical,low
0.69,0.36,5,215,10,0,1,0,management,high
0.85,0.55,6,174,2,0,0,0,product_mng,medium
0.27,0.36,6,213,10,1,0,0,support,low
0.52,0.78,5,142,7,0,0,0,product_mng,medium
0.3,0.73,2,232,4,0,1,0,RandD,medium
0.07,0.6,4,241,3,0,0,0,IT,medium
0.3,0.36,7,184,8,0,0,0,technical,low
0.84,0.55,4,177,7,0,0,0,hr,low
0.79,0.5,2,215,9,0,0,0,product_mng,low
0.29,0.65,6,114,8,0,1,0,management,medium
0.31,0.36,3,113,10,0,0,0,management,low
0.3,0.61,2,289,8,0,0,0,management,medium
0.25,0.55,2,171,3,1,0,0,marketing,low
0.45,0.95,4,140,10,0,1,0,technical,low
0.54,0.66,6,124,10,0,0,0,management,low
0.42,0.62,7,286,6,0,0,0,RandD,medium
0.03,0.36,5,203,6,0,1,0,IT,low
0.15,0.84,2,285,10,0,0,0,finance,low
0.37,0.91,4,291,5,0,0,0,sales,medium
0.13,0.87,4,137,6,0,0,0,management,low
0.19,0.95,2,170,5,0,1,1,product_mng,medium
0.37,0.83,6,300,2,0,0,1,RandD,low
0.23,0.93,3,258,4,0,0,0,hr,low
0.04,0.36,7,202,4,0,0,0,RandD,low
0.45,0.36,5,231,4,0,0,0,marketing,low
0.14,0.67,6,174,2,0,1,0,support,low
0.12,0.6,4,120,7,0,1,0,finance,low
0.31,0.78,4,159,2,0,0,0,hr,medium
0.37,0.66,2,157,2,0,0,0,sales,medium
0.5,0.46,3,250,4,0,0,0,marketing,low
0.34,0.36,3,205,10,0,1,0,management,medium
0.52,0.59,3,277,5,0,1,0,IT,low
0.36,0.36,5,279,3,0,0,0,RandD,medium
0.28,0.76,6,263,10,0,0,0,support,high
0.55,0.79,7,239,3,0,0,0,product_mng,medium
0.16,0.68,6,252,3,1,0,0,product_mng,low
0.02,0.36,7,278,6,0,1,0,management,low
0.13,0.69,4,110,8,0,1,0,hr,medium
0.42,0.49,5,201,2,1,0,0,finance,low
0.49,0.76,5,100,10,0,0,0,product_mng,medium
0.36,0.63,4,156,3,0,0,0,IT,low
0.05,0.68,5,159,4,0,0,0,sales,medium
0.27,0.66,3,242,10,0,0,0,marketing,low
0.42,0.56,7,108,6,0,0,0,support,low
0.38,0.56,6,277,6,0,0,0,hr,high
0.2,0.83,7,210,9,0,1,0,IT,medium
0.56,0.54,2,283,7,0,0,0,management,medium
0.26,0.36,4,276,9,0,0,0,hr,low
0.24,0.78,2,309,10,0,0,0,management,medium
0.47,0.47,5,193,7,0,0,0,sales,low
0.28,0.81,3,304,5,0,0,0,support,high
0.73,0.36,6,288,2,1,0,0,technical,medium
0.44,0.6,7,259,7,1,0,0,support,medium
0.44,0.67,7,134,6,1,0,0,finance,medium
0.42,0.82,2,208,7,0,0,0,product_mng,low
0.04,0.47,2,278,3,1,1,0,IT,low
0.52,0.86,7,181,6,0,0,0,hr,medium
0.39,0.47,3,166,2,0,0,0,marketing,medium
0.13,0.63,7,195,4,0,0,0,RandD,low
0.06,0.92,3,214,5,1,0,0,technical,medium
0.56,0.43,7,100,5,0,0,0,technical,medium
0.34,0.44,4,196,10,0,0,0,management,low
0.37,0.73,6,115,3,0,0,0,marketing,medium
0.8,0.93,3,175,3,1,0,0,hr,medium
0.42,0.78,6,225,2,1,0,0,product_mng,medium
0.09,0.74,3,179,5,0,0,0,finance,low
0.48,0.54,4,220,3,0,0,0,technical,low
0.67,0.79,2,268,7,0,0,0,support,low
0.27,0.63,2,139,5,0,0,0,support,low
0.39,0.43,5,98,7,0,0,0,management,medium
0.44,0.46,4,165,9,0,1,0,hr,medium
0.19,0.36,3,250,2,0,1,0,technical,medium
0.71,0.41,3,115,7,0,1,0,finance,low
0.65,0.73,4,201,9,0,0,0,support,low
0.19,0.58,4,104,3,0,0,0,technical,low
0.59,0.65,4,99,10,0,0,0,sales,medium
0.2,0.55,6,123,5,0,0,0,RandD,low
0.37,0.76,4,278,5,0,0,0,marketing,low
0.58,0.81,4,257,6,0,0,0,product_mng,medium
0.46,0.51,4,235,3,1,0,0,IT,medium
0.71,0.69,2,123,2,0,1,0,product_mng,low
0.14,0.36,4,293,7,0,0,0,management,low
0.59,0.43,5,196,2,1,0,0,IT,medium
0.42,0.38,5,212,5,0,0,0,IT,low
0.09,0.88,2,253,9,0,0,0,sales,medium
0.51,0.7,4,298,9,1,0,0,hr,low
0.38,0.36,7,251,4,0,0,0,finance,medium
0.12,0.41,6,307,7,0,0,0,support,medium
0.18,0.39,7,278,5,0,0,0,product_mng,medium
0.4,0.51,7,237,4,1,1,0,RandD,low
0.46,0.63,6,216,8,0,0,0,support,low
0.39,0.88,7,246,2,0,1,0,finance,medium
0.68,0.57,7,249,7,1,0,0,IT,low
0.3,0.9,5,262,4,1,1,0,RandD,medium
0.19,0.63,5,169,5,0,0,0,management,low
0.5,0.36,7,132,8,0,0,1,technical,medium
0.84,0.36,2,169,9,1,0,0,IT,low
0.1,0.89,4,243,9,0,0,0,finance,low
0.19,0.49,7,232,7,1,0,0,hr,medium
0.27,0.57,2,143,9,0,0,0,finance,low
0.63,0.6,5,166,5,0,1,0,support,medium
0.4,0.61,3,294,2,0,0,0,technical,medium
0.44,0.6,5,139,7,0,0,0,RandD,medium
0.5,0.47,7,302,6,0,0,0,product_mng,low
0.24,0.39,6,258,8,0,0,1,support,low
0.37,0.72,7,160,2,0,0,0,RandD,medium
0.16,0.64,2,261,10,0,0,0,technical,low
0.44,0.36,2,125,10,0,0,0,RandD,medium
0.65,0.61,2,117,8,1,1,0,technical,medium
0.4,0.77,6,258,5,0,1,0,management,medium
0.58,0.38,3,181,5,0,0,0,RandD,medium
0.51,0.52,7,295,9,0,0,0,hr,medium
0.13,0.93,2,131,2,0,0,0,marketing,low
0.28,0.92,3,131,9,0,0,0,IT,high
0.79,0.53,3,227,5,0,0,0,marketing,low
0.73,0.82,4,309,2,0,0,0,RandD,medium
0.38,0.5,5,282,10,0,0,0,management,low
0.1,0.62,2,146,8,1,1,0,technical,low
0.4,0.92,4,222,5,0,1,0,support,low
0.32,0.72,3,230,2,0,0,0,product_mng,low
0.29,0.93,6,168,8,1,0,0,sales,medium
0.35,0.97,7,227,6,0,0,0,hr,high
0.1,0.87,3,252,7,1,0,0,management,low
0.1,0.36,2,146,7,0,0,0,technical,medium
0.53,0.56,7,182,10,0,0,0,RandD,low
0.05,0.68,6,225,5,0,0,0,marketing,low
0.27,0.39,5,268,2,1,0,0,sales,low
0.52,0.66,4,218,7,0,0,0,management,low
0.47,0.38,6,149,7,0,0,0,technical,medium
0.94,0.85,3,263,7,0,0,0,sales,low
0.51,0.39,4,241,7,0,0,0,marketing,high
0.6,0.51,6,304,2,1,0,0,management,medium
0.57,0.36,2,215,4,0,0,0,hr,high
0.11,0.63,6,203,8,0,0,0,support,medium
0.41,0.36,4,215,5,0,0,0,management,high
0.55,0.36,5,151,7,0,0,0,RandD,medium
0.16,0.46,7,143,3,0,1,0,support,medium
0.3,0.72,7,268,6,0,0,0,product_mng,low
0.45,0.43,6,243,10,0,0,0,hr,medium
0.4,0.63,4,276,5,0,0,1,product_mng,medium
0.23,0.79,4,281,8,0,0,0,support,medium
0.61,0.55,2,280,8,0,0,0,marketing,low
0.4,0.66,3,167,2,0,0,0,RandD,low
0.41,0.55,7,229,8,0,1,0,sales,medium
0.69,0.61,5,163,2,0,0,0,support,medium
0.28,0.36,4,234,6,0,0,0,IT,low
0.28,0.77,3,186,8,0,0,0,technical,medium
0.27,0.39,4,270,2,0,0,0,management,low
0.34,0.78,5,142,4,0,0,0,RandD,medium
0.23,0.44,6,139,3,1,0,1,technical,medium
0.42,0.73,6,209,9,0,0,0,sales,medium
0.37,0.36,5,244,5,0,0,0,finance,medium
0.56,0.57,7,122,10,0,0,0,support,low
0.64,0.79,3,145,7,0,0,0,technical,medium
0.42,0.54,7,110,2,0,0,0,finance,low
0.57,0.82,2,171,3,0,0,0,sales,low
0.64,0.4,5,245,7,0,0,0,technical,low
0.49,0.61,5,147,8,0,0,0,management,low
0.79,0.59,3,273,8,0,0,0,IT,low
0.53,0.8,5,282,3,1,0,0,management,low
0.54,0.66,2,148,2,0,0,0,management,medium
0.02,0.88,3,142,10,0,1,0,hr,low
0.25,0.36,5,123,7,1,0,0,technical,low
0.57,0.36,4,245,9,0,1,0,management,medium
0.71,0.56,2,247,10,0,0,0,RandD,medium
0.61,0.68,4,244,8,0,1,0,IT,low
0.35,0.54,2,203,2,0,0,0,sales,medium
0.29,0.64,5,293,6,0,0,0,management,low
0.09,0.44,3,300,6,0,1,0,marketing,medium
0.37,0.36,5,262,10,1,1,0,IT,low
0.27,0.6,7,148,9,0,0,0,RandD,medium
0.39,0.36,3,243,3,1,0,0,finance,medium
0.39,0.37,7,232,2,0,0,0,hr,low
0.38,0.45,2,186,3,0,0,0,RandD,low
0.3,0.8,6,135,3,0,0,0,marketing,medium
0.12,0.69,4,285,3,0,0,0,finance,low
0.5,0.42,6,205,10,0,0,0,RandD,high
0.16,0.63,2,131,7,0,0,0,marketing,low
0.59,0.49,3,265,8,0,1,0,technical,low
0.11,0.55,4,234,8,0,0,0,product_mng,low
0.2,0.55,2,193,7,0,0,0,finance,low
0.2,0.36,4,238,4,0,0,0,marketing,medium
0.04,0.87,6,115,8,0,0,0,product_mng,low
0.7,0.36,2,110,8,1,1,0,product_mng,low
0.37,0.86,6,146,7,0,0,0,technical,low
0.49,0.67,3,261,8,0,0,0,technical,medium
0.3,0.55,5,197,8,0,0,0,technical,medium
0.76,0.66,2,237,9,1,0,0,support,low
0.2,0.36,6,282,10,0,1,0,management,medium
0.58,0.42,6,146,6,0,0,0,marketing,low
0.58,0.63,7,227,5,0,1,0,RandD,high
0.41,0.36,5,152,4,0,0,0,RandD,medium
0.14,0.36,3,211,7,0,0,0,support,low
0.62,0.52,7,283,7,0,0,0,support,low
0.49,0.69,2,227,3,0,0,0,technical,medium
0.26,0.39,3,161,8,0,1,0,product_mng,low
0.83,0.46,7,286,5,0,0,0,hr,medium
0.09,0.42,4,288,2,0,0,0,IT,medium
0.4,0.53,5,262,5,0,0,0,IT,medium
0.41,0.7,3,223,5,0,0,0,hr,medium
0.51,0.77,6,187,10,0,0,0,product_mng,medium
0.86,0.73,7,197,5,0,0,0,marketing,low
0.29,0.41,5,225,5,0,0,0,product_mng,low
0.19,0.8,2,231,8,0,1,0,IT,medium
0.28,0.37,2,113,8,0,0,0,product_mng,low
0.44,0.43,3,306,4,0,1,0,marketing,low
0.92,0.61,7,290,7,0,0,0,IT,medium
0.13,0.45,6,208,4,0,0,0,technical,medium
0.16,0.71,6,142,2,0,1,0,support,low
0.9,0.61,3,202,8,0,0,0,IT,medium
0.29,0.7,4,168,6,0,1,0,technical,low
0.08,0.66,7,252,5,0,0,0,technical,medium
0.46,0.75,4,253,9,0,1,0,hr,low
0.34,0.58,7,140,8,0,0,0,RandD,medium
0.38,0.43,3,191,4,0,0,0,hr,low
0.34,0.53,6,154,8,0,0,0,IT,low
0.31,0.38,2,170,8,0,0,0,management,low
0.72,0.43,7,273,8,1,0,0,management,medium
0.28,0.66,2,282,3,0,0,0,hr,medium
0.09,0.66,7,278,4,0,0,0,support,low
0.63,0.55,6,280,4,0,1,0,management,low
0.14,0.77,5,261,4,0,0,0,finance,medium
0.28,0.54,5,190,8,0,1,0,support,medium
0.53,0.51,7,226,8,0,0,0,IT,low
0.45,0.45,5,107,5,0,0,0,technical,low
0.16,0.36,3,250,2,0,0,0,finance,low
0.18,0.73,4,172,7,0,1,0,support,high
0.39,0.83,3,295,2,0,0,0,sales,low
0.53,0.46,5,116,8,1,0,0,product_mng,low
0.69,0.72,5,233,2,0,0,0,sales,medium
0.4,0.93,6,112,10,0,1,0,technical,medium
0.63,0.45,2,236,8,0,1,0,sales,low
0.73,0.77,6,102,10,0,0,0,management,medium
0.49,0.94,3,101,7,0,0,0,marketing,low
0.11,0.66,3,201,10,0,0,0,support,medium
0.24,0.36,3,146,7,0,0,0,hr,medium
0.3,0.52,5,252,8,0,0,0,finance,low
0.62,0.38,4,193,6,0,0,0,sales,low
0.38,0.68,2,260,8,1,0,0,product_mng,low
0.72,0.77,4,239,3,0,1,0,sales,low
0.6,0.85,5,247,10,0,1,0,technical,medium
0.53,0.6,4,252,7,0,0,0,sales,medium
0.43,0.58,6,169,2,0,0,0,marketing,low
0.31,0.74,6,310,2,0,0,0,support,medium
0.52,0.69,6,166,10,0,1,0,marketing,medium
0.58,0.78,4,309,9,0,0,0,technical,low
0.51,0.39,6,176,10,0,0,0,management,low
0.24,0.94,4,259,7,0,0,0,technical,low
0.08,0.63,3,295,10,0,0,0,support,medium
0.4,0.71,4,228,8,0,0,0,finance,low
0.37,0.36,3,173,2,0,0,0,sales,low
0.54,0.62,4,197,5,0,0,0,hr,low
0.5,0.85,3,204,4,0,0,0,support,low
0.49,0.52,4,192,5,0,0,0,marketing,low
0.69,0.57,7,235,2,0,0,0,IT,low
0.6,0.56,3,287,2,1,1,1,support,medium
0.44,0.75,6,166,5,1,1,0,finance,low
0.55,0.63,3,301,8,0,0,0,RandD,low
0.33,0.78,7,140,5,0,0,0,marketing,medium
0.48,0.8,2,115,3,0,0,0,finance,low
0.59,0.61,7,151,5,1,0,0,IT,low
0.53,0.76,2,242,6,1,0,0,management,medium
0.04,0.62,7,173,6,0,1,0,hr,medium
0.39,0.69,2,281,10,0,0,0,finance,low
0.91,0.36,3,221,3,0,0,0,marketing,medium
0.09,0.51,5,131,7,0,0,0,sales,low
0.51,0.85,7,277,10,1,1,0,IT,high
0.45,0.77,7,273,4,0,0,0,RandD,low
0.57,0.77,5,228,8,1,0,0,hr,low
0.72,0.92,4,156,3,0,0,0,management,low
0.21,0.85,7,143,6,0,0,0,IT,medium
0.48,0.6,6,272,2,0,1,0,support,low
0.19,0.75,5,178,4,0,0,0,hr,low
0.49,0.72,5,255,6,0,0,0,sales,medium
0.38,0.36,4,239,7,0,1,0,product_mng,high
0.09,0.83,4,185,7,0,1,0,technical,medium
0.45,0.59,5,291,7,0,0,1,technical,low
0.53,0.45,3,246,2,0,0,0,finance,low
0.44,0.73,5,185,4,0,0,0,technical,medium
0.16,0.61,4,241,4,0,0,0,product_mng,low
0.22,0.92,4,181,2,0,1,0,product_mng,medium
0.8,0.61,7,160,7,0,0,0,marketing,low
0.27,0.4,7,143,3,1,0,0,hr,low
0.12,0.44,6,117,2,1,1,0,technical,low
0.25,0.91,7,236,9,0,1,0,IT,medium
0.37,0.36,6,124,2,0,0,0,finance,low
0.44,0.88,6,192,7,0,1,0,marketing,low
0.58,0.89,4,113,8,0,0,0,marketing,high
0.3,0.8,5,140,2,0,0,0,support,low
0.35,0.89,5,223,4,1,0,0,sales,medium
0.45,0.36,3,277,5,0,0,0,management,medium
0.61,0.42,2,136,10,0,0,0,technical,low
0.49,0.36,5,288,8,0,1,0,IT,low
0.42,0.94,7,173,6,1,0,0,finance,low
0.55,0.8,3,145,7,1,0,0,sales,high
0.45,0.78,5,124,8,0,0,0,IT,medium
0.56,0.45,7,238,8,0,1,0,RandD,low
0.19,0.87,5,297,9,0,0,0,hr,low
0.23,0.61,5,253,10,0,1,0,support,low
0.76,0.71,2,126,4,0,1,0,sales,high
0.49,0.77,2,127,7,0,0,0,hr,low
0.75,0.7,7,208,8,0,0,0,RandD,low
0.38,0.81,6,146,8,0,1,0,management,medium
0.17,0.49,7,117,7,0,0,0,marketing,medium
0.78,0.64,6,150,3,1,0,0,support,low
0.55,0.43,5,178,8,1,0,0,support,low
0.61,0.57,5,144,7,0,0,0,management,low
0.21,0.62,6,122,7,0,0,0,hr,medium
0.71,0.38,6,105,4,0,1,0,marketing,medium
0.38,0.82,6,103,5,0,0,0,marketing,low
0.69,0.88,7,259,5,0,0,0,RandD,low
0.14,0.36,4,236,7,0,1,0,sales,low
0.3,0.36,5,147,3,0,0,0,sales,medium
0.65,0.78,4,310,10,0,0,0,hr,low
0.49,0.36,2,133,4,0,0,0,management,low
0.07,0.59,6,197,8,0,1,0,marketing,medium
0.37,0.54,2,263,7,0,0,0,technical,low
0.49,0.62,4,127,6,1,0,0,support,low
0.59,0.49,2,268,10,0,0,0,management,low
0.29,0.85,7,114,8,1,0,0,finance,low
0.13,0.58,7,164,9,0,0,0,marketing,medium
0.17,0.36,4,290,7,0,1,0,RandD,medium
0.12,0.36,2,124,2,0,1,0,marketing,medium
0.69,0.57,7,105,5,0,0,0,RandD,low
0.27,0.36,3,236,3,0,0,0,IT,medium
0.47,0.84,4,144,8,0,0,0,product_mng,medium
0.41,0.7,2,295,6,0,0,0,product_mng,low
0.28,0.49,4,115,6,0,0,0,marketing,medium
0.26,0.44,3,214,10,0,0,0,marketing,medium
0.65,0.86,5,131,5,0,0,0,hr,low
0.34,0.54,3,248,4,0,1,0,IT,low
0.49,0.78,2,241,2,0,0,0,technical,medium
0.3,0.51,7,162,6,0,1,0,marketing,low
0.51,0.75,2,257,4,1,0,0,IT,medium
0.66,0.44,6,282,7,1,0,0,IT,low
0.29,0.36,6,173,9,0,1,0,product_mng,medium
0.25,0.4,4,133,3,0,1,0,hr,low
0.33,0.6,5,266,2,0,0,0,product_mng,high
0.35,0.69,7,228,5,0,0,1,management,low
0.39,0.87,2,263,10,0,0,0,RandD,low
0.03,0.53,4,114,5,0,0,0,support,low
0.06,0.54,4,97,5,0,0,0,product_mng,medium
0.34,0.86,2,146,6,0,0,0,technical,low
0.26,0.36,7,156,3,0,0,0,technical,medium
0.68,0.94,4,128,3,0,1,0,RandD,low
0.53,0.55,7,303,3,1,0,0,hr,medium
0.33,0.68,6,306,8,0,0,0,RandD,low
0.39,0.36,3,173,8,0,0,0,support,medium
0.6,0.71,5,100,10,0,0,0,support,low
0.33,0.52,5,195,10,0,0,0,marketing,medium
0.85,0.55,7,214,3,0,0,0,support,low
0.58,0.65,4,177,5,0,0,0,hr,low
0.68,0.36,5,184,8,0,0,0,finance,low
0.5,0.65,3,96,5,0,0,0,sales,low
0.15,0.94,7,159,3,0,0,0,marketing,low
0.21,0.36,2,232,4,0,1,0,marketing,medium
0.48,0.36,2,235,7,0,1,0,IT,medium
0.11,0.7,6,214,5,0,0,0,support,low
0.21,0.64,5,184,5,0,1,0,hr,low
0.39,0.69,5,193,8,0,1,0,sales,medium
0.26,0.54,6,297,10,0,0,0,IT,medium
0.29,0.53,6,187,8,0,0,0,support,low
0.77,0.47,7,213,10,1,0,0,RandD,low
0.23,0.49,2,283,7,0,0,0,product_mng,low
0.56,0.4,6,117,2,1,1,0,IT,low
0.63,0.74,2,171,6,1,0,0,IT,low
0.32,0.94,6,115,5,0,1,0,finance,high
0.48,0.36,5,195,3,0,0,0,support,low
0.23,0.38,7,122,5,0,0,0,sales,high
0.72,0.4,7,277,8,1,1,0,RandD,low
0.57,0.59,5,106,6,0,0,0,sales,medium
0.3,0.54,2,268,9,0,1,0,product_mng,medium
0.04,0.67,6,105,3,0,0,0,support,medium
0.5,0.78,7,101,4,0,0,0,product_mng,medium
0.17,0.7,4,292,7,0,0,0,product_mng,medium
0.29,0.63,5,209,4,0,0,0,finance,medium
0.6,0.87,3,289,6,0,0,0,technical,high
0.33,0.51,5,224,7,1,1,0,product_mng,low
0.55,0.87,5,105,5,1,0,0,technical,low
0.39,0.75,6,139,7,1,1,0,product_mng,low
0.28,0.57,6,245,3,1,0,0,sales,medium
0.06,0.53,7,101,3,0,0,0,RandD,medium
0.64,0.36,2,240,10,1,0,0,technical,low
0.45,0.36,5,290,6,0,1,0,sales,high
0.74,0.73,5,202,9,0,0,0,support,medium
0.07,0.69,5,191,5,0,0,0,finance,low
0.18,0.43,7,130,4,0,0,0,product_mng,low
0.38,0.67,3,173,4,0,1,0,sales,low
0.31,0.71,3,307,9,0,0,0,sales,medium
0.34,0.57,4,119,10,0,1,0,management,medium
0.19,0.81,4,149,5,0,1,0,management,medium
0.41,0.77,4,187,7,1,0,0,finance,low
0.46,0.7,7,98,3,0,0,0,hr,low
0.41,0.67,6,264,10,0,0,0,sales,medium
0.71,0.63,5,220,8,0,0,0,management,low
0.56,0.36,4,251,8,0,0,0,support,high
0.27,0.82,2,308,10,0,0,0,finance,medium
0.28,0.36,2,214,4,0,0,0,finance,medium
0.27,0.71,6,165,9,1,0,0,marketing,low
0.43,0.98,5,131,8,1,0,0,sales,medium
0.41,0.68,4,296,9,0,0,0,RandD,medium
0.39,0.67,7,157,6,0,0,0,management,low
0.54,0.7,2,209,6,1,0,0,management,low
0.73,0.68,2,221,4,1,0,0,support,medium
0.72,0.72,2,118,9,0,0,0,RandD,low
0.31,0.58,6,142,3,0,0,0,sales,low
0.47,0.76,3,190,9,0,0,0,support,medium
0.59,0.54,7,183,7,0,0,0,IT,medium
0.3,0.76,5,240,10,0,1,0,RandD,low
0.59,0.36,3,264,5,0,0,0,management,low
0.45,0.36,3,193,8,0,1,0,marketing,low
0.52,0.55,5,100,3,0,1,0,hr,medium
0.69,0.67,4,285,3,0,0,0,sales,medium
0.78,0.56,7,208,4,1,0,0,finance,medium
0.36,0.65,5,152,8,0,0,0,sales,low
0.52,0.41,5,161,10,0,1,0,sales,medium
0.54,0.36,2,206,7,0,0,0,marketing,medium
0.42,0.61,2,309,7,0,0,0,RandD,low
0.18,0.58,7,211,8,0,0,0,IT,medium
0.3,0.6,6,228,3,1,0,0,finance,high
0.17,0.46,2,185,10,0,0,0,sales,medium
0.21,0.36,2,180,4,0,1,0,finance,low
0.32,0.36,2,218,7,0,0,0,management,high
0.52,0.76,3,289,6,0,1,0,sales,low
0.4,0.75,5,180,8,0,1,0,support,low
0.44,0.81,7,110,5,0,1,0,management,high
0.44,0.56,5,301,4,0,0,0,technical,low
0.2,0.87,2,121,10,0,0,0,support,low
0.72,0.9,5,103,7,0,1,0,support,medium
0.22,0.49,6,268,9,0,0,0,management,medium
0.08,0.36,6,157,9,0,0,0,product_mng,medium
0.74,0.73,3,239,3,0,0,0,technical,medium
0.26,0.78,7,197,6,0,0,0,technical,medium
0.38,0.72,3,245,2,0,0,0,IT,low
0.39,0.6,5,272,4,0,0,0,product_mng,low
0.22,0.45,3,151,7,0,1,0,management,high
0.28,0.56,5,118,5,0,0,0,IT,high
0.23,0.41,4,231,4,0,1,0,technical,medium
0.48,0.38,2,166,9,0,1,0,sales,medium
0.1,0.74,6,249,3,1,1,0,sales,medium
0.32,0.71,4,117,2,1,0,0,support,medium
0.28,0.75,7,276,7,0,1,0,management,low
0.41,0.96,2,249,6,0,1,0,technical,low
0.31,0.67,6,259,2,0,0,0,finance,low
0.6,0.36,4,130,10,0,0,0,finance,medium
0.12,0.36,5,168,7,0,1,0,technical,low
0.01,0.45,4,299,5,0,0,0,sales,medium
0.41,0.49,2,172,10,0,0,0,hr,medium
0.39,0.7,6,305,9,0,1,0,sales,high
0.39,0.59,4,194,10,0,0,1,technical,low
0.41,0.66,4,213,6,0,0,0,marketing,medium
0.01,0.65,6,161,9,0,0,0,marketing,low
0.37,0.88,2,98,3,0,1,0,management,low
0.52,0.55,5,140,2,0,0,0,sales,medium
0.39,0.72,3,294,9,1,0,0,finance,medium
0.43,0.7,7,219,7,0,1,0,finance,high
0.48,0.67,3,131,4,0,1,0,sales,medium
0.13,0.57,6,121,10,0,0,0,technical,medium
0.55,0.56,6,309,4,0,0,0,product_mng,high
0.54,0.84,7,177,5,1,0,0,sales,low
0.06,0.71,4,203,10,0,0,0,IT,low
0.69,0.67,7,259,6,0,0,0,technical,low
0.21,0.5,6,279,7,1,0,0,marketing,low
0.53,0.62,5,286,5,0,0,0,support,low
0.24,0.44,5,102,4,0,0,0,support,medium
0.53,0.82,5,139,7,0,1,0,hr,medium
0.77,0.66,7,153,6,0,0,0,hr,medium
0.6,0.68,2,257,3,0,0,0,product_mng,medium
0.11,0.82,7,121,8,0,0,0,marketing,low
0.39,0.36,3,269,6,0,0,0,finance,high
0.54,0.62,3,104,9,0,0,0,technical,low
0.42,0.84,3,135,2,1,0,0,sales,low
0.53,0.58,7,258,10,0,0,1,sales,low
0.17,0.46,6,268,10,0,0,0,technical,low
0.67,0.51,5,260,9,0,0,0,management,medium
0.42,0.9,5,108,9,0,0,0,RandD,low
0.37,0.45,5,139,7,1,1,0,marketing,medium
0.44,0.53,7,138,9,0,0,0,product_mng,low
0.07,0.62,2,105,6,0,0,0,RandD,high
0.25,0.66,5,279,10,0,0,0,technical,low
0.18,0.84,3,142,10,0,1,0,technical,low
0.55,0.46,5,141,2,1,0,0,hr,low
0.71,0.55,4,171,10,0,0,0,RandD,low
0.43,0.36,2,208,2,0,0,0,marketing,medium
0.48,0.65,4,97,7,0,0,1,finance,low
0.54,0.36,6,197,2,0,0,0,product_mng,medium
0.04,0.53,5,112,7,0,0,0,product_mng,low
0.15,0.71,7,293,9,0,0,0,support,low
0.92,0.56,7,207,6,0,0,0,hr,medium
0.29,0.58,2,158,5,0,0,0,product_mng,low
0.37,0.86,7,154,5,0,0,0,management,low
0.29,0.71,2,194,7,1,0,0,marketing,medium
0.77,0.36,5,197,2,0,0,0,technical,medium
0.75,0.56,5,278,9,0,0,0,management,medium
0.43,0.8,2,233,8,0,0,0,product_mng,low
0.44,0.88,6,110,2,0,0,0,support,low
0.28,0.5,5,274,6,0,0,0,management,medium
0.35,0.68,2,194,4,0,0,0,sales,medium
0.52,0.77,2,270,2,0,0,0,finance,low
0.23,0.54,7,214,4,0,0,0,finance,high
0.58,0.8,6,186,10,0,0,0,technical,medium
0.16,0.67,7,113,8,0,1,0,technical,medium
0.67,0.46,2,203,6,1,0,0,support,low
0.43,0.98,6,100,4,0,1,0,marketing,high
0.48,0.48,6,263,2,0,0,0,management,low
0.72,0.36,3,244,2,0,0,0,hr,medium
0.21,0.58,6,272,3,0,0,0,RandD,low
0.31,0.85,4,252,3,0,0,0,product_mng,low
0.26,0.83,5,170,3,1,0,0,sales,medium
0.64,0.63,5,239,2,0,0,0,IT,low
0.33,0.9,3,309,10,0,0,0,support,low
0.38,0.94,5,139,2,0,0,0,technical,low
0.68,0.83,7,193,4,0,0,0,management,low
0.57,0.77,4,166,4,0,0,0,IT,medium
0.5,0.75,6,116,8,0,0,0,product_mng,low
0.11,0.61,6,145,10,1,1,0,marketing,low
0.54,0.52,4,119,4,1,0,0,product_mng,high
0.62,0.78,5,180,2,0,0,0,product_mng,medium
0.41,0.86,7,210,9,0,0,0,RandD,medium
0.36,0.78,4,213,7,0,0,0,IT,low
0.63,0.69,2,131,2,0,0,0,technical,low
0.77,0.42,7,309,4,0,1,0,finance,medium
0.49,0.77,7,273,4,1,1,0,management,low
0.4,0.78,6,98,8,0,0,0,hr,low
0.2,0.85,6,275,6,0,0,0,technical,high
0.56,0.44,7,196,10,0,0,0,RandD,high
0.33,0.84,6,298,2,1,0,0,product_mng,low
0.5,0.65,7,203,9,0,1,0,IT,low
0.37,0.84,5,257,9,0,1,0,marketing,low
0.54,0.44,6,185,9,0,0,0,support,medium
0.58,0.85,6,118,10,0,1,0,support,medium
0.16,0.36,5,255,6,1,0,0,sales,medium
0.26,0.63,7,179,4,1,1,0,RandD,low
0.16,0.51,6,104,5,0,0,0,support,low
0.72,0.77,5,121,7,0,1,0,technical,medium
0.41,0.36,4,270,6,0,0,0,RandD,low
0.2,0.74,4,110,7,0,0,0,support,medium
0.54,0.68,4,182,4,0,0,0,sales,medium
0.44,0.68,6,126,5,0,0,0,support,medium
0.82,0.68,3,123,3,0,0,0,sales,low
0.55,0.49,2,147,10,0,0,0,IT,medium
0.44,0.36,6,104,10,0,1,0,hr,medium
0.12,0.91,4,100,3,0,0,0,RandD,medium
0.62,0.84,7,111,10,1,0,0,sales,medium
0.17,0.52,3,281,2,0,0,0,finance,medium
0.42,0.64,4,256,6,1,0,0,product_mng,low
0.4,0.36,2,189,4,0,0,0,management,low
0.62,0.73,5,111,2,0,0,0,finance,medium
0.39,0.66,5,169,8,0,0,0,RandD,low
0.47,0.55,3,117,4,0,0,0,product_mng,low
0.57,0.54,3,278,3,0,0,0,finance,medium
0.65,0.59,2,183,3,0,0,0,hr,low
0.09,0.83,5,257,4,0,0,0,management,medium
0.46,0.73,7,173,9,0,0,0,technical,medium
0.96,0.4,5,270,4,0,0,0,IT,medium
0.54,0.4,6,166,9,0,0,0,IT,low
0.29,0.49,5,307,6,0,0,0,RandD,low
0.55,0.48,5,299,3,0,0,0,hr,low
0.23,0.68,2,163,8,0,0,0,IT,low
0.67,0.36,4,97,9,1,0,0,technical,low
0.34,0.43,7,215,3,0,0,0,IT,medium
0.31,0.73,2,108,3,1,0,0,hr,low
0.45,0.36,4,107,5,1,0,0,sales,low
0.6,0.95,2,197,10,0,0,0,product_mng,low
0.44,0.81,3,284,9,0,0,0,sales,medium
0.7,0.67,4,167,7,0,0,0,finance,low
0.2,0.66,7,208,6,0,0,0,marketing,low
0.77,0.93,4,218,3,0,0,0,sales,medium
0.14,0.52,3,263,2,0,1,0,product_mng,low
0.27,0.37,2,161,5,0,0,0,IT,medium
0.08,0.36,3,180,7,0,0,1,technical,low
0.69,0.86,3,300,10,0,1,0,finance,medium
0.27,0.58,3,229,2,0,0,0,marketing,medium
0.76,0.7,2,101,10,0,1,0,marketing,low
0.72,0.81,4,245,10,0,0,0,management,low
0.55,0.59,5,238,3,0,0,0,hr,low
0.2,0.79,7,197,5,0,0,0,technical,medium
0.16,0.36,6,116,9,0,0,0,hr,low
0.24,0.85,3,135,5,0,0,0,support,medium
0.28,0.8,3,295,5,0,1,0,management,low
0.6,0.36,2,169,6,1,0,0,RandD,medium
0.84,0.45,2,111,3,0,0,0,IT,low
0.09,0.36,2,106,3,1,0,0,management,low
0.13,0.48,2,153,2,0,0,0,support,high
0.8,0.36,4,100,4,0,0,0,management,low
0.5,0.81,4,179,7,0,1,0,management,medium
0.71,0.81,6,310,9,0,0,0,technical,medium
0.39,0.76,5,211,7,0,0,0,management,low
0.14,0.59,7,253,9,0,0,0,RandD,medium
0.33,0.54,3,280,2,0,1,0,IT,low
0.04,0.63,2,252,2,0,1,0,marketing,high
0.31,0.42,3,149,6,0,0,0,product_mng,low
0.81,0.84,7,160,8,0,0,0,technical,low
0.41,0.77,3,121,8,0,0,0,management,low
0.5,0.55,3,114,5,0,0,0,technical,low
0.35,0.54,5,262,9,0,1,0,finance,medium
0.13,0.48,5,212,7,0,1,0,marketing,medium
0.76,0.65,5,99,4,0,0,0,sales,medium
0.67,0.37,4,243,7,1,0,0,RandD,low
0.46,0.69,3,136,8,0,0,0,support,medium
0.24,0.42,7,286,3,1,1,0,management,low
0.25,0.36,2,258,9,0,0,0,marketing,medium
0.44,0.71,2,163,6,0,1,0,management,medium
0.88,0.84,4,214,3,0,0,0,hr,low
0.37,0.37,4,233,9,1,0,0,technical,medium
0.17,0.75,7,141,2,0,0,0,technical,medium
0.87,0.52,6,141,8,0,0,0,product_mng,low
0.14,0.64,7,134,8,0,0,0,management,low
0.37,0.84,6,152,2,0,0,0,management,medium
0.3,0.4,5,257,3,0,0,0,sales,low
0.2,0.75,4,132,7,0,1,0,RandD,low
0.35,0.55,4,254,9,0,0,0,RandD,low
0.27,0.36,6,256,7,0,0,0,sales,medium
0.48,0.56,5,298,3,0,0,0,finance,medium
0.2,0.77,7,238,5,1,0,0,marketing,low
0.32,0.6,7,171,3,0,0,0,finance,high
0.69,0.51,3,168,9,0,0,0,management,medium
0.29,0.66,2,166,9,0,1,0,RandD,medium
0.44,0.36,3,307,6,1,0,0,finance,low
0.43,0.63,4,97,5,0,1,0,sales,low
0.18,0.62,7,127,10,0,0,0,RandD,medium
0.26,0.36,3,277,4,0,0,0,finance,low
0.22,0.36,7,186,4,0,0,0,marketing,medium
0.63,0.72,6,257,3,0,0,0,technical,low
0.52,0.61,6,249,9,0,0,0,RandD,low
0.49,0.78,3,227,6,1,0,0,finance,medium
0.56,0.58,7,109,2,0,0,0,sales,medium
0.41,0.47,3,202,8,0,0,0,RandD,medium
0.55,0.72,6,167,10,0,0,0,support,low
0.28,0.36,5,261,8,0,1,0,marketing,medium
0.48,0.58,5,200,3,0,0,0,management,low
0.73,0.67,4,153,8,0,0,0,hr,low
0.21,0.6,2,114,7,0,0,1,hr,medium
0.19,0.56,6,202,6,1,1,0,RandD,medium
0.2,0.75,3,285,8,0,1,0,finance,medium
0.17,0.39,2,137,6,0,1,0,hr,medium
0.57,0.85,7,121,6,0,0,0,product_mng,low
0.22,0.82,4,310,7,0,0,0,sales,low
0.44,0.9,4,178,2,0,0,0,support,low
0.58,0.6,2,181,10,0,1,0,marketing,low
0.47,0.36,6,97,9,1,0,0,technical,medium
0.36,0.91,4,218,6,1,0,0,management,low
0.16,0.52,7,240,9,0,0,0,IT,medium
0.57,0.52,5,163,2,0,0,0,product_mng,low
0.53,0.6,3,193,7,0,0,0,IT,medium
0.16,0.48,2,254,7,0,0,0,support,low
0.32,0.63,2,97,7,0,0,0,hr,low
0.16,0.36,5,148,2,0,1,0,RandD,low
0.2,0.36,7,143,8,0,0,0,RandD,medium
0.63,0.45,4,292,4,0,1,0,marketing,low
0.24,0.38,7,286,6,0,0,0,support,medium
0.71,0.64,4,190,2,0,0,0,support,low
0.13,0.8,4,273,10,0,1,0,marketing,low
0.44,0.36,2,191,2,1,1,0,management,low
0.31,0.54,3,306,2,0,0,0,support,medium
0.43,0.49,2,122,9,0,1,0,product_mng,low
0.69,0.82,7,306,8,0,0,0,technical,high
0.12,0.49,7,304,10,0,0,0,management,medium
0.56,0.92,2,304,4,1,0,0,sales,low
0.14,0.91,5,171,5,0,0,0,hr,medium
0.34,0.68,7,129,2,0,0,0,support,medium
0.49,0.83,5,220,8,0,0,1,management,low
0.32,0.76,5,221,4,0,1,0,product_mng,low
0.03,0.92,3,132,6,0,0,0,management,low
0.84,0.36,6,191,4,0,1,0,product_mng,low
0.37,0.55,5,131,7,0,0,0,support,medium
0.77,0.95,4,175,7,0,0,0,sales,medium
0.53,0.82,2,169,7,0,0,0,finance,low
0.04,0.36,6,141,4,0,0,0,finance,medium
0.57,0.62,5,175,9,0,0,0,product_mng,medium
0.11,0.36,6,186,6,0,0,0,support,medium
0.67,0.7,5,137,2,0,0,0,technical,medium
0.07,0.57,2,197,3,1,0,0,RandD,medium
0.43,0.81,2,293,8,0,0,0,sales,low
0.59,0.78,4,309,4,0,0,0,RandD,low
0.31,0.73,3,168,3,0,0,0,management,low
0.04,0.56,7,103,3,0,0,0,hr,medium
0.6,0.77,4,134,2,0,0,0,management,low
0.22,0.52,3,171,7,0,0,0,IT,low
0.34,0.72,7,171,10,0,0,0,hr,low
0.55,0.71,5,287,9,0,1,0,finance,medium
0.27,0.63,7,144,9,1,0,0,technical,low
0.81,0.94,3,178,4,0,0,0,support,low
0.46,0.36,2,172,9,0,0,0,support,medium
0.59,0.65,7,139,3,0,0,0,product_mng,low
0.6,0.64,3,186,6,0,0,1,support,low
0.16,0.48,3,249,2,0,0,0,finance,low
0.13,0.53,4,122,7,0,0,0,support,high
0.14,0.55,5,294,8,0,0,0,finance,low
0.3,0.55,3,297,7,0,0,0,support,medium
0.56,0.61,5,233,2,0,0,0,product_mng,low
0.21,0.78,5,124,10,0,1,0,support,high
0.43,0.72,3,124,10,0,0,0,support,low
0.16,0.4,5,155,3,0,1,0,support,medium
0.64,0.7,6,249,7,0,0,0,finance,high
0.46,0.7,2,223,7,0,0,0,sales,low
0.38,0.9,4,126,4,0,0,0,product_mng,low
0.33,0.49,2,143,7,0,1,0,hr,low
0.35,0.81,4,303,3,0,0,0,marketing,medium
0.09,0.44,3,107,2,0,0,0,hr,low
0.35,0.74,5,191,6,0,1,0,product_mng,medium
0.23,0.36,4,285,3,0,0,0,technical,low
0.01,0.51,7,157,4,0,0,0,IT,medium
0.16,0.8,3,169,6,0,0,0,finance,medium
0.6,0.72,3,153,8,0,1,0,IT,low
0.59,0.46,4,144,10,0,0,0,technical,medium
0.41,0.39,3,167,8,0,0,0,hr,medium
0.81,0.87,4,198,5,0,0,0,hr,low
0.1,0.92,5,177,10,0,0,0,IT,low
0.37,0.91,5,300,6,0,0,0,hr,low
0.4,0.63,2,144,3,0,0,0,management,low
0.44,0.61,7,294,7,0,0,0,product_mng,medium
0.23,0.44,6,169,6,0,0,0,sales,medium
0.5,0.42,6,247,10,0,1,0,management,low
0.4,0.9,3,179,5,0,0,0,RandD,low
0.39,0.64,4,201,4,0,0,0,product_mng,low
0.62,0.6,2,304,7,1,0,0,management,low
0.47,0.61,3,189,4,0,0,0,technical,low
0.5,0.62,5,150,3,0,1,0,finance,low
0.42,0.49,6,110,6,0,0,0,management,medium
0.33,0.75,5,256,6,0,0,0,RandD,low
0.33,0.48,3,113,8,0,0,0,sales,medium
0.31,0.41,3,205,9,0,0,0,finance,high
0.16,0.75,3,154,8,0,0,1,management,low
0.74,0.93,2,144,8,1,0,0,product_mng,medium
0.42,0.37,2,198,2,0,1,0,product_mng,low
0.5,0.58,7,213,8,0,0,0,technical,low
0.17,0.89,4,238,3,0,0,0,IT,medium
0.36,0.7,4,156,7,0,1,0,IT,medium
0.57,0.5,6,298,2,0,0,0,management,medium
0.52,0.36,3,121,8,0,0,0,hr,low
0.14,0.87,5,303,2,0,0,0,management,medium
0.4,0.36,3,289,5,0,0,0,RandD,medium
0.58,0.8,2,244,10,0,0,0,sales,low
0.66,0.36,3,237,5,0,0,0,management,low
0.16,0.65,3,231,10,0,0,0,product_mng,medium
0.57,0.5,3,264,10,0,0,0,IT,medium
0.63,0.74,3,251,9,0,0,0,technical,low
0.31,0.41,7,188,10,0,1,0,sales,low
0.5,0.97,4,242,5,0,0,0,hr,medium
0.8,0.52,4,179,4,0,1,0,marketing,low
0.38,0.73,7,221,7,0,1,0,RandD,medium
0.23,0.73,6,307,9,1,0,0,support,medium
0.49,0.87,6,297,3,1,0,0,technical,low
0.31,0.79,4,180,7,0,0,0,technical,low
0.22,0.6,2,294,5,0,0,0,hr,high
0.4,0.88,6,190,2,0,0,0,marketing,medium
0.23,0.74,7,204,3,1,0,0,marketing,low
0.5,0.66,2,185,10,0,0,0,finance,medium
0.34,0.54,7,132,3,0,0,0,technical,low
0.47,0.51,3,118,4,1,1,0,marketing,low
0.52,0.92,3,289,9,0,1,0,support,medium
0.53,0.64,4,285,9,0,0,0,management,low
0.23,0.71,3,301,10,0,0,0,IT,high
0.52,0.68,4,151,6,0,0,0,marketing,medium
0.38,0.58,6,148,6,1,0,0,sales,medium
0.55,0.58,3,206,7,0,1,0,product_mng,low
0.66,0.58,5,205,10,0,0,0,marketing,high
0.79,0.59,6,195,3,0,0,0,hr,medium
0.25,0.68,2,110,2,0,1,0,sales,low
0.34,0.38,7,193,8,0,0,0,hr,high
0.26,0.74,7,213,4,0,1,0,technical,medium
0.33,0.88,5,170,6,0,0,0,sales,medium
0.28,0.36,5,224,6,0,0,0,product_mng,low
0.51,0.96,4,124,3,0,1,0,hr,low
0.53,0.49,4,138,4,1,0,0,marketing,high
0.64,0.53,7,306,10,0,0,0,RandD,medium
0.26,0.36,2,255,3,0,1,0,IT,low
0.26,0.61,2,152,4,0,1,0,technical,medium
0.55,0.36,6,225,3,0,1,0,hr,low
0.34,0.84,4,265,5,0,0,0,finance,medium
0.37,0.47,4,130,9,0,0,0,management,medium
0.54,0.79,3,269,7,0,1,0,hr,low
0.22,0.38,6,262,5,1,0,0,finance,medium
0.22,0.77,4,175,5,0,0,0,marketing,low
0.33,0.36,7,146,10,0,0,0,product_mng,medium
0.6,0.36,4,268,3,0,0,0,product_mng,low
0.34,0.62,2,262,9,0,0,0,marketing,medium
0.62,0.92,6,132,3,0,1,0,support,low
0.29,0.87,5,104,3,0,0,0,management,low
0.24,0.92,2,223,6,1,0,0,technical,medium
0.76,0.87,6,264,10,0,0,0,finance,low
0.06,0.47,3,215,5,0,0,0,support,low
0.6,0.43,5,215,2,0,1,0,support,low
0.42,0.85,2,145,9,0,1,0,product_mng,low
0.28,0.48,4,144,10,0,0,0,marketing,low
0.19,0.42,7,105,2,0,0,0,RandD,low
0.49,0.61,6,301,4,0,0,0,technical,low
0.95,0.67,4,108,6,0,1,0,marketing,low
0.44,0.5,2,225,9,0,0,0,RandD,high
0.3,0.37,2,119,9,0,0,0,IT,medium
0.18,0.36,2,161,4,0,0,0,support,high
0.26,0.72,6,103,4,0,0,0,product_mng,low
0.31,0.82,6,290,8,0,0,0,support,low
0.3,0.78,4,209,3,0,0,0,IT,low
0.69,0.53,2,226,6,0,0,0,IT,medium
0.38,0.36,6,265,7,0,1,0,technical,low
0.37,0.85,5,133,4,1,0,0,finance,medium
0.54,0.36,6,220,8,0,0,0,marketing,medium
0.06,0.7,7,217,2,0,1,0,marketing,medium
0.8,0.8,5,215,8,1,0,0,technical,low
0.72,0.54,3,237,4,1,0,0,product_mng,medium
0.06,0.45,5,146,8,0,1,0,management,low
0.47,0.89,3,280,7,0,0,0,marketing,high
0.56,0.56,7,309,6,0,0,0,hr,low
0.44,0.61,2,168,6,1,0,0,product_mng,high
0.34,0.75,4,112,6,0,0,0,management,low
0.08,0.81,2,242,10,0,0,0,product_mng,medium
0.3,0.54,6,218,9,0,0,0,sales,medium
0.43,0.81,7,286,8,0,0,0,finance,low
0.26,0.94,3,262,4,0,0,0,management,medium
0.34,0.66,3,258,3,1,0,0,finance,low
0.3,0.67,3,253,7,0,0,0,management,medium
0.71,0.69,4,264,4,0,0,0,support,medium
0.29,0.91,3,197,8,0,0,0,IT,high
0.13,0.36,2,118,3,0,0,0,RandD,medium
0.64,0.7,2,211,2,0,0,0,finance,medium
0.25,0.36,7,236,6,0,0,0,management,low
0.89,0.65,3,285,3,0,1,0,IT,low
0.74,0.45,7,208,2,0,0,0,sales,medium
0.58,0.68,4,310,5,0,1,0,sales,medium
0.35,0.72,3,210,7,1,0,0,marketing,low
0.53,0.83,7,176,7,0,0,0,finance,medium
0.36,0.9,6,202,10,0,1,0,management,low
0.65,0.79,7,157,7,0,0,0,IT,medium
0.26,0.66,3,105,7,0,0,0,management,low
0.48,0.36,4,214,9,1,0,0,sales,high
0.77,0.47,5,161,4,0,0,0,management,low
0.58,0.53,2,291,3,0,0,0,product_mng,low
0.54,0.72,6,202,5,1,0,0,finance,low
0.46,0.76,7,266,2,0,0,0,RandD,low
0.28,0.39,7,231,7,0,0,0,RandD,medium
0.47,0.44,2,166,8,0,0,0,sales,low
0.34,0.82,4,210,6,0,0,0,management,low
0.13,0.36,4,207,6,0,1,0,product_mng,medium
0.6,0.84,6,139,6,0,1,0,finance,low
0.81,0.58,5,284,2,0,0,0,RandD,medium
0.57,0.39,5,231,2,0,0,0,management,medium
0.23,0.84,6,283,8,0,1,0,technical,medium
0.18,0.83,5,151,2,1,0,0,finance,medium
0.78,0.82,5,205,10,0,0,0,management,low
0.83,0.55,4,239,2,0,1,0,RandD,high
0.52,0.45,2,192,6,0,0,1,RandD,low
0.34,0.59,3,125,9,0,0,0,RandD,low
0.06,0.42,5,199,9,1,0,0,sales,medium
0.24,0.8,5,116,2,1,0,0,technical,high
0.51,0.89,5,184,6,0,0,0,sales,medium
0.14,0.42,5,123,5,0,1,0,product_mng,medium
0.29,0.56,4,229,10,0,0,0,marketing,medium
0.25,0.68,3,193,4,0,0,0,management,medium
0.42,0.69,4,143,6,0,0,0,RandD,low
0.52,0.67,4,144,3,0,0,0,hr,medium
0.24,0.63,4,299,3,0,0,0,marketing,high
0.41,0.36,7,231,2,0,0,0,product_mng,low
0.12,0.36,5,258,5,0,0,0,finance,medium
0.45,0.92,5,297,4,0,0,0,marketing,low
0.48,0.98,3,167,2,0,0,0,product_mng,medium
0.61,0.7,4,127,10,0,0,0,marketing,medium
0.16,0.63,3,237,4,0,1,0,RandD,low
0.24,0.58,3,164,6,0,1,0,finance,high
0.66,0.73,3,253,10,0,0,0,finance,low
0.16,0.75,5,252,2,0,0,0,marketing,low
0.64,0.71,4,268,7,0,0,0,technical,low
0.28,0.85,5,148,3,0,0,0,support,low
0.3,0.87,4,188,5,0,1,0,management,low
0.35,0.61,4,217,2,0,0,0,technical,low
0.6,0.78,4,301,9,0,0,0,technical,medium
0.39,0.39,2,203,9,0,0,0,finance,low
0.63,0.8,2,173,6,1,0,0,support,low
0.51,0.68,3,128,6,0,0,0,hr,low
0.16,0.51,5,295,6,0,1,0,sales,medium
0.25,0.72,5,220,4,1,1,0,RandD,medium
0.4,0.43,3,206,2,0,0,0,support,medium
0.21,0.7,3,280,7,0,0,0,product_mng,medium
0.54,0.89,3,200,4,0,1,0,technical,medium
0.38,0.75,5,135,9,0,0,0,management,low
0.26,0.75,7,122,2,0,0,0,technical,low
0.32,0.88,7,251,4,0,0,0,technical,low
0.56,0.63,6,288,7,0,1,0,finance,low
0.66,0.36,3,155,5,0,0,0,technical,low
0.41,0.95,4,109,8,1,0,0,hr,low
0.77,0.93,3,151,9,0,0,0,sales,low
0.26,0.4,5,155,6,0,0,1,marketing,low
0.77,0.92,4,232,8,0,0,0,sales,medium
0.36,0.53,6,134,10,1,0,0,support,medium
0.39,0.79,6,228,2,1,0,0,technical,medium
0.66,0.52,5,167,7,1,0,0,marketing,medium
0.09,0.49,3,149,9,0,0,0,RandD,medium
0.53,0.74,4,306,8,0,0,0,management,medium
0.52,0.41,7,294,3,0,0,1,management,high
0.44,0.83,4,196,3,0,0,0,technical,low
0.1,0.78,4,207,7,0,0,0,technical,medium
0.6,0.37,7,185,3,0,0,0,finance,low
0.2,0.74,4,270,6,0,1,0,IT,low
0.43,0.6,5,280,2,0,1,0,product_mng,medium
0.16,0.36,4,154,2,0,0,0,management,medium
0.75,0.65,6,102,5,0,0,0,product_mng,low
0.37,0.77,2,298,10,1,0,0,marketing,low
0.76,0.54,4,131,5,0,1,0,RandD,low
0.68,0.78,4,150,10,0,1,0,management,high
0.27,0.54,3,189,2,0,0,0,sales,medium
0.7,0.36,2,138,4,0,0,0,technical,medium
0.32,0.66,4,183,2,0,0,0,finance,medium
0.22,0.54,4,105,8,0,0,0,finance,low
0.03,0.58,6,220,4,0,0,0,sales,low
0.69,0.77,5,246,8,0,0,0,technical,medium
0.04,0.95,5,264,9,1,0,0,technical,medium
0.38,0.38,6,264,9,0,0,0,technical,low
0.67,0.61,4,195,7,0,0,0,RandD,low
0.39,0.42,5,119,5,0,0,0,technical,medium
0.32,0.36,6,208,9,0,0,0,support,low
0.2,0.66,3,270,4,1,1,0,marketing,low
0.26,0.55,3,224,10,0,0,0,RandD,medium
0.45,0.65,2,308,2,0,0,0,hr,medium
0.15,0.6,3,228,9,0,0,0,management,low
0.46,0.8,2,289,10,0,0,0,product_mng,high
0.28,0.66,5,219,8,0,0,0,support,low
0.49,0.49,7,189,4,0,1,0,product_mng,low
0.7,0.72,4,104,3,0,0,0,product_mng,medium
0.49,0.57,5,223,9,1,0,0,product_mng,medium
0.58,0.84,2,196,8,0,0,0,support,low
0.42,0.52,6,180,10,0,0,0,product_mng,high
0.58,0.45,2,129,9,1,1,0,hr,low
0.13,0.36,5,147,6,0,1,0,support,low
0.37,0.93,7,183,6,0,0,0,product_mng,medium
0.23,0.71,4,192,10,0,1,0,technical,medium
0.41,0.82,3,224,6,0,1,0,technical,low
0.26,0.84,3,231,10,0,1,0,IT,medium
0.47,0.92,2,136,10,0,0,0,finance,medium
0.61,0.77,7,235,7,0,0,0,technical,low
0.28,0.59,7,97,5,0,0,0,hr,high
0.27,0.55,4,198,10,0,0,0,IT,medium
0.37,0.46,5,217,4,0,1,0,RandD,medium
0.12,0.76,3,296,5,0,0,0,IT,low
0.6,0.36,7,265,10,0,1,0,hr,low
0.26,0.75,4,293,8,0,0,0,hr,low
0.57,0.37,4,224,10,0,0,0,product_mng,medium
0.64,0.78,3,310,6,1,0,0,finance,medium
0.17,0.85,6,259,6,0,0,0,hr,medium
0.29,0.8,7,133,6,1,1,1,sales,medium
0.31,0.65,6,240,5,0,0,0,marketing,low
0.47,0.69,5,282,10,0,0,0,marketing,low
0.36,0.64,4,213,6,0,0,1,hr,medium
0.62,0.67,4,98,2,0,0,1,marketing,medium
0.16,0.69,4,310,7,0,0,0,RandD,medium
0.49,0.43,2,304,9,0,0,0,technical,medium
0.1,0.7,7,239,5,0,0,0,finance,medium
0.67,0.37,5,190,6,0,0,0,IT,medium
0.37,0.46,5,293,4,0,0,0,sales,medium
0.33,0.54,4,306,10,0,0,0,product_mng,low
0.44,0.5,4,305,4,0,0,0,RandD,low
0.75,0.6,2,129,2,0,0,0,finance,medium
0.4,0.94,2,257,6,0,1,0,RandD,medium
0.32,0.73,7,197,3,0,0,0,hr,medium
0.27,0.82,6,263,3,1,0,1,sales,low
0.14,0.46,7,216,8,0,0,0,product_mng,low
0.27,0.49,3,130,3,0,0,0,product_mng,medium
0.3,0.39,4,201,8,0,0,0,IT,low
0.53,0.62,7,163,10,0,0,0,support,low
0.46,0.98,2,248,7,0,0,0,RandD,low
0.34,0.52,3,181,9,0,0,0,IT,medium
0.24,0.48,5,240,7,0,1,0,RandD,medium
0.55,0.36,2,108,3,0,0,1,product_mng,low
0.33,0.58,4,234,6,0,1,0,support,medium
0.31,0.68,6,122,5,1,1,0,management,medium
0.14,0.36,6,145,9,0,1,0,support,low
0.5,0.89,7,277,3,0,1,0,marketing,medium
0.34,0.73,3,176,9,0,1,0,finance,low
0.36,0.71,7,206,9,0,1,1,marketing,low
0.5,0.77,4,180,5,0,0,0,RandD,low
0.64,0.36,6,107,6,0,0,0,finance,low
0.54,0.36,4,190,6,0,1,0,RandD,low
0.85,0.93,4,194,2,0,0,0,hr,medium
0.37,0.6,5,240,3,0,1,0,product_mng,low
0.33,0.59,6,122,5,1,0,0,RandD,low
0.22,0.5,4,148,6,0,0,0,technical,medium
0.67,0.81,3,166,7,0,0,0,marketing,medium
0.16,0.78,7,255,5,0,0,0,product_mng,medium
0.17,0.52,2,142,3,1,0,0,support,low
0.47,0.55,3,101,4,0,0,0,management,medium
0.25,0.78,5,192,9,0,0,0,RandD,medium
0.17,0.63,7,265,9,0,0,0,hr,medium
0.16,0.8,7,195,3,0,0,0,marketing,medium
0.28,0.73,7,277,8,0,0,0,management,low
0.11,0.73,6,213,10,1,1,0,management,low
0.33,0.54,6,288,7,0,1,0,IT,medium
0.41,0.53,2,241,3,0,0,0,IT,medium
0.46,0.36,6,164,2,0,0,0,RandD,low
0.37,0.38,3,287,5,0,0,0,marketing,medium
0.69,0.95,7,124,7,0,0,0,marketing,low
0.38,0.76,5,300,3,0,1,0,finance,low
0.18,0.57,6,255,5,0,0,0,management,low
0.19,0.66,2,265,8,0,0,0,technical,high
0.22,0.52,2,173,7,0,0,0,management,medium
0.66,0.7,4,245,7,0,1,0,sales,low
0.33,0.43,2,176,7,0,1,0,marketing,medium
0.39,0.91,7,127,8,0,0,0,management,medium
0.3,0.36,5,199,8,0,1,0,support,low
0.47,0.48,7,143,7,0,0,0,management,high
0.14,0.42,3,115,2,1,0,0,marketing,medium
0.33,0.78,4,104,8,1,0,0,marketing,low
0.28,0.38,6,214,3,0,0,0,hr,medium
0.2,0.68,7,214,6,0,0,0,finance,medium
0.18,0.49,6,215,3,0,0,0,technical,high
0.49,0.37,3,209,4,0,1,0,support,low
0.4,0.36,4,96,10,0,1,0,support,medium
0.76,0.36,5,296,5,0,1,0,technical,low
0.46,0.57,5,223,2,1,0,0,hr,low
0.47,0.67,5,101,8,0,1,0,hr,low
0.13,0.84,3,301,7,0,0,0,technical,low
0.47,0.6,3,236,4,0,0,0,hr,medium
0.6,0.62,7,194,4,0,0,0,product_mng,medium
0.04,0.84,7,102,6,0,1,0,management,medium
0.21,0.78,5,142,4,0,0,0,sales,medium
0.42,0.68,6,261,9,0,1,0,management,medium
0.14,0.85,3,168,10,1,0,0,hr,low
0.62,0.62,7,153,5,0,0,0,support,high
0.08,0.36,6,149,4,0,0,0,sales,low
0.66,0.75,4,193,9,0,0,0,IT,medium
0.76,0.67,5,160,3,0,0,0,hr,medium
0.59,0.4,5,238,6,0,0,0,IT,medium
0.19,0.49,3,262,10,0,0,0,finance,medium
0.37,0.58,7,289,2,0,1,0,hr,low
0.61,0.38,3,153,10,0,0,0,RandD,low
0.26,0.48,3,234,3,1,0,0,technical,medium
0.12,0.83,7,223,2,0,0,0,technical,low
0.22,0.55,5,260,3,0,0,1,management,low
0.21,0.37,4,283,7,1,0,0,hr,medium
0.85,0.38,6,104,4,1,0,0,product_mng,medium
0.59,0.97,6,233,9,0,0,0,support,medium
0.45,0.85,7,208,6,1,0,0,product_mng,medium
0.35,0.36,3,284,6,0,0,0,technical,low
0.08,0.59,5,140,4,0,1,0,RandD,low
0.17,0.39,5,213,4,0,0,0,finance,high
0.13,0.81,7,184,7,0,0,0,support,medium
0.75,0.55,4,294,2,0,0,0,finance,medium
0.76,0.36,5,270,10,0,0,0,IT,low
0.3,0.49,2,294,7,0,1,0,support,low
0.77,0.8,5,128,10,0,0,0,product_mng,low
0.64,0.86,2,117,10,0,0,0,RandD,medium
0.32,0.47,2,206,4,0,1,0,IT,low
0.09,0.57,6,152,10,0,0,0,hr,medium
0.17,0.66,3,172,7,1,0,0,IT,low
0.58,0.41,2,167,9,0,0,0,IT,low
0.4,0.82,5,115,10,0,0,0,management,high
0.09,0.5,7,278,5,0,0,0,finance,medium
0.27,0.58,4,153,3,0,0,1,sales,medium
0.22,0.98,7,140,9,0,0,0,support,medium
0.38,0.38,5,238,2,0,0,0,product_mng,low
0.11,0.5,7,250,8,0,0,0,sales,low
0.34,0.78,7,139,3,0,0,0,IT,low
0.21,0.6,6,301,5,0,0,0,hr,medium
0.46,0.38,6,213,9,0,1,0,marketing,high
0.31,0.51,4,280,5,0,0,0,finance,low
0.18,0.65,6,160,10,0,0,0,product_mng,low
0.11,0.58,2,288,5,0,0,0,management,medium
0.58,0.74,3,292,10,0,1,0,support,low
0.4,0.61,2,256,5,0,0,0,hr,medium
0.25,0.9,7,269,10,0,0,0,sales,medium
0.16,0.82,4,108,5,0,0,0,hr,low
0.25,0.36,3,265,9,0,0,0,sales,low
0.31,0.36,3,159,4,0,1,0,support,low
0.56,0.36,5,186,10,0,0,0,management,medium
0.31,0.53,4,181,2,0,0,1,hr,low
0.65,0.81,6,232,2,0,0,0,RandD,medium
0.48,0.36,4,209,2,0,0,0,RandD,low
0.68,0.49,7,297,7,0,0,0,product_mng,low
0.41,0.89,4,98,9,0,0,0,finance,low
0.53,0.73,7,147,6,0,0,0,support,medium
0.14,0.79,5,174,8,1,0,0,marketing,medium
0.28,0.65,4,134,7,0,0,0,product_mng,low
0.47,0.67,2,109,2,1,0,0,finance,low
0.72,0.74,2,136,4,1,1,0,management,medium
0.71,0.8,4,225,9,0,0,0,support,low
0.19,0.79,5,282,4,0,0,0,support,low
0.13,0.6,4,219,6,0,0,0,sales,medium
0.16,0.48,7,164,2,0,0,0,management,medium
0.3,0.5,4,267,2,0,1,0,sales,low
0.12,0.75,2,238,10,0,0,0,product_mng,low
0.44,0.8,5,144,4,0,0,0,hr,low
0.35,0.71,3,197,9,0,0,0,support,low
0.26,0.59,7,163,10,0,0,0,technical,low
0.44,0.71,7,111,8,1,0,0,marketing,low
0.67,0.36,3,118,4,0,1,0,product_mng,medium
0.62,0.65,7,213,7,0,0,0,technical,low
0.42,0.57,7,282,8,0,0,0,hr,low
0.54,0.83,5,255,10,1,1,0,hr,low
0.47,0.94,5,128,5,0,0,0,support,high
0.18,0.57,3,132,5,0,0,0,hr,medium
0.23,0.57,4,217,4,0,0,0,technical,low
0.54,0.36,2,122,10,0,1,0,finance,low
0.17,0.53,2,202,7,0,0,0,hr,low
0.23,0.88,3,197,10,1,0,0,technical,low
0.63,0.64,6,137,5,0,0,0,management,medium
0.72,0.96,7,287,4,0,0,0,hr,low
0.57,0.68,6,125,6,0,0,0,finance,medium
0.74,0.92,4,292,10,0,0,0,product_mng,medium
0.44,0.57,3,170,7,0,0,0,product_mng,medium
0.34,0.5,3,230,2,0,0,0,technical,low
0.03,0.75,6,268,10,0,0,0,RandD,medium
0.28,0.44,7,252,9,0,0,0,product_mng,medium
0.59,0.36,4,224,5,0,0,0,sales,medium
0.48,0.39,6,179,9,0,0,0,product_mng,medium
0.07,0.67,6,286,2,0,0,0,support,medium
0.32,0.49,6,206,4,0,0,0,hr,low
0.37,0.91,2,245,8,0,0,0,marketing,medium
0.46,0.36,3,226,2,0,0,0,RandD,low
0.77,0.68,4,282,6,0,0,0,product_mng,low
0.36,0.86,4,149,4,0,0,0,RandD,medium
0.27,0.52,3,150,2,0,1,0,sales,low
0.22,0.38,2,292,4,0,0,0,RandD,medium
0.44,0.68,3,211,3,0,1,0,IT,low
0.13,0.77,4,262,6,0,0,0,finance,medium
0.28,0.48,4,231,9,0,0,0,technical,medium
0.48,0.43,7,233,6,0,0,0,RandD,low
0.23,0.65,2,223,10,0,0,0,technical,medium
0.22,0.49,3,242,6,0,0,0,product_mng,low
0.66,0.68,2,222,3,0,0,0,IT,medium
0.45,0.74,6,128,8,0,0,0,product_mng,medium
0.44,0.66,3,138,9,0,0,0,finance,medium
0.48,0.36,5,270,9,0,1,0,hr,medium
0.23,0.59,2,102,3,0,0,0,technical,low
0.59,0.77,5,162,9,0,1,0,finance,low
0.28,0.72,7,231,5,0,1,0,support,medium
0.16,0.8,2,169,4,0,0,0,IT,low
0.4,0.68,4,192,3,0,0,0,finance,medium
0.27,0.97,5,309,7,0,1,0,technical,low
0.35,0.76,4,215,2,0,0,0,RandD,medium
0.32,0.43,4,254,5,1,0,0,sales,medium
0.43,0.39,4,142,3,0,0,0,management,medium
0.33,0.36,4,257,10,0,0,0,finance,low
0.24,0.64,3,179,10,0,0,0,sales,low
0.37,0.41,3,108,2,0,0,0,IT,low
0.46,0.76,6,129,7,0,0,0,hr,medium
0.6,0.79,4,102,4,0,1,0,management,low
0.35,0.8,6,283,2,0,0,0,marketing,high
0.66,0.6,6,107,4,0,1,0,management,low
0.44,0.66,5,193,4,0,0,0,technical,low
0.45,0.46,2,155,2,1,0,0,marketing,low
0.36,0.36,4,220,5,0,1,0,RandD,medium
0.51,0.37,3,120,10,0,1,0,finance,low
0.32,0.36,5,226,9,1,0,0,IT,low
0.52,0.7,7,263,7,0,1,0,sales,medium
0.85,0.42,7,289,4,0,1,0,RandD,low
0.39,0.49,7,134,10,0,0,0,management,medium
0.52,0.64,7,193,10,0,0,0,management,low
0.16,0.37,3,178,2,0,0,0,marketing,medium
0.85,0.71,6,295,4,0,0,0,product_mng,high
0.14,0.91,2,252,4,0,0,0,sales,medium
0.14,0.85,6,171,8,0,0,0,marketing,low
0.43,0.36,6,171,2,0,1,0,support,medium
0.82,0.6,2,187,6,0,0,0,RandD,low
0.36,0.62,4,183,6,0,0,0,RandD,low
0.09,0.45,6,298,5,0,0,0,finance,low
0.33,0.65,4,208,3,0,0,0,finance,high
0.5,0.71,5,267,8,0,1,0,finance,medium
0.3,0.36,4,281,6,0,0,0,sales,high
0.3,0.76,5,220,6,0,1,0,IT,low
0.53,0.9,7,99,10,0,0,0,management,medium
0.1,0.55,2,189,4,0,0,0,support,medium
0.17,0.69,6,209,5,0,0,0,finance,medium
0.47,0.36,6,239,4,0,0,0,technical,medium
0.08,0.56,6,205,7,0,1,0,technical,medium
0.24,0.39,5,258,6,0,1,0,marketing,medium
0.6,0.52,2,262,8,0,0,0,RandD,medium
0.38,0.74,7,105,8,0,0,1,technical,high
0.19,0.81,6,179,3,0,1,0,RandD,medium
0.55,0.41,2,143,4,1,0,0,technical,medium
0.13,0.36,6,101,4,1,1,0,technical,medium
0.15,0.36,7,242,10,0,0,0,finance,low
0.09,0.48,3,189,4,0,1,0,hr,medium
0.32,0.99,2,202,3,0,0,0,IT,low
0.64,0.53,5,305,10,0,0,0,RandD,low
0.26,0.84,7,158,2,0,0,0,technical,medium
0.29,0.6,7,149,2,0,1,0,RandD,medium
0.24,0.54,6,308,5,0,1,0,IT,low
0.33,0.85,2,217,6,0,0,0,management,medium
0.34,0.36,7,251,9,0,0,0,marketing,low
0.26,0.82,3,180,4,0,0,0,marketing,medium
0.63,0.83,7,167,5,1,0,0,management,low
0.43,0.7,6,221,8,0,0,0,sales,low
0.12,0.46,7,172,6,0,1,0,technical,medium
0.64,0.67,2,234,8,1,0,0,product_mng,medium
0.54,0.36,3,177,5,0,0,0,product_mng,medium
0.35,0.68,4,137,6,0,0,0,IT,low
0.21,0.7,5,224,2,0,0,0,IT,medium
0.52,0.67,5,304,9,0,0,0,finance,high
0.53,0.61,6,310,10,0,0,0,product_mng,low
0.63,0.41,6,211,4,0,1,0,hr,low
0.33,0.91,2,278,5,0,0,0,sales,high
0.19,0.61,6,265,2,0,0,0,technical,low
0.14,0.63,6,233,6,0,1,0,support,low
0.29,0.81,6,264,7,0,0,0,management,low
0.37,0.48,3,269,7,0,0,0,technical,medium
0.25,0.64,2,234,10,0,1,0,support,low
0.46,0.6,5,106,6,1,0,0,marketing,medium
0.26,0.55,7,227,8,1,0,0,RandD,medium
0.42,0.81,6,110,2,0,0,0,finance,low
0.43,0.51,5,102,10,0,0,0,finance,medium
0.3,0.76,4,163,8,0,1,0,RandD,low
0.26,0.47,5,197,10,0,0,0,hr,low
0.4,0.48,5,121,9,0,0,0,product_mng,medium
0.33,0.82,4,290,8,1,0,0,product_mng,low
0.46,0.72,3,197,2,0,0,0,IT,low
0.29,0.83,4,129,9,1,0,0,finance,low
0.44,0.5,6,253,3,0,0,0,IT,low
0.53,0.89,7,133,5,0,0,0,technical,low
0.29,0.71,7,298,6,0,0,0,support,medium
0.05,0.39,4,295,4,0,0,0,sales,low
0.35,0.41,7,126,2,0,0,0,RandD,medium
0.55,0.37,6,167,4,0,0,0,technical,medium
0.33,0.72,2,260,10,0,1,0,hr,low
0.62,0.68,6,155,3,0,0,0,marketing,medium
0.39,0.59,5,222,10,0,0,0,finance,medium
0.21,0.69,7,135,2,0,0,0,marketing,medium
0.54,0.42,4,159,5,0,0,1,marketing,low
0.19,0.57,3,228,5,0,0,0,management,low
0.61,0.78,2,169,8,0,1,0,technical,low
0.15,0.36,2,279,2,0,0,0,sales,high
0.07,0.77,2,167,6,0,0,0,IT,medium
0.44,0.68,2,120,7,0,1,0,sales,medium
0.53,0.36,5,112,2,0,1,0,RandD,medium
0.59,0.36,7,180,9,0,0,0,hr,low
0.13,0.78,4,252,7,0,0,0,RandD,low
0.17,0.66,3,178,10,0,0,0,hr,low
0.16,0.83,3,115,6,0,1,0,hr,medium
0.38,0.6,3,113,5,0,0,0,management,low
0.31,0.43,4,288,2,0,0,0,hr,high
0.4,0.87,7,112,3,0,0,0,finance,medium
0.39,0.46,4,108,9,1,0,0,RandD,medium
0.65,0.36,7,259,5,0,0,0,finance,medium
0.62,0.36,3,135,4,0,0,0,hr,low
0.25,0.59,6,236,8,0,0,0,hr,medium
0.21,0.78,6,131,4,0,1,0,IT,low
0.21,0.36,6,263,8,1,1,0,IT,medium
0.25,0.74,2,208,6,0,1,0,technical,medium
0.25,0.78,3,115,9,0,0,0,sales,low
0.58,0.61,7,212,7,0,0,0,marketing,low
0.38,0.57,2,194,4,0,1,0,RandD,low
0.43,0.49,3,203,4,1,0,0,RandD,low
0.1,0.36,5,226,9,0,0,0,sales,high
0.3,0.58,5,122,6,0,1,0,hr,medium
0.34,0.36,6,110,10,0,1,0,management,medium
0.16,0.63,7,180,4,0,0,0,technical,low
0.15,0.85,5,270,3,0,1,0,IT,medium
0.3,0.74,2,101,9,0,0,0,finance,medium
0.66,0.46,6,156,2,0,0,0,technical,medium
0.55,0.68,5,113,2,0,0,0,management,medium
0.45,0.71,3,224,8,0,0,0,support,low
0.18,0.88,7,183,6,0,0,0,IT,low
0.26,0.71,7,310,7,0,0,0,marketing,medium
0.81,0.77,5,308,2,0,0,0,support,low
0.73,0.68,7,240,10,0,0,0,finance,low
0.19,0.36,7,172,6,0,0,0,support,medium
0.27,0.62,6,135,7,0,0,0,product_mng,medium
0.31,0.74,5,187,7,0,1,0,support,medium
0.17,0.81,5,129,10,0,0,0,product_mng,low
0.35,0.46,3,159,2,0,0,0,product_mng,low
0.28,0.62,3,130,6,0,0,0,hr,low
0.73,0.36,7,148,3,1,0,0,product_mng,medium
0.68,0.86,5,259,4,0,0,0,technical,low
0.09,0.42,2,241,2,0,1,0,management,low
0.22,0.52,5,190,6,1,1,0,product_mng,low
0.57,0.72,2,238,5,0,0,0,support,low
0.37,0.53,7,180,4,0,0,0,technical,medium
0.38,0.36,7,128,10,0,0,0,sales,low
0.35,0.83,7,184,8,0,0,0,RandD,high
0.18,0.9,5,101,8,0,1,0,product_mng,high
0.39,0.61,6,110,8,0,0,0,support,medium
0.41,0.53,5,275,6,0,0,0,support,medium
0.09,0.47,7,110,10,0,0,0,RandD,low
0.18,0.67,2,294,6,0,0,0,technical,medium
0.23,0.49,3,227,3,0,0,0,hr,medium
0.33,0.85,2,261,4,0,1,0,support,low
0.6,0.79,5,101,10,0,1,0,technical,low
0.57,0.91,7,250,2,0,1,0,technical,medium
0.45,0.76,3,209,9,0,0,0,finance,medium
0.86,0.88,5,165,5,0,0,0,support,medium
0.08,0.75,4,245,7,0,1,0,marketing,medium
0.51,0.71,5,113,4,0,0,0,product_mng,high
0.24,0.36,4,184,5,1,0,0,product_mng,low
0.34,0.9,7,222,4,0,0,0,support,low
0.65,0.36,2,271,6,0,0,0,management,low
0.17,0.53,2,224,10,0,0,0,hr,low
0.82,0.8,5,284,8,0,0,0,IT,low
0.37,0.65,3,172,2,0,0,0,support,low
0.02,0.73,2,242,5,0,0,0,RandD,low
0.24,0.57,4,161,10,0,0,0,IT,low
0.59,0.38,3,191,5,0,0,0,RandD,medium
0.92,0.79,5,272,5,1,0,0,product_mng,low
0.09,0.93,4,272,9,0,0,0,management,medium
0.65,0.48,5,100,4,1,0,0,marketing,medium
0.43,0.59,3,218,8,0,1,0,IT,low
0.39,0.36,6,194,7,0,1,0,sales,medium
0.75,0.91,3,136,6,0,0,0,management,low
0.36,0.89,7,305,6,0,0,0,management,medium
0.3,0.36,3,157,2,1,1,0,support,medium
0.06,0.37,2,243,7,0,0,0,marketing,medium
0.58,0.44,2,172,7,0,0,0,technical,high
0.2,0.64,3,169,5,0,0,0,sales,low
0.45,0.7,5,203,8,0,1,0,IT,medium
0.54,0.65,4,279,5,1,0,0,sales,low
0.64,0.62,7,112,4,0,0,0,hr,medium
0.89,0.6,4,99,2,0,0,0,management,low
0.09,0.72,7,207,2,0,0,0,product_mng,high
0.35,0.59,4,271,9,0,0,0,finance,low
0.38,0.45,7,246,7,0,0,0,RandD,low
0.32,0.76,2,180,4,1,0,0,RandD,low
0.2,0.36,5,281,4,1,0,0,IT,medium
0.19,0.36,4,224,3,0,0,0,sales,medium
0.3,0.7,2,274,7,0,0,0,support,high
0.56,0.61,2,194,8,1,0,0,sales,low
0.33,0.68,7,154,5,0,0,0,IT,low
0.16,0.75,6,229,8,0,0,0,hr,low
0.39,0.82,2,244,6,1,0,0,product_mng,high
0.4,0.4,6,306,2,0,0,0,sales,low
0.39,0.93,7,132,2,0,0,0,technical,low
0.79,0.8,6,179,8,0,0,0,finance,medium
0.27,0.7,7,278,5,0,0,0,finance,low
0.29,0.88,5,215,7,0,0,0,hr,low
0.63,0.7,2,234,9,0,0,0,RandD,medium
0.65,0.68,4,273,9,0,0,0,sales,medium
0.74,0.66,4,287,8,0,1,0,IT,medium
0.7,0.69,5,165,7,1,0,0,technical,medium
0.16,0.85,2,113,5,1,0,0,product_mng,medium
0.37,0.47,4,253,9,0,0,0,IT,low
0.12,0.7,5,242,7,0,1,0,technical,medium
0.31,0.36,7,125,5,0,0,1,management,low
0.22,0.85,2,240,2,1,0,0,finance,medium
0.38,0.86,6,197,5,1,0,0,management,medium
0.16,0.68,6,284,7,0,0,0,marketing,medium
0.19,0.8,5,218,7,0,0,0,marketing,medium
0.65,0.72,3,101,3,0,1,0,product_mng,medium
0.16,0.61,6,241,10,0,0,0,IT,low
0.16,0.82,7,109,9,0,0,0,technical,medium
0.25,0.45,7,228,7,0,0,0,technical,low
0.71,0.85,3,99,6,0,0,0,marketing,medium
0.37,0.89,2,104,5,0,0,0,management,medium
0.14,0.69,3,203,9,0,0,0,support,medium
0.48,0.85,2,130,7,0,0,0,product_mng,low
0.59,0.77,4,266,4,0,0,0,technical,medium
0.61,0.7,2,161,8,0,0,0,management,low
0.31,0.71,2,295,5,0,0,0,finance,medium
0.35,0.79,2,265,7,0,0,0,finance,low
0.5,0.66,6,251,7,0,0,0,hr,medium
0.41,0.56,5,304,8,0,0,0,marketing,low
0.01,0.75,4,295,9,1,0,0,technical,low
0.75,0.58,5,187,7,0,1,0,technical,medium
0.44,0.72,2,296,3,0,0,0,sales,medium
0.16,0.49,7,242,2,1,0,0,management,medium
0.64,0.58,6,298,5,0,0,0,sales,medium
0.53,0.36,3,112,6,0,0,0,product_mng,low
0.36,0.77,4,155,6,0,0,0,hr,low
0.52,0.53,6,127,10,0,0,0,technical,low
0.49,0.52,5,171,6,0,0,0,IT,medium
0.45,0.61,6,129,5,0,0,0,hr,medium
0.38,0.48,4,172,6,1,0,0,product_mng,low
0.52,0.81,4,163,9,0,0,0,hr,low
0.52,0.77,2,296,4,1,0,0,product_mng,low
0.21,0.66,5,114,8,0,0,0,technical,medium
0.71,0.79,2,132,5,0,0,0,RandD,low
0.16,0.56,2,163,3,0,0,0,management,medium
0.38,0.41,6,210,9,0,0,0,RandD,medium
0.25,0.47,7,152,8,1,0,1,management,low
0.2,0.96,3,296,5,0,0,0,finance,low
0.27,0.81,2,291,9,0,0,0,RandD,low
0.17,0.55,6,179,8,0,0,0,RandD,low
0.09,0.56,6,125,9,1,0,0,technical,medium
0.73,0.56,6,210,4,0,0,0,technical,low
0.49,0.65,2,277,5,0,1,0,sales,low
0.16,0.48,4,113,6,0,0,0,support,high
0.46,0.37,3,125,5,0,0,0,RandD,medium
0.33,0.76,5,158,4,0,0,0,finance,low
0.3,0.4,4,168,4,0,1,0,support,low
0.34,0.65,4,126,5,0,1,0,RandD,low
0.44,0.77,3,264,7,0,0,0,sales,low
0.02,0.87,4,119,2,0,0,0,management,medium
0.64,0.47,2,168,7,0,0,0,management,low
0.38,0.7,5,235,5,0,1,0,IT,low
0.17,0.6,6,161,7,0,0,0,hr,medium
0.55,0.36,7,295,9,0,0,0,sales,medium
0.64,0.63,3,285,2,0,1,0,hr,medium
0.21,0.45,3,267,10,0,0,0,support,low
0.53,0.36,6,309,3,0,1,0,RandD,low
0.08,0.69,3,184,9,0,1,0,support,low
0.73,0.83,5,106,4,0,0,0,product_mng,medium
0.36,0.74,2,211,10,0,0,0,finance,medium
0.83,0.93,7,155,3,0,0,0,product_mng,low
0.28,0.86,7,196,4,0,0,0,technical,low
0.19,0.74,2,176,7,0,0,0,IT,medium
0.24,0.61,2,210,3,0,0,0,hr,low
0.36,0.55,4,109,4,0,0,0,support,low
0.17,0.85,5,268,3,0,1,0,RandD,low
0.72,0.75,4,140,6,0,0,0,technical,medium
0.39,0.84,2,145,8,1,0,0,finance,low
0.24,0.7,3,256,6,0,0,0,IT,low
0.69,0.6,3,267,7,0,0,0,hr,medium
0.06,0.5,5,264,6,0,1,0,finance,medium
0.53,0.36,3,308,5,0,0,0,support,medium
0.06,0.36,4,228,6,0,0,0,hr,low
0.27,0.47,5,282,9,0,0,0,marketing,medium
0.68,0.61,3,261,9,0,0,0,marketing,medium
0.36,0.64,3,192,7,0,0,0,marketing,low
0.26,0.78,5,255,10,0,0,0,IT,low
0.56,0.68,2,241,3,0,0,0,support,medium
0.25,0.36,3,308,10,0,1,0,product_mng,low
0.42,0.97,3,107,4,0,0,0,marketing,medium
0.16,0.8,2,144,9,0,0,0,technical,low
0.25,0.66,6,150,2,1,1,0,marketing,medium
0.34,0.36,3,258,3,0,0,0,IT,low
0.54,0.61,2,120,3,0,1,0,IT,low
0.47,0.36,3,118,3,0,0,0,sales,low
0.53,0.36,4,295,9,0,1,0,marketing,medium
0.5,0.36,2,120,8,0,0,0,RandD,medium
0.37,0.8,4,100,5,0,1,0,support,low
0.78,0.36,5,270,8,1,0,0,support,low
0.34,0.76,5,197,5,1,0,0,IT,low
0.31,0.36,4,192,4,1,0,0,management,low
0.46,0.41,5,253,9,0,0,0,technical,low
0.42,0.72,5,236,5,0,0,0,RandD,medium
0.38,0.47,3,300,7,0,0,0,hr,low
0.25,0.95,4,229,8,0,0,0,sales,medium
0.55,0.58,7,246,3,0,1,0,technical,low
0.5,0.65,6,157,8,0,0,0,technical,low
0.53,0.56,5,239,4,0,0,0,management,low
0.19,0.58,4,242,2,0,0,0,sales,low
0.47,0.53,5,226,5,0,0,0,product_mng,medium
0.55,0.78,4,204,3,0,1,0,technical,medium
0.3,0.56,4,167,5,0,0,0,RandD,medium
0.28,0.45,7,268,2,0,0,0,support,medium
0.47,0.38,3,254,5,0,0,0,marketing,medium
0.03,0.36,2,97,6,0,1,0,sales,medium
0.39,0.51,3,205,3,0,0,0,management,medium
0.25,0.73,2,158,6,0,0,0,sales,medium
0.45,0.7,4,139,2,1,0,0,finance,medium
0.28,0.7,3,106,8,0,0,0,technical,medium
0.4,0.49,3,111,7,0,0,0,management,medium
0.21,0.36,7,248,5,0,0,0,IT,low
0.41,0.52,5,133,2,0,0,0,sales,medium
0.28,0.96,3,309,8,0,0,0,sales,medium
0.3,0.52,4,162,8,0,1,0,hr,low
0.42,0.48,3,165,5,0,1,0,finance,medium
0.1,0.74,5,135,8,0,0,0,product_mng,low
0.6,0.91,5,235,5,1,0,0,sales,medium
0.5,0.4,4,184,7,0,0,0,hr,low
0.37,0.51,5,134,3,0,0,0,finance,medium
0.04,0.71,4,110,6,0,0,0,product_mng,low
0.53,0.36,6,200,3,0,1,0,support,low
0.44,0.63,3,267,5,0,0,0,finance,medium
0.26,0.61,3,216,8,0,0,0,sales,low
0.5,0.66,4,249,3,0,0,0,RandD,medium
0.29,0.73,6,300,4,1,1,0,RandD,medium
0.26,0.59,6,263,9,0,0,0,support,medium
0.32,0.72,4,295,3,0,0,0,management,medium
0.51,0.37,5,109,3,0,0,0,management,medium
0.34,0.55,3,100,9,1,0,0,technical,low
0.25,0.75,6,136,2,0,1,0,RandD,medium
0.54,0.64,6,266,2,0,0,0,RandD,low
0.02,0.45,3,256,9,0,0,0,support,low
0.43,0.36,7,196,10,0,0,0,RandD,low
0.19,0.65,3,146,4,0,0,0,marketing,medium
0.18,0.38,4,155,4,1,0,0,IT,low
0.27,0.47,2,174,3,0,1,0,IT,low
0.52,0.36,4,222,9,0,1,0,IT,low
0.48,0.36,4,192,2,1,0,0,hr,low
0.23,0.44,4,296,8,0,0,0,management,medium
0.35,0.38,2,167,7,0,1,0,support,low
0.13,0.84,2,213,5,0,0,0,hr,medium
0.46,0.36,6,237,2,0,0,0,sales,low
0.47,0.88,3,283,4,1,0,0,sales,low
0.3,0.71,5,127,2,0,0,0,finance,medium
0.54,0.5,5,308,9,0,1,0,management,low
0.49,0.36,2,118,2,0,0,0,IT,low
0.63,0.39,6,118,9,1,1,0,sales,medium
0.48,0.81,3,287,10,0,1,0,marketing,medium
0.27,0.93,3,180,8,0,0,0,RandD,low
0.6,0.36,3,269,4,0,1,0,hr,high
0.87,0.72,7,131,10,0,1,0,technical,medium
0.25,0.57,3,99,9,1,0,0,finance,high
0.13,0.99,4,139,7,0,0,0,RandD,medium
0.27,0.55,4,175,7,0,1,0,support,medium
0.43,0.69,3,121,5,0,0,0,product_mng,medium
0.44,0.59,6,258,6,0,0,0,marketing,medium
0.42,0.7,3,308,3,1,0,0,RandD,medium
0.41,0.57,7,233,8,0,1,0,IT,medium
0.31,0.5,2,289,6,0,0,0,IT,low
0.37,0.65,6,159,6,0,0,0,management,low
0.15,0.46,4,266,6,0,0,0,management,low
0.21,0.76,3,108,5,0,1,0,finance,medium
0.07,0.57,4,194,3,0,0,0,marketing,low
0.34,0.69,7,187,9,1,0,0,RandD,low
0.27,0.38,3,197,2,1,0,0,technical,low
0.41,0.67,5,155,10,0,0,0,support,medium
0.08,0.41,7,257,9,0,0,0,support,medium
0.21,0.36,6,179,6,1,1,0,management,medium
0.26,0.86,5,126,4,1,0,0,technical,low
0.43,0.63,7,238,4,0,0,0,sales,medium
0.29,0.65,2,153,9,0,0,0,technical,medium
0.32,0.54,7,134,2,0,0,0,hr,low
0.57,0.77,2,118,4,0,0,0,management,medium
0.42,0.61,2,277,5,0,1,0,RandD,low
0.5,0.59,4,163,7,0,0,0,marketing,low
0.05,0.41,5,302,8,0,0,0,product_mng,low
0.44,0.49,2,266,6,0,0,0,product_mng,low
0.21,0.36,7,126,6,0,0,0,sales,medium
0.64,0.95,5,175,6,0,0,0,IT,low
0.27,0.78,4,289,5,0,0,0,support,medium
0.38,0.36,3,113,6,0,0,0,marketing,medium
0.19,0.7,2,97,8,0,0,0,marketing,medium
0.21,0.42,3,145,8,0,1,0,sales,low
0.08,0.71,4,209,8,0,0,0,RandD,medium
0.02,0.92,4,289,4,0,0,0,RandD,low
0.58,0.36,3,256,2,0,0,0,RandD,medium
0.26,0.44,6,149,7,0,0,0,product_mng,low
0.74,0.36,3,191,3,0,0,0,finance,medium
0.52,0.55,3,295,10,0,1,0,finance,medium
0.7,0.4,5,171,6,0,0,0,finance,low
0.46,0.55,5,183,6,0,1,0,management,medium
0.39,0.75,6,145,6,0,0,0,hr,high
0.55,0.36,5,138,3,0,0,0,finance,low
0.57,0.69,7,149,7,0,0,0,sales,medium
0.6,0.94,3,285,6,1,1,0,finance,medium
0.23,0.93,6,114,7,0,1,0,support,low
0.47,0.56,7,103,5,1,0,0,sales,medium
0.52,0.84,5,286,3,0,0,0,management,low
0.52,0.36,2,281,4,0,1,0,sales,medium
0.24,0.86,3,188,8,0,1,0,sales,low
0.07,0.55,6,137,9,1,0,0,hr,high
0.1,0.69,2,274,3,1,0,0,management,medium
0.21,0.65,5,117,6,0,0,0,hr,low
0.13,0.54,3,163,6,0,0,0,marketing,low
0.04,0.64,6,301,8,0,0,0,finance,low
0.57,0.64,3,169,10,0,0,0,hr,low
0.55,0.39,2,117,7,0,0,0,management,low
0.65,0.37,6,205,7,1,1,0,product_mng,low
0.29,0.46,7,157,4,0,0,0,finance,low
0.44,0.88,7,135,8,0,0,0,management,low
0.3,0.7,7,238,2,0,0,0,management,low
0.78,0.72,6,104,5,0,0,0,management,medium
0.41,0.67,2,274,5,0,0,0,technical,medium
0.32,0.94,7,293,9,1,0,0,IT,medium
0.21,0.73,7,133,3,0,1,0,RandD,low
0.43,0.76,7,266,10,0,0,0,technical,low
0.37,0.95,6,137,2,1,0,0,hr,low
0.24,0.55,3,152,4,1,0,0,finance,low
0.33,0.7,7,153,5,0,0,0,hr,medium
0.11,0.48,6,148,10,1,0,0,technical,low
0.16,0.81,6,294,4,0,0,0,sales,medium
0.3,0.51,5,307,6,0,0,0,RandD,low
0.21,0.36,6,230,9,0,0,0,RandD,low
0.61,0.77,2,164,3,0,0,0,management,medium
0.49,0.4,7,286,8,0,0,0,hr,low
0.07,0.36,3,304,2,0,0,0,product_mng,low
0.5,0.36,2,128,6,1,1,0,sales,medium
0.49,0.49,6,187,4,0,1,0,product_mng,medium
0.36,0.62,4,151,7,0,0,0,IT,low
0.33,0.8,4,108,2,0,0,0,management,low
0.21,0.5,4,305,9,0,0,0,management,low
0.4,0.57,3,236,10,0,1,0,product_mng,low
0.08,0.38,4,250,4,1,0,0,hr,low
0.3,0.36,6,244,5,0,0,0,IT,medium
0.22,0.73,5,208,10,1,0,0,technical,high
0.6,0.58,3,203,3,0,0,0,hr,low
0.29,0.76,2,250,2,0,0,0,hr,low
0.62,0.68,3,267,3,0,1,0,finance,low
0.34,0.58,2,124,2,0,0,0,management,medium
0.59,0.36,2,175,4,0,0,0,hr,medium
0.12,0.58,2,212,8,1,1,0,RandD,low
0.24,0.36,4,206,6,0,1,0,RandD,medium
0.13,0.36,6,226,4,0,0,0,marketing,low
0.54,0.43,7,263,3,0,0,0,management,low
0.07,0.41,6,226,5,0,0,0,finance,low
0.14,0.91,3,123,5,1,0,0,marketing,medium
0.29,0.37,4,98,3,0,1,0,marketing,low
0.57,0.66,3,299,4,0,0,0,finance,medium
0.35,0.41,4,240,9,1,0,0,sales,medium
0.61,0.69,7,302,3,0,1,0,product_mng,medium
0.39,0.72,6,181,5,0,0,0,IT,low
0.21,0.65,6,213,5,0,0,0,management,medium
0.46,0.81,6,268,9,0,1,0,IT,medium
0.32,0.65,6,173,6,0,0,0,hr,medium
0.22,0.67,6,293,2,0,1,0,management,medium
0.46,0.4,2,173,3,0,0,0,support,medium
0.6,0.63,4,130,10,1,0,0,marketing,medium
0.3,0.43,5,299,10,1,1,0,sales,medium
0.27,0.62,4,138,8,0,0,0,management,medium
0.66,0.74,7,137,8,0,0,0,sales,low
0.21,0.45,7,262,10,0,0,0,management,low
0.45,0.36,7,193,8,0,0,0,support,low
0.49,0.63,2,241,3,0,1,0,technical,medium
0.63,0.55,3,308,8,0,0,0,management,low
0.41,0.62,7,219,5,1,0,0,finance,medium
0.29,0.42,3,173,8,0,0,0,sales,low
0.38,0.89,4,124,7,0,0,0,hr,low
0.4,0.73,7,96,10,0,1,0,support,low
0.39,0.61,4,97,5,0,0,0,finance,low
0.27,0.43,5,135,5,0,0,0,technical,medium
0.62,0.75,2,282,7,0,1,0,IT,low
0.51,0.92,5,181,10,0,1,0,IT,low
0.04,0.66,5,120,6,0,0,0,product_mng,low
0.49,0.56,4,167,7,0,0,0,management,low
0.67,0.42,6,216,3,0,0,0,sales,low
0.13,0.54,7,214,8,0,1,0,support,medium
0.87,0.87,5,219,5,0,0,0,IT,medium
0.79,0.81,6,308,4,0,0,0,product_mng,medium
0.62,0.49,7,194,2,0,0,0,support,medium
0.17,0.88,2,260,2,0,1,0,hr,low
0.32,0.36,3,143,7,0,0,0,IT,medium
0.28,0.36,7,204,3,0,0,0,IT,low
0.28,0.71,6,158,10,0,0,0,IT,low
0.19,0.84,6,135,10,0,0,0,finance,medium
0.51,0.92,5,301,4,0,1,0,technical,low
0.46,0.37,7,115,10,0,0,0,marketing,low
0.33,0.8,4,113,9,0,0,0,technical,low
0.8,0.74,7,297,9,0,1,0,RandD,low
0.48,0.38,5,100,8,0,0,0,hr,medium
0.45,0.36,2,100,6,0,0,0,marketing,medium
0.36,0.78,4,116,5,0,1,0,IT,high
0.25,0.5,4,169,6,0,1,0,finance,medium
0.25,0.78,4,305,10,0,0,0,product_mng,medium
0.42,0.67,4,136,5,1,0,0,finance,low
0.51,0.72,6,153,10,0,0,0,support,low
0.37,0.36,2,199,10,0,1,0,IT,medium
0.06,0.87,6,229,7,0,0,0,RandD,medium
0.37,0.63,3,177,6,0,0,0,finance,low
0.1,0.82,6,99,3,1,1,0,technical,low
0.41,0.76,3,128,5,0,1,0,marketing,medium
0.34,0.91,2,100,4,0,0,0,management,low
0.52,0.36,5,123,10,1,0,0,IT,low
0.17,0.94,4,154,5,0,0,0,sales,medium
0.46,0.38,2,167,7,0,0,0,RandD,medium
0.07,0.5,4,122,7,0,0,0,sales,medium
0.33,0.54,7,101,3,1,0,0,marketing,medium
0.6,0.46,4,302,10,0,0,0,marketing,medium
0.5,0.51,5,279,5,0,0,0,RandD,low
0.48,0.53,2,167,4,1,1,0,finance,medium
0.45,0.87,6,181,3,0,0,0,management,medium
0.26,0.37,6,225,9,0,0,0,sales,medium
0.64,0.77,6,112,5,0,1,0,sales,medium
0.7,0.78,2,206,2,1,0,0,product_mng,medium
0.11,0.44,7,228,8,0,0,0,management,low
0.55,0.46,6,226,9,0,0,0,product_mng,medium
0.48,0.75,2,295,2,0,0,0,RandD,medium
0.77,0.36,7,105,5,0,0,0,hr,low
0.27,0.59,6,273,8,0,0,0,support,medium
0.12,0.68,3,148,2,0,0,0,finance,low
0.46,0.71,7,223,6,0,0,0,support,low
0.41,0.81,6,124,4,0,0,0,finance,low
0.31,0.83,4,175,2,0,0,0,product_mng,low
0.21,0.36,7,182,4,0,0,0,management,medium
0.49,0.83,7,153,8,0,0,0,IT,medium
0.45,0.36,4,103,8,0,0,0,sales,low
0.29,0.6,5,298,2,0,0,0,support,medium
0.77,0.61,5,212,6,0,1,0,product_mng,medium
0.31,0.43,6,298,10,0,1,0,IT,medium
0.74,0.56,3,197,5,0,0,0,product_mng,medium
0.59,0.56,5,147,3,0,0,0,hr,medium
0.21,0.61,2,205,8,0,0,0,sales,medium
0.11,0.85,4,235,9,0,0,0,technical,low
0.31,0.67,4,143,2,0,0,0,product_mng,low
0.52,0.55,2,285,8,0,0,0,IT,low
0.49,0.79,6,126,10,1,0,0,sales,medium
0.15,0.43,2,123,2,0,1,0,technical,medium
0.63,0.8,5,175,8,0,0,0,IT,medium
0.69,0.36,7,178,9,1,0,0,technical,medium
0.62,0.8,6,241,9,0,0,0,technical,high
0.31,0.87,4,142,2,0,0,0,finance,low
0.57,0.97,5,182,5,0,0,0,IT,medium
0.26,0.83,3,301,4,0,0,0,support,low
0.4,0.36,3,174,9,0,0,1,technical,low
0.36,0.7,7,160,2,0,0,0,hr,low
0.42,0.53,4,106,5,0,0,0,support,medium
0.43,0.55,4,208,3,0,1,0,hr,high
0.06,0.42,2,203,3,0,0,0,sales,medium
0.55,0.9,5,172,7,0,0,0,management,low
0.13,0.5,2,267,3,0,0,0,management,high
0.68,0.78,3,172,4,0,0,0,management,medium
0.61,0.65,7,262,10,0,0,0,support,medium
0.52,0.47,2,289,7,0,0,0,technical,medium
0.38,0.53,4,303,3,1,0,0,technical,low
0.29,0.63,4,262,3,1,0,0,RandD,medium
0.46,0.87,7,136,3,0,1,0,technical,high
0.52,0.91,5,110,4,0,0,0,technical,low
0.44,0.87,5,289,7,0,0,0,marketing,medium
0.48,0.42,2,142,3,0,0,0,IT,low
0.31,0.91,2,248,5,0,0,0,product_mng,low
0.07,0.66,6,117,5,0,1,0,marketing,low
0.23,0.36,6,150,3,0,0,0,marketing,low
0.7,0.66,3,198,3,1,0,0,product_mng,medium
0.53,0.75,5,189,5,0,0,0,finance,low
0.49,0.74,4,141,9,0,0,0,marketing,low
0.7,0.58,7,254,7,0,0,0,management,low
0.1,0.36,4,246,9,0,0,0,IT,low
0.88,0.57,5,224,2,0,0,0,sales,low
0.69,0.62,3,230,4,0,0,0,hr,low
0.35,0.36,7,263,8,1,0,0,RandD,high
0.17,0.56,5,279,9,0,0,0,RandD,low
0.37,0.94,3,96,6,0,1,0,management,low
0.28,0.36,2,121,2,0,0,0,management,medium
0.46,0.78,3,172,3,0,0,0,support,medium
0.29,0.67,3,256,8,1,1,0,product_mng,low
0.25,0.57,7,101,10,1,0,0,IT,low
0.53,0.83,2,267,3,0,0,0,sales,medium
0.52,0.73,4,100,2,0,0,0,hr,low
0.25,0.98,4,265,5,0,0,0,management,low
0.51,0.84,6,256,5,0,0,0,RandD,low
0.66,0.96,7,114,8,0,0,0,IT,low
0.79,0.82,6,109,9,0,1,0,RandD,medium
0.44,0.55,4,205,9,0,1,0,RandD,low
0.3,0.57,6,194,8,0,1,0,support,low
0.22,0.36,2,190,10,0,0,0,product_mng,high
0.41,0.63,7,306,10,0,0,0,marketing,medium
0.58,0.67,7,154,8,1,0,0,product_mng,medium
0.54,0.68,6,291,5,0,0,0,IT,low
0.21,0.7,2,257,8,0,1,0,support,low
0.52,0.62,6,185,6,0,0,0,product_mng,medium
0.4,0.46,7,101,4,0,0,0,technical,medium
0.46,0.68,6,295,10,0,1,0,hr,medium
0.08,0.89,4,272,5,1,0,0,management,high
0.59,0.42,2,292,7,0,0,0,sales,low
0.16,0.67,4,154,4,1,0,0,finance,low
0.55,0.45,3,159,6,0,0,0,finance,medium
0.31,0.82,7,290,6,0,0,0,management,medium
0.23,0.36,7,229,9,0,0,0,technical,medium
0.32,0.44,5,263,6,0,0,0,management,low
0.02,0.78,5,300,5,1,0,0,RandD,high
0.18,0.94,4,270,7,0,0,0,RandD,low
0.32,0.93,5,304,4,0,0,0,sales,medium
0.34,0.92,3,207,3,0,0,0,technical,low
0.24,0.49,5,134,2,0,0,0,finance,low
0.32,0.48,2,131,7,0,0,0,support,low
0.42,0.46,2,235,7,0,0,0,technical,high
0.53,0.89,6,126,2,0,0,0,sales,medium
0.52,0.65,6,163,8,0,1,0,management,low
0.49,0.84,7,202,6,0,0,0,IT,low
0.36,0.53,7,249,4,0,0,0,sales,medium
0.72,0.64,3,236,8,0,1,0,IT,medium
0.44,0.95,6,220,5,0,0,0,IT,medium
0.3,0.7,3,264,2,0,1,0,hr,medium
0.4,0.42,7,269,6,1,0,0,management,low
0.39,0.42,3,279,4,0,0,0,technical,high
0.51,0.67,2,273,10,0,0,0,marketing,medium
0.57,0.52,3,296,5,0,0,0,support,medium
0.62,0.57,2,108,6,0,1,0,marketing,medium
0.79,0.44,6,202,2,1,0,0,marketing,low
0.1,0.57,5,267,3,0,0,0,sales,low
0.43,0.64,3,229,8,1,1,0,management,low
0.29,0.42,7,127,6,0,0,0,management,medium
0.37,0.6,4,273,5,0,0,0,marketing,medium
0.34,0.53,5,247,9,0,1,0,marketing,low
0.14,0.8,4,243,3,0,1,0,product_mng,high
0.38,0.75,3,102,3,1,0,0,product_mng,low
0.3,0.88,6,296,2,0,1,0,support,low
0.22,0.36,3,117,8,0,0,0,hr,low
0.42,0.66,4,129,8,1,1,0,management,low
0.2,0.56,5,102,10,0,0,0,IT,low
0.23,0.85,2,215,5,0,0,0,technical,high
0.62,0.38,2,202,9,0,0,0,technical,medium
0.09,0.52,5,301,3,0,0,0,marketing,low
0.4,0.72,3,237,8,0,0,0,marketing,low
0.63,0.83,6,113,7,0,0,0,support,medium
0.46,0.87,6,200,10,1,0,0,technical,low
0.58,0.77,5,150,3,0,1,0,sales,medium
0.28,0.36,5,177,7,0,1,0,product_mng,high
0.12,0.36,4,308,7,0,0,0,management,high
0.43,0.36,3,183,9,0,0,0,support,medium
0.35,0.36,4,260,8,0,0,0,sales,low
0.38,0.66,3,127,5,0,0,0,management,medium
0.3,0.36,2,177,7,0,0,0,sales,medium
0.22,0.36,7,294,7,0,0,0,RandD,medium
0.39,0.82,4,283,5,0,0,0,marketing,low
0.14,0.47,4,239,10,0,0,0,finance,medium
0.94,0.36,7,214,2,0,0,0,sales,low
0.17,0.75,6,124,9,0,0,0,sales,low
0.29,0.77,3,169,5,0,1,0,product_mng,high
0.49,0.46,5,223,3,0,0,0,technical,low
0.08,0.78,4,196,10,0,1,0,hr,medium
0.63,0.54,5,262,5,0,1,0,RandD,low
0.52,0.89,6,117,6,0,1,0,RandD,low
0.86,0.83,2,109,10,0,0,0,finance,low
0.2,0.85,2,110,6,0,0,0,marketing,medium
0.22,0.76,7,185,2,0,0,0,support,low
0.14,0.42,4,154,7,1,0,0,marketing,low
0.42,0.85,7,96,4,0,0,0,RandD,low
0.42,0.76,4,107,6,0,1,0,management,medium
0.12,0.72,6,270,7,1,0,0,marketing,medium
0.26,0.79,4,278,6,0,1,0,marketing,medium
0.32,0.75,4,223,2,0,0,0,hr,high
0.7,0.53,2,182,8,0,0,0,hr,low
0.6,0.82,3,156,5,0,0,0,IT,low
0.21,0.87,2,294,7,0,0,0,management,high
0.3,0.82,3,177,2,0,0,0,hr,low
0.41,0.62,6,263,9,0,1,0,hr,high
0.26,0.77,3,251,10,0,0,0,sales,low
0.36,0.62,7,291,9,1,0,0,finance,low
0.36,0.36,3,118,10,0,0,0,technical,medium
0.59,0.36,7,257,4,0,0,0,sales,high
0.56,0.89,3,225,10,1,0,0,marketing,medium
0.23,0.59,5,173,3,0,0,0,finance,high
0.18,0.6,3,235,4,0,1,0,technical,low
0.7,0.72,7,97,3,0,0,0,hr,medium
0.37,0.38,7,262,3,0,0,0,hr,low
0.44,0.83,7,260,2,0,0,0,marketing,low
0.31,0.43,3,255,4,0,0,0,RandD,medium
0.25,0.76,7,244,5,1,0,0,technical,medium
0.45,0.56,2,198,9,0,0,0,product_mng,medium
0.39,0.36,3,205,10,0,0,0,support,low
0.4,0.44,4,122,5,0,0,0,product_mng,low
0.44,0.41,7,134,2,0,0,0,hr,low
0.16,0.86,2,138,6,0,0,0,hr,low
0.2,0.53,3,180,3,0,1,0,sales,medium
0.39,0.88,6,239,4,0,0,0,RandD,high
0.51,0.36,5,102,4,0,0,0,management,low
0.31,0.58,7,271,9,0,0,0,sales,low
0.41,0.89,6,237,2,0,0,0,technical,medium
0.21,0.54,5,106,2,0,0,0,hr,medium
0.32,0.53,3,170,8,0,0,0,sales,medium
0.25,0.68,2,275,5,0,0,0,IT,low
0.43,0.67,4,237,8,0,0,0,RandD,medium
0.54,0.72,4,195,7,0,1,0,management,medium
0.74,0.76,5,264,9,0,1,0,support,medium
0.46,0.36,6,194,3,0,0,0,product_mng,medium
0.76,0.43,6,296,3,0,0,0,finance,low
0.33,0.52,4,225,3,0,0,0,management,medium
0.1,0.69,2,194,2,0,1,0,finance,low
0.27,0.42,2,113,5,0,0,0,hr,medium
0.51,0.36,3,97,9,0,0,0,sales,medium
0.61,0.54,2,109,5,0,1,0,product_mng,medium
0.5,0.69,5,99,3,0,0,0,IT,low
0.35,0.64,7,240,3,0,1,0,management,medium
0.24,0.41,7,124,3,0,0,0,sales,medium
0.34,0.85,4,274,10,0,1,0,technical,medium
0.32,0.68,7,210,6,0,0,0,IT,high
0.16,0.82,7,187,2,0,1,0,product_mng,low
0.69,0.66,2,207,8,0,0,0,hr,medium
0.32,0.62,4,230,5,1,0,0,RandD,medium
0.12,0.52,6,304,6,1,0,1,marketing,low
0.81,0.55,4,252,10,0,0,0,technical,low
0.5,0.7,7,191,2,0,0,0,hr,medium
0.42,0.44,6,298,2,0,1,0,finance,medium
0.12,0.38,3,258,2,0,0,0,technical,high
0.74,0.46,4,259,4,0,1,0,marketing,low
0.15,0.52,4,144,6,0,0,0,product_mng,low
0.39,0.66,7,181,4,1,0,0,RandD,medium
0.5,0.93,6,228,8,0,1,0,sales,low
0.83,0.91,2,201,7,0,0,0,RandD,medium
0.33,0.79,2,295,5,0,0,0,product_mng,medium
0.26,0.39,6,218,5,0,0,0,management,low
0.75,0.66,3,294,9,0,0,0,support,low
0.29,0.51,7,102,4,0,1,0,support,medium
0.19,0.52,6,155,3,0,0,1,management,medium
0.29,0.79,4,101,5,0,1,0,technical,medium
0.47,0.94,5,126,10,0,0,0,product_mng,medium
0.11,0.43,3,141,6,0,1,0,sales,low
0.45,0.54,4,117,7,0,0,0,finance,low
0.74,0.47,7,300,8,0,0,0,product_mng,high
0.52,0.54,7,157,5,0,1,0,sales,low
0.16,0.36,4,165,2,0,0,0,hr,low
0.1,0.79,7,137,9,0,0,0,marketing,medium
0.83,0.6,3,277,3,0,0,0,RandD,low
0.18,0.82,4,209,2,0,0,0,management,low
0.19,0.48,7,237,3,0,1,0,hr,low
0.49,0.82,4,290,5,0,0,0,technical,low
0.51,0.39,7,123,10,0,1,0,support,medium
0.25,0.44,5,246,5,0,0,0,technical,low
0.06,0.56,5,258,4,0,0,0,IT,medium
0.38,0.56,7,222,5,0,0,0,hr,medium
0.27,0.89,4,216,9,0,1,0,RandD,medium
0.42,0.51,7,258,2,0,1,0,technical,high
0.64,0.7,6,297,2,0,0,0,RandD,low
0.68,0.86,6,248,3,0,0,0,IT,medium
0.65,0.36,5,287,6,0,0,0,finance,medium
0.58,0.93,5,112,8,0,1,0,technical,low
0.48,0.58,7,274,3,0,0,1,product_mng,medium
0.18,0.91,5,123,8,1,1,0,IT,medium
0.26,0.72,5,108,6,0,1,0,hr,low
0.32,0.93,5,119,6,0,0,0,marketing,low
0.58,0.36,3,276,5,0,0,0,hr,medium
0.51,0.78,6,250,10,0,1,0,management,medium
0.77,0.44,2,174,7,0,1,0,product_mng,low
0.23,0.68,7,202,7,0,1,0,finance,low
0.68,0.42,2,267,4,0,0,0,management,medium
0.52,0.58,7,186,10,0,0,0,marketing,low
0.54,0.94,2,143,3,0,0,0,IT,low
0.86,0.87,3,160,5,0,0,0,IT,low
0.49,0.78,6,194,5,0,1,0,management,low
0.6,0.55,2,275,6,0,0,0,RandD,medium
0.09,0.41,2,189,8,0,1,0,support,medium
0.33,0.36,2,219,6,1,1,0,marketing,low
0.32,0.9,6,115,5,0,1,0,finance,medium
0.23,0.89,7,303,6,0,1,0,hr,low
0.33,0.36,7,228,8,0,0,0,support,high
0.32,0.36,3,291,7,0,0,0,product_mng,high
0.27,0.81,4,143,3,1,1,0,finance,medium
0.28,0.56,7,173,10,0,0,0,finance,low
0.17,0.7,6,228,2,0,0,0,RandD,medium
0.1,0.54,5,297,8,0,1,0,RandD,low
0.23,0.82,5,216,6,0,0,0,product_mng,low
0.75,0.87,3,219,5,0,0,0,product_mng,low
0.77,0.93,3,269,2,0,0,0,marketing,medium
0.31,0.49,7,106,3,0,1,0,finance,high
0.48,0.4,6,210,3,0,0,0,product_mng,medium
0.56,0.76,4,117,10,0,0,0,management,low
0.29,0.5,6,108,3,0,0,0,IT,medium
0.19,0.57,3,264,10,0,1,1,marketing,medium
0.25,0.75,7,285,4,0,0,0,finance,low
0.28,0.41,5,206,9,0,0,0,support,medium
0.7,0.48,5,261,4,0,0,0,hr,low
0.54,0.78,7,248,7,0,0,0,technical,low
0.18,0.83,7,170,10,0,0,0,RandD,medium
0.39,0.36,6,175,9,0,0,0,RandD,medium
0.46,0.71,2,123,8,0,0,0,RandD,medium
0.13,0.93,5,180,4,0,0,0,marketing,low
0.56,0.36,6,232,6,0,0,0,RandD,low
0.26,0.47,2,165,4,0,0,0,marketing,low
0.12,0.36,7,241,5,0,0,0,hr,high
0.32,0.36,6,188,7,0,0,0,technical,high
0.6,0.69,2,249,8,1,1,0,sales,low
0.31,0.42,5,261,10,0,1,0,hr,medium
0.51,0.5,6,111,2,0,0,0,product_mng,low
0.11,0.45,2,218,7,0,0,1,finance,medium
0.16,0.68,6,167,3,1,0,0,RandD,low
0.2,0.6,4,269,3,0,0,0,support,low
0.12,0.46,3,182,5,0,0,0,IT,low
0.04,0.36,2,202,3,0,0,0,finance,low
0.62,0.85,7,143,4,0,0,0,support,low
0.5,0.49,7,126,7,0,0,0,finance,low
0.58,0.36,5,226,2,1,0,0,product_mng,medium
0.12,0.6,2,111,3,0,0,0,hr,low
0.24,0.36,6,108,5,0,0,0,finance,low
0.64,0.43,3,218,7,0,1,0,technical,medium
0.56,0.47,6,292,4,0,0,0,marketing,low
0.71,0.55,2,119,2,0,0,0,marketing,medium
0.28,0.68,7,212,4,0,0,0,product_mng,low
0.27,0.7,7,168,8,0,0,0,marketing,medium
0.16,0.36,5,174,2,0,0,0,product_mng,high
0.6,0.67,3,229,8,1,0,0,technical,low
0.67,0.72,4,183,7,0,0,0,hr,medium
0.17,0.8,7,203,6,0,0,0,support,low
0.57,0.4,4,196,7,0,0,0,product_mng,low
0.25,0.48,4,193,7,0,0,0,management,medium
0.82,0.84,3,161,4,0,0,0,management,high
0.45,0.36,5,100,5,0,0,0,IT,low
0.08,0.48,2,200,5,0,0,0,finance,low
0.25,0.36,2,218,10,0,0,0,marketing,low
0.21,0.54,5,203,7,0,0,0,finance,medium
0.4,0.69,5,241,4,0,1,0,sales,medium
0.25,0.44,7,138,10,0,0,0,marketing,low
0.57,0.44,4,288,9,0,0,0,management,medium
0.55,0.57,4,127,5,0,0,0,product_mng,medium
0.55,0.41,7,252,6,0,0,0,sales,medium
0.24,0.57,3,307,9,0,0,0,support,low
0.36,0.84,2,100,9,0,0,0,finance,low
0.36,0.36,5,104,9,0,1,0,IT,low
0.13,0.75,7,118,10,0,1,0,finance,low
0.88,0.7,2,192,10,0,0,0,technical,high
0.28,0.36,3,238,7,0,0,0,hr,medium
0.88,0.44,6,279,8,1,0,0,finance,low
0.51,0.78,3,281,9,0,0,0,IT,medium
0.25,0.71,7,150,8,0,0,0,IT,medium
0.58,0.78,5,307,8,0,0,0,finance,low
0.24,0.65,6,144,7,0,1,0,product_mng,medium
0.69,0.56,2,270,7,0,0,0,support,low
0.43,0.54,5,162,9,0,0,0,technical,low
0.51,0.36,2,184,10,0,0,0,support,low
0.21,0.36,6,97,3,0,1,0,management,medium
0.24,0.84,7,102,8,0,0,0,RandD,medium
0.58,0.57,6,284,10,0,0,0,marketing,low
0.81,0.88,6,128,2,1,0,0,RandD,medium
0.39,0.67,6,96,2,1,0,0,IT,low
0.25,0.44,5,247,8,0,0,0,IT,low
0.3,0.82,5,155,3,0,1,0,product_mng,low
0.46,0.57,5,255,6,0,1,0,product_mng,medium
0.33,0.65,7,158,9,0,0,1,support,medium
0.32,0.85,7,238,3,0,0,0,marketing,medium
0.04,0.36,2,224,8,0,0,0,RandD,low
0.55,0.8,4,260,3,0,0,0,technical,low
0.36,0.87,5,192,9,0,1,0,IT,high
0.66,0.36,5,174,9,0,0,0,product_mng,low
0.06,0.82,6,118,9,1,0,0,IT,low
0.19,0.36,4,243,8,0,0,0,marketing,high
0.84,0.39,2,156,3,0,1,0,sales,medium
0.36,0.36,5,295,4,0,0,0,sales,low
0.51,0.76,6,203,8,1,0,0,support,medium
0.24,0.78,2,302,6,0,0,0,marketing,low
0.38,0.56,5,102,8,0,0,0,IT,medium
0.56,0.43,5,126,6,0,0,0,technical,medium
0.15,0.75,2,272,2,0,0,0,product_mng,medium
0.27,0.36,2,176,5,0,0,0,support,low
0.19,0.6,5,289,6,0,0,0,sales,low
0.18,0.76,4,122,2,0,0,0,hr,medium
0.27,0.73,6,155,10,0,0,0,support,medium
0.15,0.52,7,230,3,0,1,0,product_mng,low
0.39,0.42,7,133,6,0,0,0,management,medium
0.16,0.86,2,279,2,0,0,0,marketing,low
0.04,0.71,4,203,2,0,1,0,IT,medium
0.15,0.76,5,252,2,0,0,0,sales,medium
0.06,0.36,6,237,10,1,1,0,RandD,medium
0.41,0.68,6,263,6,0,0,0,technical,high
0.31,0.36,4,271,8,0,0,0,marketing,medium
0.23,0.66,3,225,4,0,0,0,support,medium
0.51,0.66,3,272,9,0,0,0,hr,low
0.38,0.87,2,216,5,0,0,0,sales,medium
0.12,0.36,6,201,8,0,0,0,support,high
0.4,0.64,7,309,9,0,0,0,hr,low
0.59,0.36,7,268,4,0,0,0,product_mng,low
0.37,0.58,5,133,4,0,0,0,technical,medium
0.28,0.77,4,288,4,0,0,0,hr,low
0.41,0.54,2,96,7,0,0,0,marketing,low
0.26,0.86,7,303,6,1,0,0,marketing,medium
0.4,0.69,4,178,10,0,1,0,product_mng,medium
0.49,0.38,6,99,5,0,0,0,product_mng,low
0.19,0.59,2,216,5,0,0,0,support,low
0.62,0.66,3,97,5,0,0,0,product_mng,low
0.2,0.73,3,230,3,0,0,0,finance,low
0.34,0.36,5,203,10,0,0,0,finance,medium
0.43,0.65,6,142,5,0,0,0,product_mng,high
0.16,0.55,6,241,2,1,1,0,hr,low
0.15,0.75,5,175,7,1,0,0,finance,high
0.15,0.42,5,174,10,0,1,0,IT,medium
0.83,0.54,7,103,8,0,0,0,hr,medium
0.41,0.55,2,168,10,0,1,0,hr,medium
0.53,0.71,3,177,4,0,0,0,sales,medium
0.22,0.36,6,185,7,0,0,0,management,medium
0.64,0.36,5,200,9,1,0,0,hr,high
0.62,0.74,2,298,4,0,0,1,IT,low
0.41,0.79,6,153,6,0,0,0,RandD,medium
0.2,0.83,4,134,6,1,1,0,IT,medium
0.37,0.61,6,157,9,0,0,0,management,medium
0.39,0.76,4,97,7,0,0,0,marketing,medium
0.52,0.43,3,125,6,0,1,0,hr,low
0.53,0.68,2,108,5,1,1,0,management,medium
0.4,0.76,3,238,2,0,0,0,product_mng,low
0.3,0.81,3,158,3,0,0,0,product_mng,low
0.34,0.65,7,122,5,0,0,0,finance,low
0.34,0.64,6,182,8,0,1,0,product_mng,medium
0.02,0.79,6,252,10,0,1,0,finance,medium
0.31,0.6,3,96,4,0,0,0,RandD,low
0.53,0.64,2,263,9,0,1,0,IT,low
0.17,0.75,7,107,2,0,1,0,product_mng,low
0.32,0.51,7,166,8,0,0,0,technical,medium
0.8,0.36,6,231,2,0,1,0,finance,low
0.44,0.84,4,102,3,0,0,0,hr,low
0.52,0.57,3,180,2,0,1,0,sales,medium
0.25,0.94,6,281,7,0,1,0,marketing,low
0.23,0.73,2,204,8,0,1,0,marketing,low
0.53,0.7,6,186,2,0,0,0,finance,medium
0.38,0.49,6,264,9,0,0,0,RandD,medium
0.28,0.5,5,245,9,0,0,0,hr,medium
0.68,0.73,2,180,2,0,0,0,hr,medium
0.27,0.36,6,217,3,0,0,0,sales,low
0.71,0.36,5,114,6,0,0,0,RandD,medium
0.69,0.7,3,197,8,1,0,0,marketing,low
0.39,0.87,7,129,3,0,0,0,management,low
0.62,0.98,6,142,5,0,1,0,support,medium
0.63,0.39,2,162,5,0,0,0,product_mng,low
0.35,0.78,4,290,4,0,0,0,sales,low
0.75,0.55,3,163,10,1,0,0,management,low
0.7,0.56,5,267,3,0,0,0,IT,low
0.4,0.79,2,187,6,0,0,0,hr,medium
0.41,0.71,6,199,9,0,0,0,marketing,high
0.07,0.5,7,153,9,0,0,0,product_mng,low
0.5,0.42,5,217,3,0,0,0,marketing,medium
0.52,0.78,2,206,6,1,0,0,support,low
0.43,0.92,3,265,10,0,0,0,hr,medium
0.48,0.83,4,299,10,0,0,0,marketing,medium
0.44,0.48,3,261,4,0,0,0,IT,low
0.13,0.58,4,273,8,0,0,0,IT,high
0.33,0.74,4,144,7,0,0,0,finance,medium
0.7,0.74,6,106,6,0,0,0,RandD,medium
0.34,0.86,2,279,3,1,0,0,sales,medium
0.04,0.79,6,214,9,1,0,0,support,low
0.36,0.51,2,224,3,1,0,0,IT,low
0.62,0.36,6,163,10,0,0,0,management,medium
0.69,0.52,2,141,2,0,0,0,management,low
0.44,0.66,6,273,7,0,1,0,technical,medium
0.43,0.56,2,127,2,0,0,0,product_mng,high
0.78,0.86,7,100,2,0,0,0,hr,medium
0.47,0.39,2,284,10,1,0,0,marketing,low
0.18,0.91,6,227,6,0,0,0,sales,high
0.07,0.45,3,144,6,1,1,0,hr,low
0.44,0.81,7,138,8,0,0,0,marketing,medium
0.15,0.48,6,271,10,0,0,0,IT,high
0.43,0.64,7,286,4,0,0,0,sales,medium
0.5,0.81,2,110,7,1,0,0,RandD,low
0.51,0.68,2,231,2,0,1,0,hr,medium
0.21,0.4,3,256,5,0,1,0,finance,low
0.16,0.49,3,209,4,0,0,0,management,low
0.26,0.79,2,243,6,0,1,0,IT,low
0.3,0.36,2,158,3,0,1,0,hr,low
0.2,0.68,7,168,4,0,1,0,support,medium
0.54,0.89,2,139,9,0,0,0,IT,medium
0.43,0.58,4,111,2,0,1,0,marketing,low
0.31,0.36,3,236,5,0,1,0,product_mng,low
0.75,0.42,6,229,2,0,1,0,management,low
0.13,0.66,3,297,5,0,1,0,finance,low
0.17,0.75,4,211,8,0,0,0,marketing,low
0.54,0.48,3,251,2,0,0,0,RandD,medium
0.35,0.94,2,261,10,0,1,0,sales,low
0.52,0.8,6,172,10,0,0,0,IT,medium
0.4,0.84,7,273,3,0,1,0,sales,medium
0.71,0.36,2,170,6,0,0,0,finance,medium
0.18,0.8,5,186,4,1,0,0,hr,medium
0.14,0.77,6,151,3,0,1,0,technical,medium
0.21,0.85,6,278,5,0,0,0,support,medium
0.37,0.73,5,309,4,0,0,0,finance,medium
0.11,0.77,3,249,2,1,1,0,support,low
0.4,0.36,5,125,2,0,0,0,sales,medium
0.3,0.36,3,141,6,1,0,0,IT,low
0.27,0.48,2,147,9,0,0,0,sales,low
0.55,0.73,5,214,9,0,0,0,management,low
0.27,0.6,4,214,3,0,0,0,sales,low
0.14,0.56,6,308,6,0,0,0,marketing,low
0.29,0.64,7,168,3,0,0,0,sales,medium
0.3,0.36,5,171,8,0,0,0,support,high
0.35,0.55,3,302,2,0,1,0,hr,medium
0.32,0.45,3,305,4,0,0,0,RandD,medium
0.3,0.94,5,102,7,0,0,0,technical,low
0.68,0.55,6,188,4,1,0,0,management,low
0.6,0.49,4,249,7,0,1,0,support,medium
0.17,0.89,5,245,3,0,1,0,finance,low
0.22,0.58,7,122,2,0,1,0,IT,low
0.19,0.67,4,154,2,0,1,0,technical,low
0.91,0.78,6,268,8,0,0,0,technical,high
0.23,0.82,2,261,9,1,0,0,RandD,low
0.72,0.36,3,106,7,0,1,1,technical,medium
0.54,0.82,2,117,6,0,1,0,RandD,medium
0.26,0.61,7,191,6,0,0,0,product_mng,medium
0.29,0.74,4,107,8,1,0,0,support,low
0.13,0.7,6,156,4,1,1,0,support,low
0.11,0.39,5,283,3,0,0,0,sales,medium
0.44,0.36,7,241,2,0,0,0,IT,high
0.63,0.38,4,232,3,0,0,0,management,medium
0.75,0.85,2,298,4,0,0,0,management,low
0.59,0.38,6,132,3,0,0,0,RandD,low
0.12,0.53,6,113,5,0,0,0,technical,low
0.95,0.7,3,153,8,0,0,0,RandD,low
0.54,0.52,3,125,5,0,1,0,RandD,medium
0.27,0.75,4,109,3,0,0,0,product_mng,high
0.36,0.77,3,305,8,0,0,0,management,medium
0.17,0.56,6,128,8,0,0,0,hr,low
0.59,0.7,4,168,4,1,0,0,finance,medium
0.71,0.52,2,145,3,0,0,0,support,medium
0.76,0.57,3,239,10,0,1,0,product_mng,low
0.33,0.51,6,230,5,0,0,0,RandD,low
0.65,0.36,3,222,6,1,0,0,technical,low
0.58,0.77,5,212,6,0,1,0,technical,low
0.33,0.73,5,282,9,0,0,0,sales,low
0.38,0.75,6,162,2,0,0,0,IT,medium
0.72,0.59,7,229,2,0,0,0,RandD,medium
0.64,0.84,4,98,3,0,0,0,hr,medium
0.37,0.79,6,110,4,0,0,0,hr,medium
0.54,0.43,4,148,4,0,1,0,finance,low
0.64,0.8,5,281,7,0,0,0,product_mng,low
0.18,0.73,2,290,3,0,1,0,support,high
0.31,0.87,4,201,7,0,0,0,sales,low
0.25,0.52,6,146,2,1,0,0,RandD,low
0.53,0.73,4,277,5,1,1,0,marketing,low
0.57,0.36,6,118,7,0,0,0,IT,medium
0.3,0.65,3,288,5,0,0,0,product_mng,medium
0.37,0.48,6,120,2,0,0,0,technical,low
0.13,0.5,3,202,4,1,0,0,hr,medium
0.64,0.69,3,192,8,0,0,0,RandD,low
0.19,0.91,2,99,2,0,0,0,finance,low
0.23,0.93,5,277,7,0,1,0,marketing,medium
0.12,0.36,4,140,8,0,0,0,product_mng,low
0.44,0.53,5,256,10,0,0,0,finance,high
0.76,0.51,6,256,3,0,0,0,sales,medium
0.34,0.78,7,288,8,0,0,0,management,low
0.42,0.57,5,199,5,0,0,0,hr,medium
0.7,0.89,5,119,8,1,0,0,finance,medium
0.08,0.39,5,191,5,0,0,0,sales,medium
0.43,0.41,7,140,9,0,0,0,support,low
0.35,0.67,4,151,10,0,1,0,product_mng,low
0.68,0.95,6,140,3,0,0,1,IT,low
0.7,0.89,2,250,6,1,1,0,sales,low
0.27,0.55,3,292,6,0,1,0,finance,low
0.57,0.54,6,271,10,1,1,0,management,high
0.16,0.56,2,252,3,1,0,0,sales,low
0.44,0.73,2,136,8,0,1,0,hr,medium
0.57,0.69,2,298,9,0,0,0,product_mng,medium
0.33,0.36,4,125,3,0,1,0,technical,low
0.58,0.4,2,183,3,0,0,0,product_mng,medium
0.27,0.63,2,276,3,0,0,0,RandD,low
0.46,0.75,6,161,8,1,0,0,finance,low
0.56,0.88,2,193,2,0,1,0,RandD,low
0.39,0.44,7,303,8,0,0,0,finance,medium
0.3,0.55,3,225,5,0,0,0,hr,medium
0.39,0.76,6,217,8,0,0,0,finance,low
0.44,0.87,5,235,7,0,1,0,technical,medium
0.4,0.89,3,102,5,1,1,0,sales,low
0.59,0.88,2,146,7,0,0,0,support,low
0.28,0.59,2,154,7,0,0,0,hr,medium
0.25,0.97,6,301,6,0,0,0,sales,high
0.27,0.36,5,127,3,0,0,1,finance,medium
0.89,0.36,2,294,3,1,1,0,finance,medium
0.12,0.81,5,276,5,1,0,0,management,low
0.18,0.36,4,259,5,0,0,0,technical,high
0.66,0.74,3,277,5,0,1,1,support,medium
0.24,0.74,7,274,2,0,1,0,IT,medium
0.16,0.38,3,305,10,0,0,0,marketing,low
0.03,0.41,3,172,5,0,0,0,product_mng,medium
0.49,0.73,6,297,9,0,0,0,technical,low
0.54,0.75,3,107,2,0,1,0,technical,low
0.25,0.67,7,98,9,1,0,0,RandD,low
0.36,0.93,2,309,8,0,1,0,technical,low
0.67,0.89,5,179,9,0,1,0,RandD,medium
0.31,0.63,4,168,6,1,0,0,RandD,medium
0.21,0.57,7,233,7,0,0,0,technical,low
0.55,0.46,2,203,10,0,0,0,technical,low
0.76,0.76,4,155,10,0,0,0,hr,medium
0.05,0.42,7,215,9,0,0,0,technical,low
0.27,0.9,2,209,4,0,1,0,hr,low
0.33,0.73,6,209,9,0,1,0,RandD,medium
0.09,0.51,4,161,2,0,0,0,IT,medium
0.4,0.7,7,184,3,0,0,0,finance,high
0.4,0.82,5,147,5,0,0,0,technical,low
0.31,0.62,6,207,6,1,0,1,sales,medium
0.49,0.36,3,230,3,0,1,0,product_mng,medium
0.17,0.54,6,152,6,0,1,0,product_mng,medium
0.38,0.84,5,290,2,0,0,0,sales,medium
0.24,0.76,4,292,3,0,0,0,support,medium
0.3,0.36,6,176,10,1,0,0,finance,medium
0.63,0.71,3,211,10,0,0,0,management,medium
0.66,0.36,5,218,8,0,1,0,technical,low
0.32,0.36,3,183,8,0,0,0,technical,low
0.83,0.81,7,146,7,0,0,0,product_mng,low
0.31,0.61,5,230,9,0,0,0,hr,medium
0.14,0.5,2,210,7,1,0,0,technical,medium
0.54,0.41,2,110,7,1,0,0,product_mng,low
0.58,0.61,4,190,6,0,1,0,IT,low
0.59,0.36,2,108,7,0,0,0,RandD,low
0.35,0.36,7,260,9,0,0,0,product_mng,low
0.4,0.72,3,227,10,0,1,0,sales,low
0.48,0.66,7,106,8,0,0,0,finance,medium
0.11,0.42,7,287,2,1,0,0,support,low
0.04,0.52,2,194,9,0,1,0,finance,low
0.35,0.54,5,109,3,0,0,0,support,low
0.43,0.6,6,305,7,0,0,1,IT,low
0.32,0.54,6,231,10,1,0,0,IT,medium
0.37,0.71,7,128,10,0,0,0,technical,low
0.57,0.68,2,104,5,0,1,0,marketing,medium
0.52,0.47,5,250,4,0,0,0,support,medium
0.24,0.67,7,271,5,0,0,0,hr,low
0.43,0.67,3,131,9,0,0,0,marketing,medium
0.43,0.75,5,116,9,0,0,0,sales,medium
0.2,0.67,4,242,2,1,0,0,technical,medium
0.17,0.4,3,241,8,0,0,0,marketing,low
0.87,0.36,7,109,10,0,0,0,hr,low
0.89,0.67,3,285,4,1,0,0,sales,low
0.6,0.55,3,185,8,0,0,0,sales,medium
0.49,0.71,3,98,3,1,0,0,support,low
0.32,0.65,3,258,3,0,0,0,RandD,low
0.14,0.81,5,197,9,0,0,0,management,medium
0.34,0.78,6,191,4,0,0,0,finance,low
0.55,0.58,4,163,8,0,0,0,IT,low
0.51,0.54,7,206,2,0,0,0,RandD,medium
0.27,0.53,7,163,3,0,0,0,support,low
0.66,0.75,7,108,3,1,0,0,marketing,medium
0.1,0.62,5,232,5,0,0,0,IT,low
0.82,0.36,5,118,7,0,0,0,marketing,medium
0.48,0.65,4,104,8,0,0,0,hr,medium
0.42,0.36,3,144,2,0,0,0,sales,medium
0.46,0.41,4,273,5,0,0,0,product_mng,low
0.31,0.6,2,209,5,0,0,0,technical,medium
0.08,0.63,3,250,3,0,0,1,support,medium
0.7,0.88,2,277,4,0,1,0,product_mng,low
0.39,0.54,6,168,7,1,0,0,finance,low
0.45,0.64,3,124,10,0,0,0,product_mng,low
0.2,0.71,4,193,3,0,1,0,RandD,medium
0.49,0.36,2,140,7,0,0,0,support,low
0.48,0.74,5,181,10,0,0,0,product_mng,medium
0.73,0.75,2,262,6,0,0,0,RandD,low
0.3,0.71,5,105,5,0,0,0,RandD,low
0.24,0.65,7,305,9,0,0,0,hr,low
0.11,0.82,2,142,9,0,0,0,marketing,medium
0.4,0.4,4,272,8,0,1,0,marketing,medium
0.11,0.45,7,240,3,0,0,0,IT,medium
0.22,0.37,7,286,4,0,0,0,RandD,low
0.21,0.65,5,133,10,0,0,0,marketing,high
0.12,0.82,6,295,9,0,0,0,technical,medium
0.49,0.48,7,254,4,0,1,0,finance,low
0.52,0.36,7,138,10,0,0,0,product_mng,medium
0.1,0.7,3,209,9,0,0,0,product_mng,medium
0.66,0.48,2,210,10,1,1,0,sales,medium
0.47,0.44,6,154,4,0,0,0,marketing,low
0.69,0.37,4,287,9,0,1,0,product_mng,low
0.35,0.89,4,181,2,0,0,0,marketing,medium
0.32,0.36,2,130,10,0,0,0,IT,medium
0.21,0.41,2,308,8,0,1,0,marketing,low
0.77,0.57,2,236,8,0,0,0,sales,medium
0.81,0.48,5,263,7,1,0,0,RandD,low
0.52,0.69,2,176,8,0,0,0,marketing,medium
0.41,0.46,4,229,7,0,0,0,sales,low
0.35,0.71,5,140,6,0,0,0,management,low
0.57,0.96,5,129,5,0,1,0,technical,low
0.51,0.36,6,108,6,0,0,0,hr,medium
0.23,0.42,2,238,9,0,0,0,finance,low
0.26,0.36,2,160,7,0,0,0,management,low
0.42,0.36,7,305,10,0,0,0,RandD,low
0.86,0.36,7,234,7,0,0,0,finance,medium
0.37,0.74,7,272,7,0,0,0,hr,medium
0.26,0.62,3,139,7,0,0,0,sales,high
0.34,0.72,2,187,8,0,0,0,product_mng,medium
0.45,0.74,5,99,3,1,1,0,sales,medium
0.23,0.65,6,128,3,0,1,0,technical,medium
0.79,0.72,5,192,6,0,0,0,hr,medium
0.14,0.42,3,287,7,1,0,0,management,medium
0.62,0.69,5,142,9,0,0,0,technical,low
0.23,0.7,2,110,5,0,0,0,IT,medium
0.55,0.54,2,132,6,0,0,0,technical,medium
0.23,0.45,7,183,5,0,0,0,IT,medium
0.21,0.88,6,295,3,0,1,0,finance,medium
0.21,0.79,5,206,8,0,0,0,management,high
0.46,0.36,3,148,10,0,0,0,RandD,medium
0.06,0.63,2,192,6,0,1,0,sales,medium
0.39,0.65,5,142,10,0,1,0,marketing,medium
0.27,0.73,4,112,9,0,0,0,IT,medium
0.48,0.36,6,161,7,0,1,0,technical,medium
0.37,0.36,2,252,3,0,0,0,sales,medium
0.14,0.91,6,164,7,0,1,0,IT,medium
0.22,0.76,4,285,3,0,0,0,RandD,medium
0.31,0.63,6,265,2,0,1,0,hr,high
0.26,0.9,3,191,4,0,0,0,product_mng,medium
0.13,0.41,5,275,7,0,0,0,technical,low
0.54,0.41,5,255,10,0,0,0,management,medium
0.63,0.36,3,211,8,1,0,0,marketing,medium
0.23,0.36,7,154,10,0,1,0,RandD,low
0.13,0.7,3,197,10,0,0,0,technical,low
0.3,0.55,7,133,8,0,0,0,hr,low
0.24,0.7,4,241,6,0,0,0,marketing,low
0.1,0.46,6,170,8,0,0,0,support,low
0.69,0.43,5,251,5,0,0,0,finance,low
0.67,0.57,7,121,7,0,0,0,support,low
0.15,0.52,7,260,6,1,0,1,RandD,low
0.24,0.36,4,275,8,0,0,0,RandD,low
0.53,0.94,4,136,6,0,0,0,support,medium
0.29,0.73,3,139,9,0,0,0,sales,high
0.12,0.88,2,287,3,0,0,0,finance,medium
0.41,0.98,3,219,10,1,0,0,support,medium
0.15,0.7,4,245,3,0,0,0,finance,low
0.59,0.79,5,187,2,0,0,0,IT,low
0.24,0.86,2,214,6,0,0,0,RandD,low
0.44,0.84,2,203,2,0,0,0,support,medium
0.52,0.9,6,292,5,0,0,1,management,low
0.16,0.65,7,290,2,1,0,0,technical,medium
0.32,0.43,4,258,3,0,0,0,IT,low
0.53,0.49,3,141,5,1,0,0,sales,medium
0.29,0.51,6,205,10,1,0,0,technical,low
0.65,0.6,5,193,9,0,0,0,technical,medium
0.35,0.59,5,140,6,0,0,0,support,medium
0.28,0.41,4,302,5,0,0,0,technical,low
0.26,0.36,2,205,3,0,0,0,support,low
0.75,0.73,6,212,6,0,0,0,marketing,low
0.29,0.68,5,246,10,0,0,0,IT,low
0.2,0.57,7,154,9,0,0,0,technical,low
0.19,0.36,3,130,5,1,0,0,marketing,medium
0.29,0.41,7,301,8,1,0,0,technical,medium
0.76,0.48,4,156,2,1,0,0,support,low
0.37,0.51,3,182,2,0,0,0,RandD,low
0.38,0.51,2,197,8,0,0,0,hr,low
0.15,0.91,3,199,7,0,0,0,management,medium
0.49,0.92,6,232,6,0,0,0,hr,low
0.36,0.41,7,238,7,0,1,0,management,medium
0.38,0.73,4,267,2,0,0,0,finance,low
0.34,0.8,5,139,9,0,0,0,hr,low
0.31,0.94,6,139,2,0,0,0,technical,medium
0.39,0.36,4,296,8,0,0,0,marketing,low
0.17,0.36,5,127,4,0,0,0,management,low
0.49,0.45,3,281,2,0,0,0,technical,low
0.45,0.85,5,285,8,1,0,0,sales,high
0.28,0.44,7,112,9,1,0,0,sales,low
0.53,0.75,2,283,8,0,0,0,IT,medium
0.53,0.49,5,290,2,0,0,0,management,low
0.54,0.53,5,206,10,0,0,0,RandD,medium
0.57,0.5,4,276,10,0,0,0,IT,medium
0.25,0.44,4,285,4,0,0,0,marketing,low
0.34,0.78,6,142,2,0,1,0,finance,low
0.26,0.68,7,299,10,0,0,0,IT,medium
0.07,0.37,6,261,6,0,0,0,support,low
0.31,0.57,7,154,3,1,0,0,RandD,medium
0.67,0.73,7,256,9,0,0,0,technical,medium
0.28,0.56,7,159,6,0,0,0,hr,low
0.31,0.76,4,122,10,0,1,0,sales,medium
0.69,0.87,6,110,8,0,0,0,product_mng,medium
0.79,0.58,4,291,6,0,0,0,support,low
0.48,0.56,5,253,4,1,0,0,finance,low
0.7,0.36,2,176,5,0,1,0,finance,medium
0.62,0.77,3,136,5,0,0,0,technical,high
0.37,0.73,6,162,3,0,0,0,sales,medium
0.23,0.72,2,153,4,0,0,0,product_mng,medium
0.85,0.82,5,193,6,0,0,0,IT,medium
0.51,0.72,7,188,8,0,0,0,hr,low
0.1,0.5,5,203,2,0,0,0,finance,low
0.17,0.77,6,216,9,0,0,0,RandD,medium
0.5,0.44,3,111,3,0,0,0,IT,medium
0.26,0.94,7,184,6,0,0,0,RandD,low
0.37,0.89,2,106,2,1,1,0,technical,low
0.37,0.82,4,300,5,0,0,0,IT,low
0.14,0.52,6,290,6,0,0,0,hr,low
0.2,0.38,6,217,9,0,0,0,IT,low
0.23,0.61,3,243,10,0,1,0,marketing,medium
0.4,0.84,5,244,5,0,0,0,hr,medium
0.33,0.8,2,144,3,0,0,0,sales,high
0.51,0.52,6,203,9,0,0,0,sales,low
0.59,0.47,2,238,3,1,0,0,finance,medium
0.16,0.51,6,167,7,0,1,0,marketing,medium
0.17,0.36,6,218,2,0,0,0,finance,medium
0.68,0.45,2,262,10,0,0,0,RandD,low
0.2,0.55,7,276,2,0,0,0,marketing,medium
0.44,0.7,2,241,9,0,0,0,finance,low
0.28,0.69,4,167,7,0,0,0,RandD,medium
0.52,0.74,7,233,2,0,0,0,finance,low
0.15,0.36,4,263,2,0,0,0,management,high
0.34,0.68,2,213,7,0,1,0,marketing,low
0.24,0.69,2,279,7,0,0,0,marketing,low
0.16,0.67,5,282,5,0,0,0,support,low
0.27,0.75,7,242,4,0,0,0,support,medium
0.21,0.87,5,296,3,0,0,0,IT,medium
0.45,0.36,2,296,6,1,0,0,finance,low
0.46,0.94,5,146,5,0,1,0,IT,medium
0.26,0.38,6,187,9,0,0,0,hr,low
0.65,0.85,4,242,9,0,0,0,IT,low
0.1,0.92,3,126,9,0,0,0,technical,medium
0.45,0.47,7,143,4,0,0,0,product_mng,low
0.48,0.93,7,266,8,0,0,0,marketing,low
0.25,0.54,7,249,8,0,0,0,hr,medium
0.31,0.68,6,251,5,0,0,0,support,low
0.52,0.62,7,190,10,0,1,0,marketing,medium
0.4,0.93,3,281,9,0,0,0,marketing,medium
0.26,0.42,4,107,9,0,0,0,technical,medium
0.14,0.43,6,157,3,0,1,0,IT,low
0.31,0.47,2,197,5,0,1,0,IT,medium
0.82,0.36,4,110,5,0,0,0,support,low
0.25,0.6,6,226,7,0,0,0,RandD,low
0.48,0.58,2,277,2,0,0,0,marketing,low
0.5,0.84,4,231,6,0,0,0,product_mng,medium
0.26,0.4,4,97,5,0,0,0,marketing,low
0.39,0.36,2,213,6,0,0,0,sales,medium
0.52,0.84,6,98,5,0,0,0,technical,low
0.49,0.47,2,125,8,0,1,0,RandD,low
0.29,0.48,2,131,4,1,0,0,hr,medium
0.46,0.79,7,180,2,0,0,0,product_mng,low
0.17,0.9,7,258,4,0,0,0,sales,low
0.06,0.66,2,303,7,0,0,0,sales,low
0.35,0.8,5,169,8,0,0,0,sales,low
0.16,0.49,3,267,6,1,1,0,sales,low
0.24,0.93,6,224,3,0,0,0,IT,high
0.31,0.79,3,96,3,0,0,0,support,medium
0.53,0.6,5,127,7,0,0,0,sales,medium
0.16,0.36,4,263,8,0,0,0,marketing,low
0.43,0.98,7,240,8,0,0,0,support,medium
0.2,0.42,5,229,9,0,0,0,technical,medium
0.92,0.71,5,292,2,0,0,0,sales,low
0.53,0.62,2,96,7,0,0,0,technical,low
0.17,0.45,3,278,2,0,0,0,marketing,medium
0.4,0.76,2,255,2,0,0,0,marketing,low
0.33,0.83,6,282,4,0,0,0,support,medium
0.26,0.58,3,286,5,0,0,0,management,medium
0.36,0.36,6,264,5,0,0,0,support,high
0.54,0.8,4,216,2,0,0,0,finance,medium
0.83,0.76,3,306,6,0,1,0,IT,low
0.61,0.58,3,174,5,0,1,0,finance,low
0.28,0.8,5,233,5,1,0,0,IT,medium
0.12,0.36,6,137,10,0,1,0,sales,low
0.22,0.76,3,185,7,0,1,0,finance,medium
0.47,0.92,5,306,2,0,0,0,management,medium
0.53,0.4,2,289,6,1,1,0,management,medium
0.46,0.86,3,295,5,0,1,0,RandD,medium
0.42,0.54,5,200,8,0,0,0,marketing,medium
0.34,0.81,2,298,7,0,1,0,marketing,medium
0.76,0.74,4,151,4,1,1,0,marketing,medium
0.57,0.58,5,276,6,1,1,0,sales,low
0.36,0.82,6,292,2,0,0,0,management,low
0.65,0.42,2,234,3,0,0,0,RandD,low
0.27,0.74,2,239,7,0,0,0,sales,low
0.4,0.36,5,280,5,0,0,0,hr,low
0.49,0.47,5,194,2,0,0,0,management,low
0.47,0.44,6,250,8,0,0,0,technical,low
0.16,0.73,2,170,6,0,0,0,finance,low
0.32,0.58,4,195,9,0,0,0,sales,medium
0.67,0.55,3,253,5,0,1,0,hr,medium
0.3,0.36,6,226,8,0,1,0,IT,medium
0.67,0.39,2,247,5,0,0,0,hr,high
0.33,0.92,6,100,6,0,0,0,hr,low
0.21,0.36,5,108,8,0,0,0,sales,medium
0.19,0.65,3,138,2,0,0,0,RandD,low
0.39,0.78,3,245,3,0,1,0,finance,low
0.19,0.41,7,129,9,0,0,0,marketing,low
0.55,0.59,6,182,6,0,0,0,RandD,medium
0.33,0.61,4,267,10,1,0,0,RandD,high
0.67,0.5,4,237,10,0,0,0,support,low
0.32,0.47,6,111,6,0,0,0,hr,high
0.7,0.83,3,262,2,0,0,0,sales,low
0.63,0.6,7,265,2,0,0,0,hr,low
0.18,0.76,5,239,5,0,0,0,RandD,medium
0.12,0.76,5,101,6,0,0,0,product_mng,medium
0.12,0.96,5,104,10,0,0,0,hr,medium
0.19,0.9,7,274,5,1,1,0,hr,medium
0.63,0.36,5,123,8,0,0,0,management,medium
0.06,0.66,2,289,5,0,1,0,marketing,low
0.18,0.71,2,220,5,1,0,0,finance,medium
0.52,0.36,7,202,6,0,0,0,sales,medium
0.47,0.57,3,273,4,0,0,0,finance,medium
0.16,0.81,2,178,3,0,1,0,finance,high
0.5,0.7,5,218,8,0,0,0,IT,medium
0.58,0.95,2,199,10,1,0,0,IT,low
0.35,0.71,3,250,3,0,0,0,technical,low
0.5,0.96,3,302,4,0,1,0,support,medium
0.71,0.51,3,171,9,0,0,0,marketing,low
0.74,0.48,2,264,6,0,0,0,sales,medium
0.33,0.57,4,116,2,0,0,0,finance,low
0.16,0.84,6,276,7,0,0,0,support,low
0.53,0.43,3,160,2,0,0,0,sales,low
0.3,0.79,4,240,5,1,0,0,finance,low
0.47,0.66,7,268,5,0,0,0,support,medium
0.2,0.66,6,108,5,1,0,1,technical,medium
0.39,0.54,6,250,10,0,0,0,support,medium
0.42,0.47,2,128,4,0,0,0,technical,low
0.1,0.59,3,98,9,0,0,0,sales,high
0.42,0.7,4,129,2,0,0,0,hr,medium
0.05,0.71,6,208,4,0,0,0,management,low
0.65,0.87,3,148,3,0,0,0,technical,low
0.55,0.64,7,106,3,0,1,0,sales,low
0.24,0.54,2,116,3,0,0,0,hr,medium
0.38,0.43,4,114,9,0,0,0,marketing,low
0.1,0.48,7,246,4,0,0,0,IT,low
0.79,0.53,7,145,10,0,0,0,IT,medium
0.5,0.38,2,170,2,0,0,0,management,low
0.54,0.65,5,280,7,0,0,0,support,low
0.66,0.81,7,143,3,0,0,0,RandD,low
0.05,0.41,2,242,8,0,0,0,support,high
0.59,0.61,4,173,9,0,0,0,RandD,medium
0.29,0.84,5,294,9,1,0,0,marketing,medium
0.38,0.56,5,207,10,0,0,0,marketing,medium
0.38,0.75,6,169,8,0,0,0,sales,medium
0.78,0.83,7,125,7,0,1,0,hr,low
0.26,0.42,7,203,9,1,0,0,technical,medium
0.08,0.52,4,207,9,1,0,0,finance,low
0.45,0.93,2,160,8,0,0,0,hr,medium
0.61,0.67,4,230,9,0,1,0,finance,low
0.13,0.69,3,99,7,1,0,0,IT,medium
0.42,0.36,2,148,4,0,0,0,technical,low
0.53,0.66,4,171,5,0,1,0,hr,medium
0.27,0.39,5,203,10,0,0,0,marketing,low
0.64,0.46,7,171,6,0,1,0,IT,low
0.65,0.4,2,298,9,0,0,0,IT,low
0.33,0.36,3,292,7,0,1,0,finance,medium
0.51,0.63,5,195,9,0,0,0,management,low
0.21,0.6,6,140,6,0,1,0,hr,medium
0.1,0.67,2,190,4,0,0,0,support,high
0.33,0.8,3,308,3,0,1,0,finance,medium
0.27,0.81,3,143,5,0,0,0,finance,low
0.56,0.76,3,254,4,0,0,0,sales,low
0.16,0.6,4,207,9,0,0,0,IT,low
0.49,0.78,3,123,5,0,0,0,hr,medium
0.07,0.58,3,143,5,1,1,0,IT,low
0.18,0.41,2,270,3,0,0,0,IT,medium
0.32,0.45,5,208,6,1,0,0,hr,medium
0.83,0.74,2,125,7,0,0,0,RandD,low
0.21,0.81,6,192,6,0,0,0,RandD,low
0.13,0.88,4,269,8,0,0,0,IT,low
0.57,0.82,5,296,4,0,0,0,sales,medium
0.45,0.63,6,253,3,0,1,0,hr,medium
0.62,0.53,5,192,7,0,0,0,finance,low
0.13,0.82,3,151,2,0,0,0,IT,low
0.33,0.58,4,101,5,0,0,0,technical,medium
0.44,0.57,2,153,3,1,1,0,RandD,low
0.69,0.64,7,113,9,1,1,0,finance,low
0.2,0.61,6,203,5,1,0,0,product_mng,medium
0.26,0.4,2,125,7,0,0,0,hr,medium
0.7,0.68,3,161,7,0,0,0,management,medium
0.21,0.8,3,245,4,0,0,0,sales,medium
0.51,0.4,5,231,4,0,0,0,sales,low
0.42,0.5,7,277,4,0,1,0,support,medium
0.22,0.71,4,281,7,1,1,0,support,high
0.21,0.81,5,309,10,0,0,0,technical,medium
0.14,0.79,4,131,10,0,0,0,product_mng,low
0.53,0.52,3,250,7,0,0,0,RandD,low
0.71,0.76,2,221,6,0,0,0,RandD,medium
0.15,0.95,2,125,5,0,0,0,technical,medium
0.62,0.73,2,151,9,0,1,0,support,low
0.43,0.36,6,117,8,0,0,0,support,medium
0.84,0.65,5,190,4,0,1,0,hr,medium
0.35,0.61,3,293,10,1,0,0,product_mng,low
0.12,0.74,7,189,4,0,0,0,IT,medium
0.49,0.75,7,233,10,0,1,0,sales,medium
0.56,0.52,2,293,2,0,0,0,sales,low
0.35,0.8,3,140,4,0,0,0,RandD,low
0.22,0.85,5,97,10,0,0,0,sales,low
0.3,0.36,6,266,10,0,1,0,finance,medium
0.27,0.71,7,223,9,1,0,0,hr,low
0.39,0.54,3,253,3,0,0,0,finance,low
0.71,0.5,3,245,10,0,0,0,sales,low
0.42,0.44,7,134,10,0,0,0,RandD,medium
0.47,0.45,7,208,3,1,0,0,marketing,low
0.44,0.66,4,162,10,0,0,0,finance,low
0.39,0.36,5,201,6,1,0,0,support,medium
0.32,0.66,6,297,8,0,0,0,marketing,low
0.81,0.61,6,227,5,0,0,0,support,low
0.61,0.36,6,210,5,1,0,0,IT,medium
0.55,0.55,3,223,4,0,1,0,finance,high
0.49,0.36,6,284,7,0,1,0,support,medium
0.32,0.77,6,131,10,0,0,0,support,medium
0.37,0.52,5,255,2,0,0,0,management,low
0.79,0.59,4,207,10,0,0,0,RandD,low
0.39,0.39,5,155,8,0,0,0,support,low
0.4,0.57,7,255,2,1,0,0,product_mng,medium
0.47,0.63,5,158,3,0,0,0,management,medium
0.25,0.62,5,191,7,0,0,0,management,low
0.57,0.72,6,267,7,0,1,0,management,low
0.29,0.44,2,134,6,1,0,0,marketing,medium
0.21,0.94,3,178,10,0,0,0,sales,low
0.47,0.4,5,250,8,0,0,0,hr,medium
0.21,0.51,2,140,5,1,0,0,hr,medium
0.36,0.79,2,101,5,1,0,0,technical,medium
0.71,0.64,2,161,8,0,1,0,finance,low
0.56,0.36,2,174,3,0,0,0,support,low
0.74,0.61,3,107,7,0,0,0,sales,low
0.18,0.44,7,187,10,0,1,0,hr,low
0.34,0.45,6,278,2,0,1,0,marketing,low
0.93,0.77,6,282,8,0,1,0,product_mng,low
0.34,0.76,4,303,2,0,0,0,management,low
0.29,0.36,2,175,4,0,0,1,sales,low
0.22,0.6,2,121,10,0,0,0,support,medium
0.68,0.73,7,127,9,1,0,0,finance,medium
0.22,0.57,6,268,5,0,0,0,product_mng,low
0.25,0.44,6,214,4,0,1,0,sales,medium
0.39,0.51,5,261,5,0,1,0,sales,medium
0.63,0.42,5,266,5,1,1,0,IT,low
0.42,0.52,6,295,5,0,0,0,finance,low
0.42,0.76,7,286,7,0,0,1,finance,high
0.46,0.5,2,128,2,1,0,0,finance,low
0.56,0.38,4,171,7,0,0,0,support,medium
0.2,0.92,6,197,5,0,0,0,IT,medium
0.54,0.47,2,118,2,0,0,0,technical,medium
0.47,0.59,3,224,6,0,0,0,sales,medium
0.89,0.47,3,266,7,0,0,0,technical,medium
0.72,0.66,6,234,8,0,0,0,technical,low
0.45,0.64,2,222,4,1,0,0,technical,low
0.26,0.53,6,278,2,0,0,0,finance,low
0.42,0.72,6,98,3,0,0,0,marketing,low
0.46,0.36,7,121,7,0,0,0,product_mng,low
0.37,0.7,3,154,9,0,0,0,finance,medium
0.25,0.65,5,231,5,0,0,0,hr,low
0.1,0.75,4,163,2,0,1,0,product_mng,high
0.69,0.7,5,121,10,0,0,0,hr,medium
0.18,0.37,2,201,8,1,0,0,IT,medium
0.54,0.72,7,132,5,0,0,0,management,medium
0.34,0.46,2,249,3,0,0,0,technical,low
0.58,0.48,6,142,3,0,0,0,hr,medium
0.1,0.75,5,176,10,0,0,0,support,medium
0.3,0.36,2,204,3,1,0,0,finance,medium
0.15,0.69,3,207,6,0,0,0,IT,medium
0.34,0.63,7,273,7,0,1,0,product_mng,high
0.88,0.76,4,120,4,0,1,0,RandD,low
0.64,0.55,4,126,10,0,0,0,hr,high
0.52,0.98,5,269,8,0,0,0,management,medium
0.15,0.39,7,172,7,0,0,0,RandD,medium
0.73,0.41,3,194,5,0,0,0,management,low
0.48,0.66,4,297,9,0,1,0,sales,low
0.43,0.58,2,108,9,0,0,0,finance,low
0.76,0.36,2,224,7,0,0,0,hr,medium
0.46,0.57,5,123,10,0,0,0,technical,low
0.63,0.86,3,109,9,0,1,0,support,low
0.11,0.41,6,287,10,0,0,0,IT,low
0.2,0.79,4,274,9,0,0,0,finance,medium
0.19,0.76,3,243,4,0,0,0,marketing,low
0.19,0.76,4,100,3,0,0,0,IT,high
0.19,0.47,7,294,10,0,0,0,product_mng,medium
0.35,0.64,6,99,7,0,1,0,product_mng,medium
0.56,0.36,4,248,6,1,0,0,IT,medium
0.21,0.69,4,107,5,0,0,0,IT,medium
0.48,0.38,2,267,8,0,1,0,hr,low
0.66,0.52,6,209,4,0,0,0,marketing,medium
0.32,0.52,7,268,10,0,0,0,finance,medium
0.21,0.68,4,247,3,0,1,0,marketing,low
0.45,0.6,5,120,4,1,0,0,IT,low
0.08,0.83,7,175,4,0,0,0,finance,medium
0.5,0.36,2,259,4,0,0,0,marketing,medium
0.47,0.73,5,160,4,0,0,0,support,low
0.18,0.36,3,269,10,0,0,0,technical,low
0.45,0.64,5,123,7,0,0,0,product_mng,medium
0.45,0.43,2,174,6,0,1,0,sales,low
0.32,0.6,6,190,7,0,1,0,technical,medium
0.48,0.65,5,113,2,0,0,0,product_mng,medium
0.13,0.38,7,301,6,0,0,0,sales,medium
0.49,0.56,2,194,2,0,0,0,sales,low
0.39,0.73,3,211,4,0,1,0,sales,medium
0.9,0.71,5,308,9,0,1,0,marketing,medium
0.22,0.51,4,197,7,0,1,0,IT,high
0.31,0.78,5,214,6,0,0,0,technical,medium
0.39,0.52,6,206,7,0,1,0,technical,medium
0.66,0.53,2,217,6,1,0,0,support,medium
0.05,0.79,5,108,2,0,1,0,sales,medium
0.38,0.56,4,296,3,1,0,0,support,medium
0.2,0.43,7,260,4,0,0,0,technical,medium
0.61,0.69,6,169,6,0,0,0,finance,low
0.26,0.36,4,251,6,0,0,0,IT,medium
0.18,0.85,3,124,10,0,0,0,finance,low
0.15,0.65,4,128,9,0,0,0,finance,low
0.32,0.36,7,203,6,0,0,0,sales,medium
0.14,0.74,2,252,5,0,1,0,technical,medium
0.17,0.36,6,97,7,0,0,0,sales,low
0.24,0.53,3,289,5,0,0,0,finance,low
0.55,0.85,2,106,3,0,0,0,sales,high
0.57,0.56,2,204,3,0,0,0,marketing,medium
0.42,0.67,2,139,6,0,0,0,marketing,medium
0.68,0.43,3,243,2,0,0,0,IT,low
0.41,0.56,6,241,2,0,0,0,management,low
0.17,0.74,3,182,10,0,1,0,IT,low
0.79,0.4,5,271,10,1,0,0,hr,low
0.39,0.44,2,247,5,0,1,0,hr,low
0.64,0.5,2,290,4,1,0,0,technical,high
0.46,0.7,2,169,4,0,0,0,management,low
0.45,0.57,2,210,8,1,0,0,management,low
0.29,0.36,5,193,4,0,0,0,technical,medium
0.76,0.64,6,185,2,0,0,0,management,medium
0.61,0.61,7,195,7,0,0,0,finance,medium
0.09,0.7,6,217,4,0,0,0,IT,medium
0.36,0.84,2,271,10,0,0,0,marketing,low
0.62,0.57,5,175,6,0,0,0,hr,medium
0.24,0.97,7,236,6,1,0,0,hr,low
0.38,0.36,3,285,7,0,1,1,sales,medium
0.43,0.46,2,137,5,1,0,0,technical,low
0.17,0.52,7,213,10,0,0,0,management,medium
0.32,0.38,2,240,9,0,0,0,marketing,low
0.58,0.57,5,127,7,0,1,0,sales,medium
0.76,0.92,4,156,9,0,0,0,support,low
0.45,0.85,5,126,7,0,0,0,product_mng,high
0.45,0.41,6,298,7,1,0,0,marketing,low
0.11,0.75,6,210,9,0,0,0,management,medium
0.21,0.44,2,133,10,0,0,0,marketing,low
0.25,0.67,7,270,4,0,1,0,management,medium
0.57,0.55,5,200,8,0,0,0,support,high
0.9,0.63,7,178,5,0,1,0,IT,medium
0.93,0.85,7,290,9,0,1,0,technical,low
0.42,0.81,3,184,6,0,1,0,sales,medium
0.2,0.57,5,136,9,0,1,0,marketing,low
0.27,0.36,3,194,3,0,0,0,product_mng,medium
0.66,0.91,6,204,7,0,1,0,management,medium
0.42,0.81,7,261,3,0,0,0,support,low
0.17,0.41,5,176,7,0,1,0,sales,medium
0.71,0.36,4,106,4,0,0,0,support,medium
0.04,0.56,3,195,8,0,1,0,RandD,medium
0.21,0.75,5,111,8,0,1,0,marketing,low
0.44,0.75,5,137,4,1,0,0,hr,low
0.36,0.36,5,265,8,1,1,0,technical,low
0.37,0.45,3,245,3,0,0,0,marketing,low
0.5,0.67,6,130,10,0,0,0,technical,low
0.15,0.56,2,181,10,1,0,0,product_mng,low
0.55,0.6,7,209,7,0,0,0,marketing,low
0.68,0.36,7,239,10,0,0,0,hr,low
0.37,0.36,3,195,8,0,1,0,product_mng,low
0.56,0.71,5,103,5,0,1,0,technical,medium
0.61,0.72,5,123,6,0,0,0,RandD,low
0.05,0.71,6,180,5,0,0,0,IT,low
0.66,0.88,6,224,10,1,0,0,RandD,low
0.45,0.36,5,164,8,0,0,0,finance,low
0.44,0.82,6,102,6,0,0,0,management,medium
0.22,0.47,7,310,2,0,0,0,technical,medium
0.15,0.91,6,301,4,0,1,0,management,medium
0.85,0.96,4,128,7,0,0,0,technical,medium
0.32,0.4,4,185,10,0,0,0,IT,low
0.12,0.78,3,173,4,0,0,0,RandD,low
0.49,0.89,4,125,6,0,1,0,marketing,medium
0.3,0.56,4,297,4,0,0,1,technical,medium
0.36,0.36,3,111,3,0,1,0,marketing,low
0.39,0.73,6,121,2,0,1,0,hr,medium
0.29,0.86,2,241,2,0,0,0,sales,medium
0.39,0.36,7,273,7,1,0,0,finance,low
0.17,0.72,7,153,6,0,1,0,marketing,low
0.47,0.59,3,200,3,0,0,0,marketing,medium
0.19,0.36,5,242,4,0,0,0,finance,medium
0.22,0.53,4,221,5,0,0,0,sales,medium
0.23,0.78,4,140,10,0,0,0,technical,medium
0.19,0.36,7,184,2,0,0,0,marketing,low
0.57,0.52,3,300,2,0,0,0,management,low
0.56,0.48,7,281,6,0,1,0,product_mng,low
0.25,0.89,7,201,7,0,1,0,sales,low
0.38,0.52,6,200,6,0,0,0,sales,low
0.37,0.59,6,181,7,0,0,0,finance,low
0.48,0.36,4,232,5,0,0,0,IT,low
0.33,0.68,6,115,5,0,1,0,hr,medium
0.39,0.58,2,125,9,0,1,0,marketing,low
0.34,0.56,2,297,7,0,0,0,support,medium
0.4,0.55,7,284,2,0,0,0,hr,medium
0.17,0.54,3,113,2,0,0,0,product_mng,low
0.49,0.56,7,137,9,0,0,0,RandD,medium
0.12,0.62,2,163,4,1,0,0,RandD,medium
0.32,0.96,4,292,7,0,0,0,technical,low
0.58,0.59,3,265,3,0,0,0,management,medium
0.52,0.89,7,145,7,0,1,0,IT,medium
0.23,0.38,5,207,6,0,0,0,finance,medium
0.13,0.36,6,243,5,0,0,0,IT,medium
0.35,0.46,5,162,4,0,0,0,support,low
0.7,0.54,3,246,10,0,0,0,marketing,medium
0.09,0.38,3,126,10,0,0,0,hr,low
0.29,0.61,5,97,8,0,0,0,RandD,medium
0.19,0.36,2,111,3,0,0,0,support,medium
0.56,0.73,6,163,10,0,0,0,management,high
0.4,0.41,7,184,2,0,0,0,IT,low
0.36,0.39,2,302,6,0,0,0,hr,medium
0.52,0.66,3,228,4,0,0,0,IT,low
0.78,0.36,2,139,5,1,1,0,technical,medium
0.33,0.48,4,197,10,0,1,0,finance,low
0.16,0.48,3,200,5,1,0,0,sales,medium
0.34,0.59,4,199,4,0,0,0,product_mng,medium
0.73,0.9,2,271,10,0,0,0,product_mng,low
0.18,0.92,5,127,10,1,0,0,technical,medium
0.32,0.9,6,165,8,0,1,0,RandD,low
0.23,0.4,5,262,6,0,1,0,marketing,low
0.12,0.68,3,252,8,0,1,0,marketing,low
0.15,0.64,3,157,6,0,0,0,sales,low
0.45,0.96,7,162,3,0,0,0,product_mng,medium
0.34,0.59,3,310,8,0,1,0,finance,medium
0.5,0.63,2,207,10,0,1,0,product_mng,medium
0.51,0.78,7,159,8,0,0,0,RandD,low
0.2,0.94,6,212,3,0,0,0,IT,medium
0.53,0.54,7,153,6,0,0,0,marketing,low
0.5,0.68,2,193,6,0,0,0,marketing,medium
0.68,0.36,5,128,3,0,0,0,marketing,low
0.78,0.41,6,259,3,0,0,0,sales,low
0.05,0.65,7,192,4,1,1,0,marketing,medium
0.62,0.68,3,240,3,1,1,0,product_mng,low
0.62,0.72,4,201,8,0,0,0,marketing,medium
0.29,0.36,2,126,6,1,0,0,hr,low
0.39,0.8,7,145,5,0,0,0,finance,low
0.32,0.7,4,228,2,0,0,0,support,medium
0.04,0.37,5,183,8,1,0,0,support,medium
0.45,0.48,4,202,10,0,0,0,finance,medium
0.33,0.36,5,270,5,0,0,0,sales,high
0.23,0.6,5,210,4,0,0,0,RandD,medium
0.3,0.77,7,221,10,0,1,0,technical,medium
0.33,0.74,5,193,7,0,0,0,RandD,medium
0.48,0.6,2,119,5,0,0,0,technical,low
0.64,0.93,7,246,3,1,1,0,support,high
0.73,0.36,3,289,5,0,1,0,hr,low
0.24,0.72,5,238,10,0,1,0,marketing,low
0.23,0.55,2,262,7,0,0,0,hr,low
0.4,0.58,4,120,6,0,0,0,sales,medium
0.44,0.61,2,140,7,0,0,0,marketing,medium
0.42,0.92,5,148,3,0,0,0,support,low
0.47,0.68,3,214,5,0,0,0,finance,low
0.48,0.57,4,110,5,0,0,0,management,low
0.07,0.36,6,267,5,0,0,0,management,low
0.37,0.88,2,197,6,0,0,0,technical,low
0.13,0.89,6,136,10,1,0,0,hr,low
0.24,0.36,4,246,7,0,0,0,management,medium
0.27,0.36,2,166,9,0,0,0,hr,low
0.07,0.67,2,195,5,0,0,0,sales,low
0.33,0.79,2,214,10,0,0,0,finance,low
0.48,0.67,4,192,6,0,1,0,product_mng,low
0.39,0.75,6,218,9,0,0,0,hr,medium
0.21,0.36,7,306,2,0,1,0,support,low
0.49,0.47,3,109,5,0,1,0,marketing,medium
0.67,0.36,4,187,7,0,0,0,hr,low
0.57,0.88,6,172,5,0,0,0,product_mng,low
0.29,0.88,2,254,4,0,0,0,support,medium
0.42,0.42,5,98,4,0,0,0,hr,low
0.52,0.91,7,305,7,0,0,0,IT,medium
0.3,0.98,6,298,8,1,1,0,finance,low
0.4,0.53,6,207,2,0,0,0,sales,medium
0.65,0.62,7,110,7,0,0,0,support,low
0.4,0.41,5,171,5,0,0,1,IT,medium
0.59,0.4,2,153,3,1,0,0,finance,low
0.25,0.75,6,198,8,0,1,0,IT,high
0.34,0.83,5,155,8,0,1,0,hr,low
0.46,0.71,6,201,3,0,0,0,RandD,medium
0.47,0.91,3,185,4,0,1,0,hr,low
0.49,0.75,6,115,3,0,1,0,support,low
0.18,0.36,3,105,3,0,0,0,IT,medium
0.61,0.83,7,199,10,1,0,0,product_mng,high
0.13,0.4,7,207,6,0,0,0,marketing,low
0.35,0.98,5,191,8,1,0,0,IT,medium
0.6,0.48,6,164,3,0,0,0,support,low
0.82,0.83,3,149,7,0,0,0,IT,high
0.4,0.72,2,138,6,0,0,0,product_mng,medium
0.39,0.55,6,174,6,0,0,0,RandD,medium
0.17,0.39,3,301,3,0,0,0,technical,medium
0.46,0.66,7,278,2,0,0,0,management,low
0.59,0.87,6,176,2,0,0,0,marketing,low
0.94,0.57,5,147,6,0,0,0,technical,low
0.25,0.71,7,102,7,0,0,0,hr,low
0.74,0.58,6,96,10,0,0,0,marketing,low
0.21,0.79,2,308,7,0,0,0,management,low
0.42,0.36,6,230,2,0,0,0,IT,low
0.18,0.87,2,171,4,0,0,0,marketing,medium
0.49,0.66,4,103,3,0,0,0,product_mng,medium
0.63,0.36,7,287,2,0,0,0,hr,medium
0.25,0.77,4,132,5,0,0,0,technical,low
0.62,0.76,4,201,10,0,1,0,marketing,medium
0.56,0.58,2,268,2,1,0,0,management,low
0.31,0.61,3,274,3,0,0,0,IT,medium
0.19,0.64,3,154,2,0,0,0,RandD,low
0.54,0.5,6,226,10,0,1,0,hr,low
0.71,0.91,6,160,4,0,0,0,technical,low
0.06,0.36,7,263,5,0,0,0,RandD,medium
0.31,0.63,4,99,6,0,1,0,IT,medium
0.42,0.79,5,183,2,0,0,0,sales,medium
0.32,0.47,3,139,3,0,0,0,RandD,low
0.74,0.59,4,133,8,0,0,0,product_mng,low
0.37,0.36,5,205,9,0,0,0,product_mng,low
0.71,0.9,6,184,6,0,0,0,technical,low
0.18,0.63,3,127,9,0,1,0,finance,medium
0.43,0.36,2,139,10,0,1,0,IT,medium
0.37,0.36,2,100,10,1,0,0,RandD,low
0.05,0.36,4,239,2,0,0,0,sales,high
0.35,0.5,7,219,3,0,0,0,technical,low
0.41,0.84,3,184,7,0,0,0,marketing,low
0.61,0.54,4,200,8,1,0,0,sales,medium
0.53,0.67,7,123,5,0,0,0,finance,medium
0.09,0.4,7,211,3,0,0,0,hr,low
0.81,0.78,3,113,8,0,0,0,product_mng,high
0.61,0.44,6,161,5,0,0,0,sales,low
0.28,0.47,3,159,6,0,0,0,IT,high
0.25,0.74,4,112,6,0,0,0,finance,low
0.52,0.36,2,241,6,0,0,0,technical,medium
0.64,0.36,4,149,10,0,1,0,marketing,low
0.42,0.83,4,259,6,0,0,0,marketing,medium
0.25,0.65,6,117,6,0,0,0,product_mng,high
0.09,0.64,3,225,8,0,1,0,sales,high
0.35,0.8,5,202,3,0,0,0,technical,low
0.23,0.37,7,278,7,0,1,0,sales,low
0.06,0.92,7,154,9,0,1,0,support,low
0.72,0.61,2,140,6,0,0,0,management,medium
0.52,0.78,7,159,6,0,0,0,RandD,medium
0.4,0.96,5,261,7,0,0,0,sales,medium
0.26,0.39,6,127,5,1,0,0,hr,low
0.68,0.51,3,110,3,0,0,0,hr,medium
0.1,0.36,6,113,9,0,0,0,RandD,low
0.17,0.5,3,222,6,0,1,0,sales,low
0.66,0.75,7,303,6,0,0,0,RandD,medium
0.16,0.64,7,259,4,0,0,1,hr,medium
0.23,0.56,3,103,2,0,1,0,marketing,low
0.06,0.87,3,219,7,0,0,0,IT,medium
0.62,0.36,4,242,3,0,0,0,management,medium
0.29,0.84,4,109,7,1,0,0,product_mng,medium
0.65,0.9,7,145,9,0,0,0,support,medium
0.43,0.54,3,184,7,1,0,0,IT,medium
0.61,0.47,6,135,5,0,0,0,finance,medium
0.36,0.36,4,97,8,0,1,0,product_mng,medium
0.24,0.37,7,310,7,0,0,0,marketing,low
0.26,0.52,2,144,2,0,0,0,marketing,medium
0.47,0.69,3,111,6,0,0,0,marketing,medium
0.38,0.72,7,115,6,0,1,0,sales,medium
0.14,0.74,4,255,7,0,0,0,technical,medium
0.57,0.87,5,243,9,0,0,0,technical,low
0.36,0.72,3,130,5,0,0,0,sales,medium
0.07,0.9,6,235,8,0,0,0,RandD,medium
0.06,0.69,7,192,7,0,0,0,support,medium
0.51,0.92,6,106,2,0,0,0,hr,low
0.17,0.87,7,247,2,0,0,0,sales,low
0.5,0.73,6,208,10,0,0,0,marketing,low
0.59,0.59,6,277,7,0,0,0,finance,low
0.31,0.63,7,278,5,0,0,0,product_mng,medium
0.66,0.74,2,180,4,0,0,0,finance,low
0.5,0.82,4,131,8,0,1,0,sales,low
0.12,0.92,4,149,8,0,1,0,sales,low
0.27,0.8,4,232,10,1,0,0,technical,low
0.27,0.81,2,103,6,0,0,0,sales,medium
0.51,0.71,4,147,6,0,0,0,support,low
0.55,0.84,2,211,6,0,1,0,sales,medium
0.44,0.85,3,191,6,0,0,0,sales,medium
0.24,0.36,5,251,10,0,0,0,management,medium
0.5,0.89,6,241,9,1,0,0,management,low
0.55,0.7,4,220,9,1,0,0,hr,medium
0.21,0.47,5,167,7,0,0,0,marketing,medium
0.4,0.67,4,302,5,0,0,0,management,low
0.45,0.98,3,207,5,0,1,0,sales,medium
0.36,0.6,3,259,10,1,0,0,finance,medium
0.65,0.59,3,280,5,0,0,0,product_mng,high
0.61,0.84,7,99,9,0,0,0,hr,medium
0.39,0.61,3,292,4,0,0,0,support,medium
0.6,0.36,2,263,8,0,0,0,technical,low
0.22,0.37,2,168,2,0,0,0,product_mng,medium
0.36,0.36,3,157,6,0,0,0,support,medium
0.19,0.77,3,240,9,0,0,0,finance,low
0.29,0.86,4,239,10,0,0,0,management,low
0.54,0.59,3,160,2,0,1,0,IT,low
0.33,0.59,4,99,8,0,1,0,RandD,low
0.28,0.77,6,225,3,0,0,0,sales,medium
0.36,0.76,3,162,10,0,0,0,management,low
0.45,0.66,7,201,9,0,1,0,finance,medium
0.31,0.58,7,265,7,1,0,0,management,low
0.13,0.72,4,210,3,0,1,0,hr,low
0.45,0.57,7,248,4,0,0,0,management,low
0.87,0.64,3,208,4,0,0,0,RandD,low
0.22,0.61,2,136,7,0,1,0,sales,medium
0.21,0.36,2,241,4,1,0,0,support,medium
0.24,0.89,4,210,7,0,1,0,hr,low
0.53,0.49,4,289,8,0,0,0,support,medium
0.47,0.51,2,218,8,0,1,0,finance,medium
0.41,0.56,7,147,3,0,0,0,product_mng,high
0.54,0.36,4,245,9,0,1,0,IT,medium
0.64,0.72,6,115,2,0,0,0,support,medium
0.19,0.36,4,268,6,0,0,0,management,medium
0.47,0.38,4,232,5,0,0,0,IT,low
0.2,0.79,7,209,6,0,0,0,support,low
0.33,0.62,7,270,7,0,0,0,sales,medium
0.52,0.57,3,306,4,1,0,0,finance,low
0.73,0.76,6,169,3,0,0,0,technical,low
0.57,0.62,2,96,4,0,0,0,management,medium
0.35,0.36,2,186,3,0,1,0,IT,medium
0.01,0.78,2,251,4,1,0,0,hr,medium
0.64,0.36,5,141,5,0,0,0,sales,medium
0.29,0.8,3,182,2,0,1,0,IT,medium
0.36,0.66,5,268,7,0,1,0,finance,medium
0.49,0.36,2,121,3,0,0,0,RandD,low
0.22,0.91,2,99,7,0,0,0,sales,low
0.58,0.36,7,299,3,0,0,0,RandD,low
0.48,0.47,3,185,4,1,0,0,support,medium
0.4,0.83,4,275,4,0,0,0,finance,medium
0.58,0.84,6,133,8,0,0,0,hr,low
0.16,0.89,2,168,6,0,1,0,technical,medium
0.08,0.36,7,161,9,0,0,0,finance,high
0.29,0.83,6,127,4,1,1,0,product_mng,medium
0.66,0.39,4,268,2,0,1,0,product_mng,high
0.63,0.75,4,103,4,0,0,0,sales,low
0.58,0.51,3,297,5,0,1,0,management,medium
0.59,0.58,4,109,2,0,1,0,product_mng,low
0.29,0.72,6,230,9,0,1,0,marketing,low
0.19,0.95,3,293,10,0,0,0,hr,high
0.39,0.84,5,271,3,0,0,0,support,low
0.59,0.8,2,217,2,0,0,0,product_mng,low
0.16,0.72,5,223,3,1,0,0,sales,low
0.2,0.42,4,186,4,0,1,0,hr,low
0.1,0.9,3,293,6,0,0,0,hr,low
0.25,0.96,5,277,7,0,0,0,IT,medium
0.32,0.62,5,232,6,1,0,0,finance,low
0.17,0.45,3,147,6,0,0,0,marketing,high
0.38,0.49,7,181,10,1,0,0,technical,low
0.4,0.45,3,125,4,0,0,0,hr,medium
0.85,0.36,3,225,5,0,0,0,RandD,low
0.57,0.36,4,127,3,0,0,0,support,medium
0.56,0.68,5,182,5,0,0,0,finance,high
0.33,0.82,3,96,6,0,0,0,support,medium
0.43,0.55,7,225,8,0,0,0,RandD,medium
0.19,0.76,7,219,4,0,0,0,marketing,medium
0.48,0.45,5,221,8,0,0,0,support,low
0.26,0.61,5,247,7,0,0,0,support,low
0.46,0.66,7,308,3,0,0,0,finance,low
0.17,0.39,3,107,5,0,0,1,hr,medium
0.38,0.79,5,108,7,1,0,0,management,low
0.2,0.84,3,266,7,0,1,0,technical,medium
0.14,0.81,2,193,5,0,0,0,sales,medium
0.63,0.84,5,254,5,0,1,0,finance,medium
0.14,0.9,7,229,7,0,1,0,support,low
0.7,0.47,6,301,7,0,0,0,RandD,low
0.69,0.54,6,193,10,0,1,0,technical,medium
0.21,0.4,3,203,8,0,0,0,sales,low
0.38,0.78,2,151,3,0,0,0,hr,low
0.51,0.68,6,234,7,0,1,0,finance,low
0.39,0.36,6,144,5,0,0,0,support,low
0.18,0.51,3,175,9,0,1,0,product_mng,medium
0.25,0.86,4,242,2,0,1,0,marketing,medium
0.09,0.66,5,298,4,0,0,0,technical,low
0.35,0.36,5,283,9,0,1,0,RandD,low
0.18,0.92,7,296,10,0,0,0,hr,low
0.16,0.85,2,221,3,0,0,0,management,low
0.63,0.36,5,248,2,0,0,0,technical,low
0.72,0.88,2,229,2,0,1,1,management,medium
0.28,0.63,7,150,9,0,0,0,marketing,low
0.49,0.86,5,133,8,0,1,0,finance,low
0.14,0.85,5,267,10,0,0,0,finance,medium
0.29,0.5,4,273,7,0,0,0,IT,low
0.24,0.36,6,258,2,0,0,0,technical,low
0.48,0.46,5,270,6,0,1,0,management,low
0.51,0.74,6,149,3,0,0,0,support,medium
0.33,0.45,3,178,9,0,1,0,marketing,low
0.21,0.51,7,145,8,0,1,0,IT,low
0.24,0.55,2,173,6,0,0,0,management,medium
0.43,0.41,4,154,8,0,0,0,product_mng,low
0.1,0.71,4,208,6,1,0,0,product_mng,medium
0.43,0.94,2,293,6,0,1,0,finance,medium
0.12,0.7,7,290,3,0,0,0,support,low
0.73,0.36,6,281,5,0,1,0,support,medium
0.3,0.87,5,162,4,0,0,0,support,medium
0.28,0.83,4,154,5,0,1,0,IT,low
0.56,0.52,5,267,3,0,1,0,IT,low
0.67,0.84,5,100,2,0,0,0,product_mng,medium
0.12,0.79,5,180,9,0,1,0,RandD,low
0.2,0.83,2,300,3,0,0,0,technical,low
0.26,0.57,7,145,4,0,0,0,management,high
0.1,0.36,7,164,3,0,1,0,management,medium
0.32,0.68,7,195,5,0,1,0,marketing,medium
0.02,0.74,7,241,9,0,0,0,finance,medium
0.67,0.65,6,150,5,0,1,0,technical,medium
0.35,0.5,3,285,10,0,0,0,product_mng,low
0.28,0.57,4,246,10,1,0,0,RandD,medium
0.15,0.78,3,139,5,0,0,0,IT,low
0.26,0.59,2,150,6,0,0,0,marketing,low
0.47,0.49,5,279,4,0,0,0,technical,medium
0.15,0.48,7,220,6,0,0,0,sales,low
0.36,0.61,5,109,10,0,0,0,marketing,medium
0.6,0.88,5,113,3,1,0,0,product_mng,medium
0.39,0.63,3,293,5,0,0,0,support,medium
0.76,0.79,5,247,4,0,0,0,hr,low
0.39,0.37,2,228,2,1,0,0,technical,low
0.17,0.84,4,186,5,0,0,0,IT,medium
0.11,0.72,4,222,8,0,1,0,RandD,low
0.46,0.57,4,281,8,1,0,0,finance,medium
0.67,0.87,5,237,6,0,0,0,sales,medium
0.14,0.36,2,180,6,0,0,0,product_mng,low
0.2,0.94,2,308,7,0,1,0,IT,medium
0.26,0.43,5,125,10,0,0,0,sales,medium
0.23,0.37,6,287,3,0,0,0,IT,medium
0.75,0.62,4,225,4,0,0,0,product_mng,low
0.48,0.66,3,304,2,0,1,0,product_mng,medium
0.07,0.55,4,308,9,0,0,0,finance,low
0.85,0.53,5,105,7,1,0,0,management,low
0.11,0.4,2,218,4,0,0,0,sales,medium
0.11,0.41,3,196,6,0,0,0,IT,low
0.68,0.59,3,253,7,0,1,0,product_mng,medium
0.45,0.7,7,101,2,0,1,0,management,low
0.59,0.7,2,173,4,0,0,0,hr,low
0.24,0.36,4,248,5,1,0,0,sales,medium
0.85,0.52,5,101,3,0,0,0,product_mng,low
0.53,0.51,7,245,5,0,0,0,management,medium
0.58,0.79,2,133,9,0,0,0,support,medium
0.45,0.44,5,156,7,0,0,0,sales,low
0.28,0.95,3,221,8,0,0,0,management,low
0.34,0.87,4,209,3,0,0,0,management,low
0.17,0.73,5,305,3,0,0,0,sales,low
0.4,0.77,3,164,6,0,0,0,sales,low
0.08,0.87,7,296,2,1,1,0,sales,medium
0.78,0.56,5,115,2,0,1,0,marketing,low
0.18,0.36,2,197,3,1,1,0,hr,low
0.1,0.42,5,113,4,0,1,0,IT,low
0.18,0.55,6,294,7,0,0,0,RandD,medium
0.36,0.55,2,209,6,0,0,0,technical,low
0.12,0.78,3,202,5,0,0,0,support,low
0.38,0.6,7,145,10,1,1,0,marketing,medium
0.19,0.67,7,111,10,0,0,0,marketing,low
0.28,0.36,7,292,9,0,0,0,sales,high
0.57,0.55,3,289,10,0,0,0,product_mng,low
0.33,0.45,5,238,7,0,0,0,support,low
0.27,0.86,5,190,9,0,0,0,sales,medium
0.3,0.53,3,140,4,0,0,0,technical,low
0.29,0.81,3,165,9,1,0,0,management,low
0.23,0.69,4,116,2,0,0,0,IT,high
0.61,0.71,3,238,2,0,0,0,RandD,medium
0.1,0.8,5,183,6,0,1,0,marketing,medium
0.29,0.61,5,111,3,0,0,0,RandD,medium
0.34,0.54,3,153,5,0,1,0,RandD,low
0.3,0.39,7,283,4,0,0,0,support,medium
0.29,0.44,3,240,6,0,0,0,IT,medium
0.29,0.65,7,197,3,1,0,0,technical,low
0.39,0.57,6,157,3,0,0,0,sales,medium
0.36,0.51,7,226,6,0,0,0,marketing,medium
0.52,0.39,4,190,5,0,0,0,marketing,low
0.21,0.47,4,118,7,0,1,0,IT,medium
0.26,0.78,4,104,3,0,1,0,product_mng,medium
0.02,0.59,7,202,10,0,1,1,technical,medium
0.17,0.72,2,236,9,0,0,0,marketing,low
0.3,0.54,2,174,2,0,0,0,marketing,low
0.66,0.39,7,219,4,0,1,0,finance,medium
0.5,0.75,7,118,2,0,0,0,marketing,medium
0.36,0.8,7,130,7,0,0,0,management,low
0.18,0.62,2,129,7,0,0,1,hr,low
0.48,0.76,7,201,2,0,0,0,hr,medium
0.76,0.66,3,113,5,0,0,0,finance,medium
0.08,0.76,3,176,2,0,0,0,support,low
0.51,0.36,7,280,3,0,1,0,sales,medium
0.05,0.58,6,190,5,0,0,0,sales,low
0.47,0.83,7,222,6,0,0,0,management,medium
0.62,0.47,6,263,7,0,0,0,technical,medium
0.15,0.77,4,121,6,0,0,0,technical,high
0.07,0.53,4,109,8,0,1,0,marketing,medium
0.11,0.43,2,143,9,0,1,0,RandD,medium
0.46,0.55,2,131,8,0,0,0,product_mng,low
0.7,0.8,3,198,4,0,0,0,sales,medium
0.12,0.36,3,161,3,0,0,0,IT,low
0.58,0.49,3,107,7,0,0,0,hr,low
0.15,0.65,5,254,2,0,0,0,management,medium
0.59,0.38,2,114,2,0,0,0,marketing,low
0.39,0.68,2,235,10,0,0,0,sales,medium
0.59,0.55,4,220,4,1,1,1,product_mng,medium
0.28,0.77,2,146,4,0,0,0,marketing,low
0.29,0.61,7,297,4,0,0,0,RandD,low
0.53,0.36,2,142,7,0,1,0,product_mng,medium
0.44,0.49,5,198,6,0,0,0,technical,medium
0.69,0.55,6,152,5,0,0,0,sales,low
0.58,0.83,2,178,10,0,0,0,sales,low
0.48,0.36,5,128,4,0,0,0,management,high
0.54,0.6,7,297,9,0,0,0,sales,medium
0.4,0.51,5,294,7,0,0,0,RandD,low
0.29,0.85,5,199,8,0,1,1,management,low
0.19,0.79,4,297,3,0,1,0,RandD,medium
0.52,0.36,7,156,4,0,0,0,marketing,medium
0.79,0.51,7,279,4,0,0,0,technical,low
0.06,0.61,7,166,10,1,1,1,support,low
0.61,0.47,3,183,10,0,0,0,finance,high
0.64,0.91,2,233,5,0,0,0,IT,medium
0.21,0.68,5,235,2,0,0,0,sales,medium
0.61,0.44,7,185,6,0,0,0,finance,low
0.34,0.61,4,180,9,0,0,0,RandD,medium
0.26,0.78,2,114,3,1,0,0,RandD,medium
0.87,0.36,5,149,6,1,0,0,RandD,low
0.55,0.36,7,196,7,0,0,0,support,medium
0.24,0.89,7,261,7,0,1,0,technical,medium
0.1,0.51,2,171,7,0,0,0,product_mng,medium
0.15,0.62,5,279,5,0,0,0,IT,low
0.31,0.76,2,271,9,0,0,0,RandD,low
0.23,0.71,2,280,9,0,0,0,support,low
0.58,0.88,7,301,3,0,0,0,IT,medium
0.58,0.69,7,178,3,0,0,0,IT,low
0.25,0.48,3,224,10,0,1,0,support,medium
0.5,0.64,7,226,4,0,0,0,hr,medium
0.19,0.82,2,100,6,0,0,0,sales,low
